# Blender 4.4.3
# www.blender.org
o bunny_watertight
v -0.044459 0.113014 0.002368
v -0.067922 0.134938 0.037796
v -0.001565 0.114080 0.024123
v 0.033738 0.097042 0.026816
v -0.032838 0.159086 -0.002358
v 0.007532 0.115407 0.018149
v 0.037615 0.083653 -0.009411
v -0.090168 0.124619 0.023220
v -0.084158 0.093740 0.025344
v -0.030624 0.109444 0.003327
v -0.078019 0.078327 -0.011826
v 0.024715 0.107483 0.022954
v -0.090679 0.105736 0.006105
v 0.040736 0.083932 -0.003659
v -0.085771 0.100738 0.000191
v -0.034900 0.111672 0.009505
v 0.013722 0.111184 0.027875
v 0.016596 0.106539 0.031193
v -0.041194 0.149289 0.004172
v 0.043407 0.082616 0.016163
v -0.024364 0.140666 -0.004520
v -0.068756 0.130349 0.042153
v -0.074839 0.110906 0.052975
v -0.092264 0.100155 0.036717
v 0.039029 0.079873 -0.008095
v -0.008426 0.107123 0.034601
v 0.028073 0.077492 0.044202
v -0.012788 0.147672 -0.012552
v -0.044092 0.150640 0.004084
v -0.043575 0.153235 0.001551
v -0.089503 0.120006 0.024961
v 0.032080 0.088781 0.035004
v -0.075694 0.125951 0.047055
v -0.085248 0.093919 0.006033
v -0.022982 0.110034 0.003118
v -0.051118 0.141498 0.009856
v -0.090824 0.119050 0.019488
v -0.033472 0.161944 -0.007403
v 0.041180 0.088999 0.004836
v -0.091528 0.112881 0.033642
v -0.027975 0.162859 -0.006244
v -0.073253 0.130589 0.043007
v 0.042836 0.078524 0.025325
v -0.070933 0.139839 0.007481
v -0.008973 0.111882 0.027320
v -0.063875 0.138559 0.030568
v -0.070339 0.138845 0.030113
v 0.020261 0.106164 0.031099
v -0.055682 0.025342 0.046682
v -0.013600 0.146136 -0.012224
v -0.036088 0.111739 0.004215
v -0.069157 0.125393 0.045433
v -0.076200 0.148032 -0.018707
v -0.016093 0.100991 0.037131
v -0.081570 0.093702 0.029231
v -0.035283 0.156198 -0.000093
v -0.037819 0.154611 0.001327
v -0.091517 0.129937 0.024361
v -0.090867 0.109966 0.005930
v 0.029361 0.101881 0.027175
v 0.029534 0.086579 -0.015689
v 0.000678 0.096491 0.042293
v 0.004278 0.115925 0.012134
v -0.060569 0.135004 0.035448
v 0.021062 0.023563 0.041456
v 0.016815 0.078372 0.048332
v 0.010195 0.114161 0.022371
v -0.003048 0.115304 0.015275
v -0.071708 0.150038 -0.018246
v -0.063695 0.139373 0.007453
v -0.046416 0.116747 0.019218
v -0.040017 0.157477 -0.003323
v -0.052814 0.027559 0.045358
v -0.002640 0.115378 0.009984
v -0.006671 0.106277 -0.011543
v -0.044818 0.027408 0.043296
v -0.041879 0.026208 0.042754
v -0.033993 0.109539 0.020372
v -0.081018 0.134807 0.034514
v -0.003835 0.111469 0.029787
v -0.089831 0.075997 0.013778
v -0.084006 0.093922 0.003350
v 0.039829 0.090936 0.016491
v -0.047990 0.140940 0.009231
v -0.021375 0.142342 -0.005035
v 0.041208 0.085094 0.022724
v -0.025693 0.099376 0.033899
v -0.076110 0.098504 0.050584
v 0.003389 0.026155 0.045901
v 0.007236 0.027943 0.045385
v -0.045368 0.143493 0.007252
v -0.075252 0.116300 0.052295
v -0.062086 0.140149 0.021839
v 0.029361 0.103735 0.023541
v 0.038368 0.088961 -0.001752
v -0.075720 0.103435 0.053014
v -0.070273 0.080423 -0.015957
v -0.075720 0.076310 -0.013991
v -0.026483 0.165263 -0.008047
v -0.025225 0.163916 -0.009047
v -0.061517 0.138986 0.003679
v -0.076086 0.132893 0.040139
v -0.073059 0.148519 -0.015713
v -0.076898 0.082444 0.036718
v 0.038974 0.085359 -0.006346
v -0.040613 0.029219 0.041445
v -0.038808 0.026908 0.041441
v -0.067179 0.145837 -0.013627
v -0.030624 0.019997 0.051597
v -0.028331 0.027845 0.051026
v -0.023660 0.029439 0.052794
v 0.022031 0.109421 0.022717
v -0.010458 0.026564 0.049857
v 0.011582 0.029382 0.044502
v -0.035276 0.156901 -0.013394
v -0.064644 0.117387 0.040960
v -0.094357 0.105775 0.023965
v 0.045400 0.073031 0.002529
v -0.076384 0.097532 -0.005077
v -0.046702 0.146702 -0.007708
v -0.051120 0.050718 0.036513
v -0.038774 0.077047 -0.023422
v -0.085015 0.135441 0.029151
v -0.065640 0.139992 -0.007011
v -0.071273 0.143825 -0.006481
v -0.069187 0.137135 0.034252
v -0.057094 0.029138 0.043955
v -0.046936 0.028249 0.042935
v -0.038177 0.027958 0.040994
v -0.026229 0.108553 -0.000256
v -0.029752 0.109576 0.005801
v -0.020699 0.029786 0.052653
v -0.015712 0.029754 0.050582
v -0.008231 0.029648 0.047777
v -0.005715 0.029899 0.047126
v -0.002687 0.028447 0.046669
v 0.002626 0.028247 0.045925
v 0.005480 0.098438 0.040504
v -0.019414 0.098264 0.038426
v -0.045901 0.114868 0.021459
v -0.080046 0.114407 0.052915
v -0.050550 0.136185 0.011949
v -0.000455 0.088980 -0.022143
v 0.026524 0.104991 0.025719
v -0.037798 0.151139 0.001923
v -0.072851 0.121479 0.049173
v -0.019739 0.077496 0.052889
v -0.003793 0.082196 0.052112
v -0.068763 0.143485 -0.007489
v -0.013826 0.111366 0.025284
v -0.051727 0.030190 0.042542
v -0.043582 0.031358 0.040293
v -0.005157 0.083898 0.049219
v -0.091373 0.099493 0.032813
v -0.024482 0.032593 0.049903
v -0.012599 0.031464 0.047925
v -0.000669 0.029708 0.046938
v 0.003223 0.031726 0.050334
v 0.006665 0.030437 0.048830
v 0.010469 0.030679 0.046882
v -0.032054 0.100565 0.032277
v 0.043381 0.069258 -0.004827
v -0.047132 0.141324 -0.007645
v -0.030520 0.074670 -0.025028
v 0.036883 0.093961 0.023758
v 0.008482 0.113102 0.026688
v -0.043773 0.111506 0.018775
v -0.029272 0.109855 0.011608
v -0.063128 0.136430 -0.008371
v -0.023788 0.073700 0.052331
v -0.054815 0.031472 0.041183
v -0.049692 0.031844 0.039639
v -0.035790 0.031524 0.039846
v -0.027877 0.030894 0.049804
v -0.019585 0.031510 0.050663
v -0.015963 0.033516 0.047433
v -0.009520 0.031150 0.047762
v -0.031336 0.097975 0.034561
v -0.065748 0.131058 0.039674
v -0.081001 0.077857 -0.008664
v 0.039089 0.030887 0.031658
v -0.048154 0.145706 0.006979
v 0.033475 0.099261 0.023587
v -0.025135 0.167190 -0.010536
v -0.012014 0.113973 0.013472
v -0.019732 0.111932 0.012712
v -0.068737 0.147379 -0.014272
v -0.063859 0.136250 -0.003171
v -0.047155 0.032770 0.038889
v -0.026652 0.033408 0.047555
v -0.017919 0.033333 0.047286
v -0.005878 0.033440 0.050744
v 0.000511 0.033834 0.051914
v 0.007748 0.034330 0.051315
v 0.045435 0.076964 0.006278
v -0.073152 0.105879 0.053737
v -0.058132 0.139710 0.014668
v -0.064255 0.130173 0.038735
v -0.060157 0.130996 0.036758
v -0.077899 0.114555 0.053209
v 0.043471 0.079398 0.023320
v -0.022406 0.167204 -0.011434
v -0.026150 0.110183 0.012387
v -0.072931 0.141888 -0.003707
v -0.054528 0.033203 0.036942
v -0.050983 0.033185 0.037255
v -0.037960 0.036762 0.039062
v -0.035865 0.033357 0.038947
v -0.006962 0.085251 0.044580
v -0.021248 0.034161 0.046240
v -0.012390 0.034966 0.050664
v -0.008240 0.035739 0.051809
v -0.000987 0.035625 0.054012
v 0.001476 0.037167 0.053507
v 0.004707 0.036165 0.053442
v -0.062325 0.133232 -0.011683
v -0.062238 0.143754 -0.021296
v -0.025831 0.076641 -0.031566
v -0.072691 0.112846 0.052046
v -0.061132 0.125686 -0.005251
v 0.030982 0.100301 -0.002184
v 0.032973 0.030652 0.030558
v 0.035159 0.034404 0.031493
v -0.039554 0.098967 0.033988
v -0.087893 0.109946 0.000039
v 0.025075 0.086986 0.041313
v -0.087376 0.104956 -0.001018
v -0.029076 0.164644 -0.012385
v -0.075840 0.079268 0.038497
v -0.038343 0.109169 0.023022
v -0.050167 0.034559 0.036172
v -0.043430 0.034458 0.039422
v -0.032877 0.035817 0.037500
v -0.024720 0.035394 0.042658
v -0.021987 0.035425 0.044176
v -0.019883 0.035258 0.046170
v -0.014623 0.036295 0.049765
v 0.045161 0.071535 0.020208
v -0.077270 0.108773 0.052566
v -0.078697 0.120073 0.050730
v 0.041807 0.035126 0.032751
v -0.070002 0.099885 0.051969
v -0.080770 0.124629 0.046462
v -0.073202 0.140182 0.023506
v -0.043516 0.107364 0.024415
v -0.047513 0.036828 0.036993
v -0.042838 0.036840 0.039356
v -0.064050 0.141965 -0.013193
v -0.024182 0.036639 0.041429
v -0.016543 0.038109 0.050378
v -0.013594 0.041220 0.051504
v -0.004518 0.038016 0.053959
v -0.000865 0.038290 0.055057
v 0.010674 0.038446 0.052435
v -0.011261 0.104600 0.036418
v 0.038188 0.040096 0.031328
v -0.058006 0.137296 0.031241
v 0.013283 0.108157 0.032244
v -0.076301 0.136318 0.034630
v -0.073525 0.140364 0.014982
v -0.033313 0.039921 0.037740
v -0.028996 0.038141 0.036147
v -0.021792 0.038779 0.045062
v -0.011599 0.040759 0.052578
v -0.006312 0.040517 0.053874
v 0.002674 0.041379 0.053826
v 0.007231 0.040076 0.052855
v -0.081663 0.109541 0.052119
v -0.079394 0.110976 0.053154
v -0.083795 0.113073 0.051134
v -0.061789 0.138171 -0.018460
v -0.010994 0.166322 -0.028000
v -0.077468 0.154814 -0.035262
v -0.030399 0.160544 -0.004150
v -0.089635 0.081570 0.012522
v -0.088309 0.085845 0.008682
v -0.017508 0.112111 0.006266
v -0.076471 0.139195 0.006809
v -0.044408 0.042158 0.039321
v -0.042036 0.043185 0.040317
v -0.008574 0.113978 0.021223
v -0.079335 0.154208 -0.040664
v -0.002991 0.042734 0.053787
v 0.000606 0.042221 0.054632
v 0.011440 0.040494 0.052474
v 0.010111 0.115271 0.012230
v -0.036765 0.099600 0.032564
v -0.024146 0.109550 0.018414
v 0.041158 0.040897 0.031728
v 0.046541 0.040131 0.032255
v -0.028616 0.077290 -0.025418
v -0.030712 0.101856 -0.013036
v 0.018719 0.109928 0.024147
v -0.077537 0.158288 -0.042069
v -0.076357 0.138853 0.027953
v -0.035483 0.111368 0.015209
v -0.038939 0.042567 0.040381
v -0.026971 0.040927 0.037449
v -0.024934 0.106615 0.025643
v -0.082573 0.137306 0.027045
v -0.009525 0.043996 0.055271
v 0.007011 0.042389 0.053401
v 0.010459 0.044364 0.052545
v -0.017350 0.103900 0.034738
v 0.009054 0.106550 0.035170
v -0.063199 0.140341 -0.038993
v 0.040662 0.087998 0.000515
v -0.092489 0.107770 0.030628
v 0.046348 0.042884 0.031959
v 0.011987 0.097395 0.038582
v -0.022735 0.168805 -0.012338
v -0.028791 0.042987 0.036681
v -0.015993 0.045777 0.052844
v -0.005669 0.045160 0.055876
v 0.004270 0.044812 0.055992
v -0.018123 0.107348 0.029292
v -0.082116 0.117143 0.050832
v -0.079420 0.106672 0.051089
v -0.028657 0.103457 0.029383
v -0.036118 0.046339 0.041011
v -0.033887 0.042938 0.038788
v -0.008912 0.114156 0.006918
v -0.003854 0.046653 0.055958
v -0.001101 0.045255 0.056282
v 0.000276 0.102462 0.039197
v -0.021534 0.104613 0.031654
v -0.053321 0.129807 0.023070
v -0.081861 0.138974 0.015735
v 0.012341 0.114361 0.018018
v -0.062292 0.137307 -0.030052
v -0.045549 0.109217 -0.008856
v -0.068968 0.121273 -0.008171
v -0.083378 0.099018 -0.001296
v -0.023198 0.143806 -0.002280
v -0.062028 0.155006 -0.052913
v -0.091257 0.101695 0.027950
v -0.053740 0.134811 0.025285
v -0.039399 0.045682 0.041311
v -0.026981 0.048823 0.038667
v -0.000268 0.115183 0.004780
v -0.004786 0.113427 0.025765
v -0.013488 0.046457 0.054348
v -0.009018 0.046471 0.056023
v 0.003488 0.047827 0.056785
v 0.009576 0.047057 0.054641
v -0.005701 0.102350 0.038774
v -0.052517 0.040927 0.020526
v -0.088369 0.081520 0.023133
v -0.034932 0.084028 -0.022458
v 0.041421 0.044901 0.029663
v 0.050669 0.044232 0.030310
v 0.041494 0.079156 -0.004812
v 0.041681 0.074979 -0.008707
v 0.017277 0.112334 0.018183
v -0.057926 0.043355 0.021329
v -0.057522 0.045701 0.026382
v 0.019146 0.095629 0.037982
v 0.000041 0.083145 0.050956
v -0.042636 0.046486 0.040927
v -0.028538 0.047802 0.037789
v -0.015853 0.049322 0.053580
v -0.005183 0.050348 0.056258
v -0.001846 0.048668 0.056787
v 0.013795 0.104239 0.035001
v -0.088069 0.136050 0.022228
v -0.001680 0.106038 0.036443
v -0.013853 0.107902 0.031681
v 0.040367 0.044475 0.030039
v 0.047218 0.049587 0.028255
v 0.048471 0.046121 0.030383
v 0.035802 0.093036 -0.003518
v -0.068019 0.139266 0.002265
v -0.052716 0.046362 0.030445
v -0.018036 0.111871 0.018587
v -0.037012 0.051695 0.041752
v -0.030158 0.048472 0.038194
v 0.024570 0.108319 0.019116
v -0.013739 0.049167 0.053761
v -0.010286 0.052113 0.055082
v 0.000912 0.050609 0.056331
v 0.008823 0.050771 0.054906
v 0.015468 0.099064 0.037325
v -0.076443 0.139941 -0.006949
v -0.073738 0.138842 -0.025936
v -0.084345 0.080842 -0.003215
v -0.077856 0.160070 -0.049807
v 0.004766 0.104929 0.035944
v 0.006640 0.101108 0.038577
v 0.041006 0.069979 -0.010537
v -0.046000 0.105304 0.027067
v -0.050977 0.106328 -0.010861
v 0.021870 0.092278 -0.015490
v 0.040356 0.046628 0.030124
v 0.042632 0.047217 0.028278
v -0.092351 0.101449 0.009405
v -0.078691 0.148346 -0.028213
v -0.039038 0.111791 -0.000255
v -0.022056 0.056478 0.051453
v -0.061300 0.087478 -0.018436
v -0.051290 0.048553 0.034405
v -0.041732 0.052357 0.041594
v 0.045094 0.052778 0.024574
v 0.004810 0.052888 0.055610
v -0.022889 0.101760 0.034022
v 0.001519 0.115741 0.016364
v 0.042137 0.050111 0.027735
v 0.050055 0.050803 0.027560
v 0.038685 0.092086 0.002553
v 0.015370 0.111866 0.024307
v -0.012910 0.113635 0.016503
v -0.032719 0.071778 -0.025264
v -0.043975 0.136470 -0.006600
v -0.054169 0.073922 -0.022387
v -0.044440 0.114354 0.008872
v -0.034539 0.051707 0.041166
v -0.030696 0.055103 0.039796
v -0.015706 0.051279 0.054438
v -0.013008 0.053211 0.054145
v -0.055105 0.137523 0.025664
v -0.034763 0.102584 0.030969
v -0.077642 0.140146 -0.015355
v -0.087520 0.094386 0.016817
v 0.043792 0.050217 0.026559
v 0.052370 0.048425 0.028503
v 0.042909 0.082408 0.001152
v 0.044625 0.070906 0.023384
v -0.038826 0.088095 -0.020336
v -0.060579 0.079007 -0.018989
v -0.003072 0.072417 -0.035925
v -0.062606 0.095128 -0.014814
v -0.004247 0.087178 -0.023200
v -0.066232 0.148193 -0.019359
v -0.003045 0.052972 0.056784
v 0.002165 0.053206 0.055934
v 0.009010 0.055317 0.055606
v -0.083989 0.084032 -0.003768
v -0.075436 0.140078 -0.003250
v -0.069486 0.107778 0.053138
v -0.010662 0.112754 0.024202
v -0.059752 0.105889 -0.008709
v -0.006914 0.089429 -0.022814
v 0.009803 0.087763 -0.020455
v -0.028375 0.109134 0.017537
v -0.006713 0.056524 0.058275
v -0.003620 0.057072 0.058684
v 0.006016 0.058538 0.056759
v 0.012629 0.099601 0.037386
v -0.047193 0.100935 0.031581
v -0.013802 0.102090 0.037551
v -0.088983 0.086001 0.016146
v 0.027470 0.088784 0.038287
v -0.089631 0.082503 0.016937
v -0.078512 0.099926 -0.004912
v -0.071537 0.099906 -0.007792
v -0.072141 0.096106 -0.008926
v -0.044091 0.054951 0.042164
v -0.039425 0.057439 0.042056
v -0.029296 0.059156 0.040927
v 0.044039 0.054201 0.024848
v -0.015470 0.057665 0.055534
v -0.012143 0.055998 0.055697
v 0.000236 0.056629 0.057508
v -0.002638 0.098308 0.041493
v -0.047576 0.148928 0.004633
v -0.071956 0.102632 0.053413
v -0.039810 0.103115 0.030668
v 0.041167 0.089226 0.008975
v 0.049908 0.054768 0.023631
v -0.062733 0.151350 -0.044877
v 0.006516 0.073179 -0.033147
v -0.052171 0.137308 -0.003890
v -0.076570 0.111776 -0.007858
v -0.077470 0.054815 0.022666
v -0.043941 0.074009 -0.022172
v -0.010191 0.090463 -0.022677
v -0.047421 0.058197 0.042024
v -0.010261 0.058613 0.056811
v -0.008775 0.100144 0.039899
v -0.093042 0.102076 0.024233
v -0.084216 0.091809 0.024605
v -0.094291 0.105974 0.015930
v -0.094836 0.107425 0.019797
v -0.001012 0.084428 0.047973
v -0.052285 0.070161 -0.021564
v -0.051024 0.058132 0.042376
v -0.045663 0.058458 0.042159
v -0.034405 0.059377 0.041836
v -0.018919 0.060476 0.055291
v -0.014293 0.059518 0.056451
v -0.000339 0.060768 0.058542
v 0.002542 0.058988 0.056375
v 0.008559 0.059712 0.056268
v -0.027583 0.102936 0.030493
v -0.069420 0.104157 0.053152
v -0.060966 0.152461 -0.060448
v -0.074329 0.127835 -0.007389
v 0.043845 0.082758 0.010867
v 0.009676 0.110008 0.031045
v -0.035682 0.157770 -0.001149
v -0.079208 0.053984 0.014520
v -0.057774 0.059995 0.042764
v -0.054235 0.059356 0.042142
v -0.041107 0.061892 0.043338
v -0.038243 0.106446 0.027974
v -0.010949 0.061798 0.057694
v -0.008017 0.060796 0.057603
v -0.004369 0.060607 0.058769
v -0.064503 0.158924 -0.051397
v 0.038341 0.074040 -0.013068
v -0.062846 0.019455 0.042740
v -0.085914 0.123555 0.002635
v -0.094654 0.110034 0.020699
v -0.049353 0.125202 0.011582
v -0.048058 0.151774 -0.002866
v -0.052228 0.063827 0.043960
v -0.048945 0.061718 0.043948
v -0.035950 0.061597 0.042016
v -0.030892 0.061837 0.041043
v -0.031476 0.161777 -0.004673
v 0.004427 0.063173 0.055899
v -0.083334 0.095896 0.001398
v -0.082286 0.094675 0.031337
v -0.069488 0.140478 -0.051252
v -0.086000 0.079985 0.000057
v -0.061790 0.144558 -0.036466
v -0.012159 0.082323 0.050327
v -0.063869 0.061421 0.041599
v -0.060601 0.063796 0.042931
v -0.044690 0.064127 0.042150
v -0.018377 0.064878 0.057474
v -0.009567 0.064470 0.058198
v -0.006275 0.063673 0.057658
v 0.002500 0.064287 0.056791
v 0.036543 0.095859 0.004083
v -0.080985 0.081365 -0.007255
v -0.066372 0.140038 0.025537
v -0.077734 0.139956 0.016089
v -0.056572 0.139071 0.020037
v -0.026477 0.073360 -0.034568
v -0.055135 0.065299 0.045142
v -0.046467 0.065753 0.043587
v -0.038698 0.063615 0.042961
v -0.032869 0.066436 0.041653
v -0.030327 0.064334 0.042163
v -0.001587 0.065239 0.057565
v 0.009236 0.065341 0.054975
v -0.044168 0.110225 0.020041
v -0.042226 0.111514 0.017013
v -0.064148 0.065352 0.043687
v -0.042378 0.065877 0.042100
v -0.031792 0.069190 0.042070
v -0.025765 0.106639 -0.005819
v -0.017577 0.067333 0.057767
v -0.015027 0.067220 0.056950
v -0.008895 0.069114 0.057584
v -0.006158 0.067767 0.056880
v 0.007188 0.068510 0.056511
v -0.075685 0.093154 -0.007990
v -0.077621 0.096996 0.047433
v -0.076889 0.132550 -0.006955
v -0.034897 0.110330 -0.000727
v -0.074698 0.145884 -0.033008
v -0.057930 0.069385 0.044142
v -0.051157 0.066527 0.044437
v -0.041579 0.068793 0.042722
v -0.039507 0.067251 0.043666
v -0.036762 0.068611 0.044013
v -0.085919 0.089334 0.004621
v -0.090092 0.099681 0.028695
v -0.086604 0.083310 0.003004
v -0.019279 0.068330 0.057378
v -0.003119 0.068256 0.057519
v 0.002057 0.069089 0.057550
v -0.079697 0.123701 -0.004347
v -0.008734 0.154276 -0.023778
v 0.009562 0.108455 -0.008516
v -0.045923 0.097458 0.035004
v -0.039586 0.152953 0.002548
v -0.037403 0.110919 0.018512
v -0.071804 0.139787 0.003220
v -0.003650 0.085417 0.043867
v -0.053536 0.070322 0.045449
v -0.046491 0.068542 0.044627
v -0.042934 0.069363 0.042909
v -0.030281 0.071173 0.043709
v -0.012492 0.069490 0.057309
v -0.078526 0.102021 0.050875
v -0.067931 0.071119 0.043715
v -0.061959 0.069189 0.044427
v -0.049958 0.069901 0.045632
v -0.034370 0.070741 0.042673
v -0.065286 0.160501 -0.060865
v -0.093222 0.111718 0.012950
v 0.004477 0.070787 0.057016
v -0.083309 0.106789 0.049303
v -0.023879 0.165898 -0.010056
v -0.070795 0.141277 -0.001696
v -0.062551 0.073524 0.045532
v -0.058989 0.072156 0.044930
v -0.054979 0.073220 0.044972
v -0.017096 0.071974 0.056534
v -0.011527 0.074141 0.056411
v -0.008663 0.073833 0.057126
v -0.006751 0.074897 0.056967
v 0.000712 0.072979 0.056383
v -0.028646 0.164610 -0.007313
v 0.018006 0.071810 0.049570
v 0.021330 0.070787 0.049360
v -0.069245 0.064340 0.040858
v -0.010696 0.109389 -0.007171
v -0.081041 0.085537 0.031724
v -0.085900 0.076346 0.001658
v -0.077914 0.141653 -0.020014
v -0.057623 0.072469 0.044459
v -0.048962 0.071927 0.045557
v -0.042836 0.072596 0.042540
v -0.038214 0.074244 0.043503
v 0.005819 0.115528 0.006874
v -0.016251 0.076697 0.055351
v -0.005553 0.076903 0.056260
v 0.006464 0.074472 0.054926
v -0.061599 0.138964 -0.022942
v -0.066482 0.140197 0.013495
v -0.028507 0.094526 -0.018369
v -0.071051 0.071539 0.041762
v -0.053270 0.074209 0.044803
v -0.036053 0.073861 0.043410
v -0.033975 0.074716 0.044481
v -0.029461 0.075913 0.044058
v -0.027539 0.073522 0.046864
v 0.019984 0.111233 0.015691
v -0.013740 0.075235 0.056585
v 0.012003 0.075611 0.053111
v -0.001498 0.074799 -0.034986
v 0.018559 0.075505 0.047876
v -0.068247 0.140714 -0.003479
v -0.072818 0.073707 0.041256
v -0.072416 0.077596 0.041500
v -0.087333 0.121154 0.004362
v -0.060429 0.076634 0.045291
v -0.047560 0.075983 0.043731
v -0.040002 0.079947 0.042354
v -0.026794 0.076581 0.045463
v 0.022337 0.075535 0.048068
v -0.001656 0.104575 -0.012613
v -0.009458 0.162588 -0.028481
v -0.010999 0.148652 -0.015828
v 0.035627 0.097300 0.018097
v -0.068614 0.140532 0.020625
v -0.066217 0.138571 -0.002169
v -0.080742 0.105023 -0.004939
v -0.067911 0.076944 0.042501
v -0.062340 0.078624 0.044426
v -0.055874 0.076025 0.045364
v -0.050547 0.075663 0.044199
v -0.042361 0.075548 0.042560
v -0.036714 0.077457 0.044230
v 0.031112 0.102895 0.016598
v 0.002529 0.078330 0.054711
v -0.089581 0.124397 0.030480
v -0.049485 0.127794 0.008583
v -0.005081 0.108728 0.033176
v -0.089529 0.077178 0.020614
v -0.093095 0.106824 0.036782
v -0.076960 0.138186 0.002403
v -0.057924 0.078659 0.044925
v -0.053314 0.078832 0.043761
v -0.049122 0.079313 0.044836
v -0.045742 0.079543 0.043340
v -0.041347 0.081251 0.042003
v -0.032989 0.080096 0.044582
v -0.026958 0.078124 0.044968
v -0.015009 0.079723 0.053081
v -0.009990 0.079615 0.054508
v 0.009198 0.079259 0.051282
v -0.062323 0.161995 -0.059325
v -0.009298 0.152440 -0.019877
v 0.044462 0.080883 0.006085
v -0.058575 0.133858 0.034572
v -0.047045 0.091373 -0.019169
v -0.069788 0.079257 0.042233
v -0.028217 0.079044 0.045241
v -0.030649 0.109535 0.017570
v 0.004482 0.109588 0.032211
v -0.000171 0.080398 0.053860
v 0.005329 0.080493 0.052195
v 0.012921 0.081659 0.048449
v 0.019061 0.080616 0.047170
v -0.086762 0.091715 0.013049
v -0.085072 0.119196 0.000336
v -0.064302 0.081528 0.042380
v -0.058370 0.082177 0.042983
v -0.025864 0.079917 0.043714
v 0.004112 0.082267 0.050474
v -0.089835 0.117889 0.030438
v -0.039156 0.107572 -0.009857
v -0.046051 0.076524 -0.021710
v -0.041476 0.112954 0.011271
v -0.022187 0.107992 0.023907
v -0.054371 0.081280 0.043289
v -0.049807 0.083434 0.043557
v -0.046446 0.083814 0.042399
v -0.035577 0.082862 0.042878
v -0.054537 0.138495 0.014283
v -0.008465 0.083382 0.050183
v -0.062314 0.146741 -0.044417
v 0.006242 0.083568 0.047658
v 0.009026 0.082763 0.048423
v -0.053401 0.144245 0.007210
v 0.001832 0.113769 0.025679
v -0.042876 0.113305 0.007817
v -0.074615 0.135430 -0.029636
v -0.067722 0.085312 0.040878
v -0.061332 0.084447 0.042508
v -0.031830 0.083561 0.043812
v -0.028657 0.083719 0.043265
v -0.025676 0.083737 0.044380
v -0.021190 0.082058 0.044831
v -0.078234 0.145532 -0.023137
v -0.010055 0.156407 -0.027847
v -0.051263 0.132588 0.014540
v 0.014378 0.086381 0.046930
v 0.020922 0.083595 0.046131
v -0.057477 0.048602 0.032751
v -0.050649 0.077744 -0.021666
v -0.064884 0.085561 0.041944
v -0.056281 0.084889 0.043082
v -0.052913 0.084525 0.042267
v -0.043746 0.089398 0.041289
v -0.040367 0.086901 0.040456
v -0.038006 0.085250 0.041294
v -0.021503 0.085393 0.044310
v -0.017316 0.083699 0.043948
v -0.011234 0.085137 0.044224
v 0.002951 0.084335 0.046389
v 0.007545 0.085969 0.046454
v 0.012038 0.085517 0.047713
v -0.026090 0.155475 -0.019153
v -0.085609 0.137713 0.019251
v -0.048602 0.087377 0.040800
v -0.029166 0.087407 0.041975
v -0.026199 0.086365 0.043274
v -0.021410 0.089550 0.042650
v -0.017236 0.087462 0.043520
v -0.015856 0.088042 0.042884
v -0.007774 0.086075 0.043816
v -0.000565 0.085481 0.044547
v 0.003092 0.085814 0.044323
v -0.061458 0.141765 -0.027328
v -0.090824 0.119287 0.017202
v -0.045038 0.146196 0.006188
v -0.072999 0.086736 0.037866
v -0.057692 0.088214 0.041676
v -0.050702 0.088732 0.040247
v -0.034248 0.089323 0.039668
v -0.090964 0.122988 0.018705
v 0.000101 0.087099 0.044163
v 0.003897 0.088169 0.042909
v 0.010962 0.088879 0.044753
v -0.054043 0.091620 0.039715
v -0.046422 0.089867 0.040758
v -0.038089 0.089532 0.038702
v -0.013437 0.088798 0.043393
v -0.007840 0.090614 0.043950
v -0.001951 0.089571 0.044182
v 0.008412 0.090638 0.041597
v -0.089487 0.103452 0.003116
v 0.039189 0.089509 0.024583
v -0.051095 0.123764 0.001724
v -0.074188 0.089676 0.037088
v -0.069774 0.092083 0.037151
v -0.066004 0.091040 0.038774
v -0.031876 0.092809 0.038480
v -0.028284 0.092596 0.039047
v -0.023884 0.095394 0.038995
v -0.014808 0.093373 0.042347
v -0.010838 0.092560 0.042989
v -0.008915 0.093760 0.043190
v -0.004818 0.092115 0.043820
v 0.003857 0.089880 0.042263
v 0.018834 0.088584 0.043871
v 0.023145 0.089587 0.039780
v -0.089564 0.119864 0.031988
v -0.056408 0.097996 0.035735
v -0.065559 0.148760 -0.059277
v -0.040245 0.091731 -0.019972
v -0.061436 0.094502 0.037284
v -0.048766 0.093869 0.038337
v -0.040847 0.094446 0.037284
v -0.035352 0.093364 0.037395
v -0.017555 0.093686 0.041272
v 0.000248 0.092797 0.042890
v 0.007095 0.091900 0.041184
v 0.024443 0.092039 0.038793
v -0.066444 0.093177 0.037888
v -0.052313 0.093425 0.038188
v -0.037631 0.094325 0.036643
v 0.009746 0.092822 0.040075
v 0.014426 0.092732 0.040738
v 0.019722 0.092315 0.039782
v -0.052888 0.099203 0.034190
v -0.089906 0.120326 0.012945
v -0.034514 0.153467 -0.015070
v -0.066046 0.109885 -0.008898
v 0.007580 0.089367 -0.020923
v -0.006163 0.093383 -0.022560
v -0.036209 0.144176 -0.012979
v -0.066405 0.102487 -0.008873
v -0.068989 0.094010 0.038304
v -0.066848 0.094767 0.037971
v -0.055226 0.096605 0.035803
v -0.026425 0.096717 0.036259
v 0.004051 0.094500 0.042189
v -0.082210 0.092686 -0.000656
v -0.053968 0.055840 0.039825
v -0.042938 0.076147 -0.022817
v -0.085900 0.105360 -0.002694
v 0.007882 0.092093 -0.020064
v -0.033901 0.155861 -0.001292
v -0.060678 0.097267 0.036250
v -0.045434 0.081507 -0.021736
v -0.051377 0.080719 -0.022305
v -0.055062 0.080737 -0.021603
v 0.025481 0.101679 0.031093
v -0.079909 0.119842 -0.004150
v -0.042772 0.079796 -0.022462
v -0.059767 0.116398 -0.007171
v 0.005489 0.087925 -0.021488
v -0.057789 0.071492 -0.021257
v -0.062286 0.101232 0.041396
v -0.032391 0.150203 -0.015868
v -0.017632 0.156483 -0.022861
v -0.056917 0.133791 -0.001657
v 0.014936 0.021592 0.044099
v -0.073367 0.157997 -0.050490
v -0.049113 0.019049 0.044489
v -0.021988 0.021264 0.054011
v -0.016037 0.020395 0.051619
v -0.009067 0.022688 0.049337
v -0.002486 0.022452 0.047381
v -0.064606 0.103361 0.049112
v 0.010567 0.023629 0.044997
v 0.018829 0.027186 0.043591
v -0.051893 0.109226 0.034827
v -0.085536 0.085603 0.000842
v -0.079333 0.111292 -0.006077
v -0.077331 0.093918 0.043700
v -0.057413 0.079951 -0.021271
v -0.048075 0.105035 0.028881
v -0.051519 0.019891 0.046187
v -0.049185 0.020493 0.046067
v -0.043623 0.020184 0.044232
v -0.044209 0.114132 0.012481
v -0.002481 0.080474 -0.031231
v -0.017206 0.026582 0.052319
v -0.003268 0.026197 0.047629
v 0.023958 0.024277 0.037751
v 0.030502 0.078453 0.042200
v -0.030245 0.138040 -0.004003
v -0.063282 0.151667 -0.061019
v -0.075361 0.135685 -0.012472
v -0.067620 0.115431 0.047166
v -0.055714 0.020185 0.046699
v -0.053698 0.022968 0.047228
v -0.044457 0.022344 0.044493
v 0.027432 0.092617 0.037390
v -0.055171 0.128885 0.030484
v 0.018879 0.101605 0.035566
v 0.037031 0.070830 -0.016158
v 0.016549 0.027103 0.044337
v 0.024148 0.027610 0.039876
v 0.029354 0.024790 0.029170
v -0.020305 0.143716 -0.004793
v -0.063674 0.076816 -0.018813
v -0.068012 0.080528 -0.016340
v -0.067937 0.076296 -0.016657
v -0.030976 0.152730 -0.016745
v 0.022575 0.105048 0.030916
v -0.026616 0.142074 -0.000694
v -0.044749 0.132365 0.006526
v -0.024047 0.156862 -0.012575
v -0.034023 0.147506 -0.002967
v -0.022548 0.026416 0.054010
v -0.039341 0.135929 0.003689
v -0.056069 0.108252 0.039693
v -0.053336 0.107032 0.036892
v -0.063910 0.095869 0.037503
v 0.026434 0.027860 0.036710
v -0.065058 0.096425 0.038754
v 0.045253 0.076452 0.013210
v -0.035619 0.072448 -0.024296
v -0.018217 0.159624 -0.017113
v -0.049513 0.104825 0.032341
v -0.048271 0.026073 0.044396
v -0.026686 0.150665 -0.008706
v -0.014169 0.158393 -0.019433
v -0.043207 0.140761 0.005924
v -0.048209 0.113840 0.028191
v -0.052067 0.135664 0.014232
v -0.028998 0.152235 -0.008135
v -0.017020 0.170488 -0.019148
v -0.028954 0.155669 -0.008550
v 0.015499 0.030116 0.043603
v 0.025874 0.030575 0.038218
v -0.050632 0.114748 0.031608
v -0.083857 0.061145 0.017102
v -0.065040 0.078915 -0.018255
v 0.034354 0.079882 0.038373
v -0.064696 0.109923 0.047820
v -0.066519 0.107334 0.051239
v -0.045535 0.140213 0.007315
v -0.012256 0.167869 -0.026497
v -0.054887 0.132182 0.027741
v -0.055898 0.136103 0.029601
v -0.056322 0.121766 0.031974
v -0.035725 0.149427 -0.002396
v -0.038714 0.141473 0.005156
v -0.090993 0.097072 0.013753
v -0.042057 0.138815 0.006822
v -0.056202 0.099210 0.036019
v 0.022313 0.032384 0.040273
v 0.030704 0.030650 0.032791
v 0.048030 0.032501 0.028013
v -0.062527 0.122355 0.035917
v -0.058781 0.106411 0.040951
v -0.010939 0.158703 -0.022479
v -0.049479 0.132683 0.011323
v -0.045078 0.137391 0.008334
v -0.013829 0.165865 -0.022870
v -0.013640 0.155149 -0.017974
v -0.021004 0.154617 -0.013755
v 0.038193 0.086293 0.029012
v 0.016507 0.031365 0.043230
v 0.029367 0.032847 0.036266
v 0.030471 0.094485 0.033259
v 0.056095 0.034760 0.020539
v 0.014556 0.076556 0.051419
v 0.023356 0.097849 0.035220
v -0.061782 0.116310 0.039009
v 0.038315 0.088658 0.027495
v -0.014573 0.148381 -0.011386
v -0.049895 0.110600 0.032430
v -0.053917 0.127164 0.027026
v -0.037941 0.140132 0.004662
v -0.068638 0.096775 0.046889
v -0.019199 0.145260 -0.005389
v -0.042764 0.143978 0.004830
v -0.018827 0.165536 -0.017147
v 0.012297 0.034683 0.048728
v 0.015793 0.035818 0.046795
v 0.019249 0.032834 0.042179
v 0.027468 0.035273 0.038254
v -0.061890 0.111657 0.041824
v 0.045941 0.035572 0.031765
v -0.020542 0.142157 -0.007492
v 0.044241 0.071239 -0.002969
v -0.055101 0.125384 0.029470
v -0.056737 0.113288 0.038018
v -0.029333 0.146793 -0.003974
v -0.034626 0.142057 0.003606
v -0.028456 0.143689 0.000661
v -0.037201 0.145349 0.000139
v -0.049716 0.123948 0.005320
v 0.024170 0.036514 0.041406
v 0.024785 0.035063 0.039583
v 0.031455 0.039081 0.038297
v 0.033828 0.035382 0.032828
v 0.052453 0.036865 0.027207
v -0.066096 0.099063 0.047360
v -0.078058 0.091997 0.034262
v -0.060354 0.101907 0.039790
v -0.016411 0.144060 -0.009582
v 0.034721 0.083183 0.035933
v -0.023185 0.161817 -0.012989
v -0.068827 0.098264 0.049889
v -0.038255 0.147181 0.000127
v -0.067832 0.120827 0.045637
v -0.089594 0.123173 0.024602
v 0.015121 0.079520 -0.024091
v 0.020416 0.037092 0.046165
v -0.056580 0.102272 0.038407
v 0.049828 0.038795 0.030081
v 0.057143 0.038319 0.022676
v -0.048946 0.127474 0.005122
v -0.041026 0.133029 0.003063
v -0.047002 0.107647 0.027671
v -0.027640 0.139597 -0.002922
v -0.086743 0.089130 0.007382
v -0.018349 0.163681 -0.017614
v -0.018263 0.143345 -0.010212
v 0.020297 0.039376 0.047763
v 0.035653 0.043170 0.036440
v 0.037252 0.040314 0.031921
v 0.024226 0.081144 0.045572
v 0.045644 0.068958 0.004815
v -0.031005 0.145190 -0.001728
v -0.090215 0.123360 0.014887
v -0.031097 0.157967 -0.004026
v 0.015597 0.040980 0.049161
v 0.024490 0.041024 0.043952
v 0.028077 0.040272 0.041029
v 0.028310 0.098692 0.032279
v 0.053536 0.039810 0.028156
v -0.093153 0.115240 0.019346
v -0.075805 0.051698 0.015815
v 0.030848 0.097441 0.030645
v -0.064900 0.120808 0.040715
v -0.033048 0.151966 -0.004965
v -0.075724 0.162637 -0.052755
v -0.058114 0.131444 0.032850
v 0.019471 0.042182 0.048740
v 0.027230 0.043635 0.043549
v -0.086190 0.100125 0.047425
v -0.040380 0.144920 0.002220
v -0.063331 0.126339 0.038088
v -0.063125 0.119769 0.037643
v -0.060230 0.121726 0.034361
v 0.033340 0.044921 0.039579
v -0.032715 0.139068 0.000585
v 0.054968 0.046157 0.027716
v -0.053227 0.121828 0.028316
v -0.037206 0.134831 0.000689
v 0.012224 0.045250 0.051282
v 0.017615 0.045403 0.049091
v 0.021481 0.044807 0.047868
v 0.024496 0.045821 0.045225
v 0.030258 0.046181 0.041299
v 0.059391 0.042659 0.020489
v 0.038225 0.076976 0.034768
v -0.059245 0.125229 0.033298
v -0.034495 0.143461 0.002794
v -0.092572 0.105475 0.028603
v -0.072861 0.138930 -0.033040
v 0.039628 0.048225 0.032586
v 0.058653 0.046004 0.023023
v -0.057288 0.117678 0.036034
v -0.018480 0.151404 -0.012911
v -0.061378 0.153040 -0.056455
v -0.045313 0.130153 0.004461
v 0.015708 0.047047 0.050647
v 0.019859 0.047924 0.048019
v 0.027344 0.047485 0.043936
v -0.063234 0.098641 0.039765
v -0.053137 0.101257 0.034266
v -0.092592 0.107293 0.008707
v 0.011565 0.049376 0.053434
v 0.023459 0.050693 0.045421
v 0.030134 0.051063 0.041834
v 0.035133 0.048560 0.038958
v 0.057819 0.049520 0.023790
v -0.011334 0.150509 -0.015554
v -0.060076 0.126577 0.035771
v -0.015600 0.145956 -0.008982
v 0.020971 0.052108 0.048543
v -0.040160 0.143458 0.002553
v 0.014014 0.050276 0.052913
v 0.016800 0.053479 0.051624
v 0.033014 0.052566 0.039951
v 0.055121 0.052502 0.024885
v 0.058951 0.052457 0.020141
v -0.017622 0.146567 -0.007620
v -0.031630 0.107667 -0.003667
v -0.066828 0.103056 0.051756
v 0.029089 0.054687 0.041798
v 0.039128 0.051772 0.034114
v 0.040911 0.051364 0.029756
v 0.029416 0.084516 0.040346
v -0.069824 0.119849 0.047987
v -0.066886 0.125656 0.043347
v -0.022289 0.147310 -0.007309
v 0.014827 0.055095 0.052937
v 0.025882 0.054723 0.044164
v 0.031837 0.055956 0.040766
v 0.036895 0.055380 0.036526
v 0.033715 0.098529 0.000346
v -0.050819 0.100740 0.032807
v -0.065128 0.046814 0.024418
v 0.011480 0.057700 0.054491
v 0.022263 0.054637 0.048697
v 0.040621 0.056461 0.031794
v 0.034701 0.067774 -0.018259
v -0.023995 0.145049 -0.002582
v -0.028773 0.161920 -0.016005
v -0.020874 0.168532 -0.013287
v 0.017190 0.056669 0.051453
v -0.026822 0.139469 -0.005167
v -0.081681 0.130037 0.000006
v -0.043063 0.141917 0.004969
v 0.025145 0.058982 0.047178
v 0.031287 0.059862 0.042963
v 0.036156 0.058680 0.038315
v 0.045617 0.057435 0.020764
v -0.068324 0.046293 0.020243
v -0.083256 0.064101 0.027279
v 0.044469 0.075339 -0.000798
v 0.014036 0.061952 0.054575
v 0.015624 0.059687 0.053364
v 0.019937 0.058125 0.051255
v 0.022882 0.060631 0.049445
v 0.026614 0.060177 0.045699
v 0.043809 0.060170 0.026164
v -0.088764 0.121489 0.027062
v -0.063254 0.129489 -0.012677
v -0.052999 0.133096 0.022514
v -0.048590 0.102768 0.030879
v -0.052261 0.123710 0.023166
v 0.011388 0.062777 0.054624
v 0.017846 0.061764 0.053052
v 0.035789 0.062369 0.038765
v 0.044170 0.065695 0.025460
v -0.016236 0.087954 -0.022987
v -0.077942 0.143485 -0.023333
v 0.025005 0.064149 0.048600
v 0.027861 0.063181 0.045495
v 0.039263 0.065256 0.034616
v 0.040884 0.068221 0.032217
v 0.046016 0.062675 0.020169
v -0.061503 0.144381 -0.032958
v 0.018513 0.064446 0.052512
v 0.033456 0.064594 0.041579
v 0.046105 0.066412 0.013175
v -0.061207 0.104740 0.042053
v -0.079808 0.055086 0.007896
v 0.019431 0.066316 0.051329
v 0.021979 0.067037 0.050229
v 0.026192 0.067279 0.047005
v 0.032275 0.067734 0.042243
v 0.038819 0.079706 0.032275
v -0.080199 0.099405 0.047753
v -0.048297 0.121192 0.014412
v -0.070245 0.114803 0.050044
v 0.012197 0.066426 0.053585
v 0.029313 0.068345 0.043431
v 0.035667 0.067361 0.038370
v 0.043426 0.068934 0.027349
v -0.089904 0.133537 0.012056
v -0.063217 0.144925 -0.056829
v -0.025090 0.165899 -0.016714
v 0.015132 0.069366 0.051774
v 0.027031 0.069478 0.046473
v 0.041459 0.072043 0.029910
v 0.038257 0.072223 0.035272
v -0.074760 0.051603 0.019291
v -0.067128 0.088187 -0.014965
v 0.012714 0.072357 0.053889
v 0.024039 0.072148 0.048128
v 0.025994 0.076123 0.046039
v 0.033421 0.071492 0.041975
v 0.029269 0.074451 0.043669
v 0.035702 0.073678 0.039097
v -0.005580 0.079841 -0.032577
v -0.061509 0.108131 0.042885
v 0.032476 0.073791 0.042537
v -0.064927 0.156424 -0.047257
v -0.077364 0.141670 -0.012948
v -0.092283 0.111435 0.030284
v -0.023135 0.099408 -0.015394
v -0.061978 0.148629 -0.055580
v -0.063884 0.049086 0.030073
v 0.016139 0.074903 0.051067
v -0.075862 0.134632 -0.008267
v -0.087156 0.094921 0.008715
v -0.010805 0.159282 -0.029104
v -0.087682 0.080987 0.003675
v -0.009494 0.153716 -0.025287
v -0.064909 0.091364 -0.014548
v -0.084314 0.127330 0.004474
v 0.020812 0.019002 -0.001460
v 0.018706 0.019260 -0.007365
v 0.016991 0.019783 -0.016475
v 0.022509 0.021762 0.035219
v -0.072456 0.131892 -0.029130
v -0.061164 0.158545 -0.060930
v -0.025447 0.152120 -0.018297
v 0.046740 0.026141 0.007956
v 0.039066 0.023026 0.003152
v 0.021680 0.021111 -0.002810
v 0.020083 0.021438 -0.006485
v 0.018808 0.021439 -0.014464
v 0.015208 0.020986 -0.020363
v 0.025703 0.024038 0.032418
v -0.009493 0.160811 -0.029280
v -0.092247 0.102208 0.031050
v 0.043641 0.025765 0.002966
v 0.037993 0.024554 -0.001219
v -0.047611 0.119266 0.011423
v 0.022844 0.024602 -0.006940
v 0.020537 0.023266 -0.010999
v -0.093538 0.101356 0.019684
v -0.072466 0.128016 -0.013156
v -0.049849 0.120943 0.021014
v -0.063524 0.163164 -0.058183
v -0.061984 0.137935 -0.015709
v -0.062660 0.134471 -0.021418
v -0.062300 0.104282 -0.008997
v 0.049928 0.027833 0.011419
v 0.048589 0.029518 0.001451
v -0.087944 0.114190 0.002053
v 0.020022 0.027585 -0.021276
v -0.062362 0.147033 -0.030237
v 0.050189 0.029213 0.004944
v 0.034303 0.082926 -0.013169
v -0.035402 0.101704 -0.012841
v 0.022496 0.026570 -0.010420
v 0.022583 0.028268 -0.015342
v 0.020744 0.026619 -0.019209
v -0.081148 0.091360 -0.003535
v -0.063686 0.142778 -0.046649
v -0.071335 0.152973 -0.048831
v -0.042434 0.150775 -0.010323
v -0.008604 0.158520 -0.027306
v -0.048748 0.120427 0.006481
v -0.034355 0.136081 -0.001096
v -0.061475 0.155059 -0.061836
v 0.055500 0.033130 0.018409
v 0.055889 0.033014 0.014067
v 0.019001 0.091075 -0.016879
v -0.035953 0.019162 -0.031089
v -0.068558 0.049560 0.026236
v -0.082365 0.125818 0.000873
v -0.009519 0.151372 -0.022432
v -0.013554 0.146358 -0.014837
v -0.062949 0.145397 -0.050127
v -0.062337 0.152844 -0.049947
v -0.047773 0.117538 0.005140
v -0.052421 0.128591 0.018119
v -0.084437 0.086824 -0.000523
v -0.009636 0.150763 -0.019533
v -0.064045 0.132613 -0.025549
v 0.056419 0.033854 0.010419
v 0.055585 0.034005 0.005633
v 0.045228 0.032241 -0.004641
v 0.020230 0.082332 -0.022461
v 0.027059 0.031288 -0.015543
v 0.021565 0.030731 -0.019889
v -0.061805 0.051734 0.035098
v -0.085007 0.097243 0.045778
v -0.062765 0.143203 -0.041652
v -0.062588 0.138274 -0.013089
v 0.052522 0.033749 0.000731
v 0.047785 0.033358 -0.003822
v 0.028541 0.030252 -0.007130
v 0.020006 0.031423 -0.021456
v -0.014716 0.083872 -0.023710
v -0.025436 0.093819 -0.020131
v -0.071986 0.163055 -0.055911
v -0.086936 0.096397 0.023813
v -0.094038 0.103790 0.015169
v 0.028481 0.033364 -0.016414
v -0.008265 0.103574 -0.014163
v -0.050653 0.121079 0.001366
v 0.058085 0.037099 0.018374
v 0.058409 0.036959 0.012051
v 0.056383 0.035409 0.004952
v 0.052995 0.038267 -0.002194
v 0.023016 0.104681 -0.005328
v -0.038645 0.017890 -0.029612
v 0.030100 0.031571 -0.007196
v 0.030451 0.034393 -0.011582
v 0.025808 0.033797 -0.020408
v -0.022629 0.104008 -0.011242
v -0.019583 0.102573 -0.012395
v -0.008883 0.019310 -0.024970
v -0.060800 0.155422 -0.060950
v -0.069713 0.018422 -0.004379
v -0.084685 0.095423 0.042636
v 0.030382 0.036639 -0.014937
v -0.007187 0.084091 -0.024284
v -0.062172 0.147747 -0.039868
v -0.078833 0.059717 0.028332
v -0.008678 0.155959 -0.026460
v 0.060195 0.043013 0.017103
v -0.011107 0.097785 -0.017730
v 0.035501 0.037779 -0.006986
v 0.032312 0.039077 -0.012831
v 0.028238 0.036872 -0.019529
v -0.017039 0.100946 -0.015508
v 0.013546 0.108813 -0.006112
v -0.076657 0.056931 0.029068
v 0.060747 0.043388 0.011291
v 0.055720 0.042570 -0.000306
v 0.020287 0.096008 -0.015051
v -0.032274 0.105250 -0.008169
v 0.007160 0.102690 -0.015514
v -0.088961 0.080421 0.007844
v -0.087057 0.096567 0.005337
v 0.059636 0.043761 0.006151
v -0.045900 0.110706 -0.006422
v 0.035411 0.043246 -0.012433
v 0.029542 0.041423 -0.017542
v 0.025879 0.039645 -0.021257
v 0.015266 0.089851 -0.018710
v -0.015091 0.090293 -0.021960
v -0.087300 0.096511 0.042531
v -0.090766 0.098712 0.040743
v -0.076202 0.133907 -0.015439
v -0.028891 0.019050 0.050814
v 0.058436 0.043962 0.003215
v -0.051180 0.089772 -0.019410
v 0.003172 0.091856 -0.020176
v -0.084617 0.130674 0.005544
v -0.069825 0.052719 0.031086
v -0.050261 0.129001 0.011397
v -0.024105 0.168289 -0.014118
v -0.091809 0.098031 0.018646
v -0.091301 0.127932 0.022489
v -0.091009 0.114418 0.007296
v 0.038556 0.042123 -0.005580
v 0.038406 0.045449 -0.009236
v 0.032225 0.044866 -0.017411
v 0.026917 0.074509 -0.022161
v -0.062241 0.130765 -0.006073
v 0.011305 0.106327 -0.011549
v -0.062326 0.148167 -0.049754
v -0.072213 0.047747 0.017766
v 0.060741 0.049397 0.016966
v 0.061044 0.046963 0.010468
v 0.059828 0.046684 0.006146
v 0.057688 0.049531 0.002519
v 0.026003 0.043628 -0.023398
v -0.085892 0.093026 0.008537
v -0.061618 0.142782 -0.024080
v 0.043188 0.045293 -0.003282
v -0.059500 0.019600 0.045623
v -0.081034 0.058875 0.019535
v -0.085836 0.096562 0.028994
v 0.029382 0.046093 -0.019965
v 0.023187 0.043509 -0.025752
v -0.093123 0.103252 0.035641
v -0.069709 0.137932 -0.049594
v -0.067197 0.147141 -0.056807
v -0.081643 0.060379 0.022717
v 0.059797 0.052866 0.009929
v -0.086573 0.093102 0.012850
v 0.041305 0.049529 -0.004600
v 0.035321 0.047790 -0.013729
v 0.032097 0.048286 -0.018491
v 0.060606 0.051973 0.013939
v 0.058486 0.052417 0.005649
v -0.082329 0.132010 0.002327
v -0.073142 0.164981 -0.054451
v 0.013835 0.095925 -0.017878
v -0.085286 0.127663 0.006908
v 0.021589 0.072801 -0.024810
v -0.073131 0.127810 -0.009938
v -0.092389 0.110145 0.039569
v 0.041861 0.054974 -0.006944
v 0.034970 0.052455 -0.015895
v 0.028290 0.049687 -0.020408
v 0.024399 0.049297 -0.023692
v -0.070789 0.138710 -0.047226
v -0.026134 0.021084 -0.029221
v -0.089685 0.122253 0.035334
v -0.026503 0.019228 0.052248
v -0.032961 0.020555 0.050075
v -0.074745 0.133965 -0.029083
v 0.038667 0.052496 -0.012225
v 0.028350 0.054507 -0.022670
v -0.056327 0.108436 -0.007146
v 0.017856 0.086347 -0.021780
v -0.043028 0.110787 -0.005732
v -0.050408 0.147843 -0.003846
v -0.078896 0.150289 -0.035558
v -0.063973 0.020267 0.042183
v 0.059083 0.054811 0.014790
v 0.057921 0.054543 0.007152
v -0.084943 0.090115 0.023721
v 0.043703 0.054773 -0.000270
v 0.030404 0.053170 -0.019570
v -0.092793 0.101989 0.039805
v -0.043383 0.131374 -0.000667
v -0.090235 0.135264 0.018087
v -0.086535 0.091316 0.017338
v -0.089437 0.126319 0.030973
v 0.032775 0.055710 -0.017954
v -0.036036 0.103886 -0.011284
v -0.076427 0.092511 0.037570
v 0.013340 0.076020 -0.028898
v -0.026299 0.104605 -0.009355
v -0.072540 0.094802 0.044837
v -0.063317 0.127389 -0.007861
v 0.046224 0.056786 0.004083
v 0.045310 0.059462 0.001774
v 0.043391 0.057066 -0.002971
v 0.042210 0.061172 -0.005955
v 0.038516 0.061255 -0.010865
v 0.036361 0.059760 -0.012901
v 0.033795 0.058360 -0.016430
v 0.031622 0.059789 -0.020083
v -0.011005 0.149011 -0.018912
v -0.053192 0.121896 -0.001002
v -0.072363 0.128809 -0.015147
v 0.046726 0.058303 0.009213
v -0.079681 0.086300 -0.007508
v -0.010875 0.165124 -0.029387
v -0.068305 0.142156 -0.054515
v -0.064523 0.051577 0.033661
v -0.058695 0.021780 0.046523
v 0.046262 0.062096 0.006627
v 0.044740 0.062731 -0.001324
v -0.000970 0.084018 -0.023732
v -0.091545 0.125257 0.020219
v -0.012798 0.079997 -0.032462
v 0.033509 0.063257 -0.018070
v 0.005820 0.077169 -0.032034
v -0.089048 0.109709 0.003391
v 0.045943 0.065826 0.004095
v 0.041886 0.065029 -0.006916
v -0.089124 0.080417 0.019474
v 0.004040 0.107528 -0.010467
v 0.046227 0.067928 0.008881
v 0.037596 0.066343 -0.015412
v 0.031810 0.063362 -0.019731
v -0.069577 0.157909 -0.054914
v -0.071930 0.147919 -0.043165
v -0.080362 0.095897 -0.001337
v -0.064025 0.152057 -0.039879
v -0.058849 0.057588 0.041267
v -0.049979 0.126341 0.003195
v -0.067274 0.138959 -0.051601
v -0.069608 0.125800 -0.008828
v 0.044543 0.067749 0.000624
v 0.040068 0.067114 -0.011847
v -0.036726 0.030099 -0.024675
v -0.077842 0.131058 -0.003565
v -0.088653 0.121825 0.010670
v -0.050256 0.054765 0.038946
v -0.063370 0.162763 -0.060453
v -0.065173 0.164151 -0.060154
v -0.049318 0.118240 0.025498
v -0.065009 0.161510 -0.053632
v -0.070371 0.165472 -0.056189
v -0.065033 0.138692 0.003271
v -0.067357 0.164817 -0.055209
v -0.070184 0.165272 -0.053620
v -0.073283 0.164467 -0.050796
v -0.062467 0.137101 0.033994
v -0.084896 0.137141 0.010533
v -0.059823 0.139927 0.011521
v 0.018018 0.108781 0.027461
v -0.003951 0.101941 -0.014978
v -0.067208 0.158481 -0.046717
v -0.071525 0.161625 -0.047170
v -0.076522 0.163222 -0.050909
v -0.093182 0.105908 0.040348
v -0.092401 0.115975 0.015255
v -0.059717 0.138742 0.027724
v -0.031008 0.104910 0.026958
v -0.034630 0.107135 0.025606
v -0.076514 0.138328 -0.001077
v -0.014171 0.169400 -0.025205
v -0.088461 0.077059 0.007729
v -0.067482 0.155846 -0.040375
v -0.075273 0.161938 -0.046440
v 0.026608 0.101296 -0.005888
v 0.044338 0.050651 0.000405
v -0.079560 0.139044 0.024152
v -0.020546 0.106962 -0.007108
v -0.006320 0.109045 -0.009467
v -0.055657 0.144781 0.003936
v -0.015368 0.170070 -0.024979
v -0.070512 0.159171 -0.043749
v -0.086535 0.093110 0.018036
v -0.087161 0.077226 0.004394
v -0.039141 0.030119 -0.021977
v -0.090179 0.135014 0.014369
v -0.084711 0.135502 0.006643
v 0.003411 0.114874 0.022090
v -0.090051 0.118191 0.006476
v -0.003046 0.092152 -0.022164
v -0.003682 0.114647 0.020874
v -0.015976 0.171113 -0.022642
v -0.073980 0.159073 -0.041082
v -0.077565 0.161526 -0.047581
v -0.065320 0.097855 -0.011758
v -0.092414 0.115254 0.025071
v -0.028635 0.106349 0.023045
v -0.073918 0.141246 -0.027206
v -0.070986 0.158005 -0.040325
v -0.077175 0.135870 -0.006049
v -0.092323 0.098984 0.012666
v -0.077080 0.138698 -0.015131
v -0.077695 0.095614 -0.003835
v -0.045237 0.108850 0.023950
v -0.074682 0.157170 -0.037434
v 0.056374 0.056475 0.009232
v -0.058111 0.104004 -0.010354
v 0.042385 0.047607 -0.002276
v -0.079270 0.152411 -0.038695
v -0.066011 0.154487 -0.040086
v -0.043728 0.112942 0.015707
v 0.028436 0.103717 0.000921
v -0.071798 0.157122 -0.037478
v -0.032419 0.110810 0.013577
v 0.032066 0.101409 0.003156
v -0.071627 0.140838 -0.040509
v -0.057203 0.143230 0.003068
v -0.020086 0.170640 -0.019199
v -0.066872 0.153056 -0.030963
v 0.047583 0.057919 0.013964
v -0.059110 0.140592 0.007871
v -0.056609 0.140467 0.010238
v -0.054292 0.139554 0.012086
v 0.033282 0.100656 0.006829
v 0.021012 0.109455 0.001386
v -0.020912 0.169962 -0.014271
v -0.018768 0.171322 -0.018095
v -0.065222 0.150942 -0.029014
v -0.070005 0.154721 -0.030405
v 0.057041 0.056541 0.015379
v 0.053403 0.057637 0.010545
v 0.046706 0.058571 0.012427
v 0.038295 0.093888 0.011203
v 0.027303 0.106244 0.007182
v -0.088644 0.086117 0.018906
v -0.091790 0.126018 0.016236
v -0.072580 0.141322 -0.035258
v -0.088616 0.086754 0.011652
v 0.022733 0.102113 -0.009261
v 0.053934 0.057675 0.016830
v 0.048474 0.057581 0.014000
v 0.019643 0.110960 0.005518
v 0.013843 0.112654 0.000642
v -0.078393 0.136597 -0.000084
v -0.072892 0.154259 -0.027880
v 0.057297 0.054834 0.019818
v 0.001532 0.109782 0.032127
v 0.028476 0.105605 0.011346
v 0.023497 0.109293 0.010314
v 0.054324 0.056224 0.021031
v 0.051524 0.057130 0.019207
v 0.047660 0.056457 0.017854
v 0.014099 0.113756 0.006883
v 0.010116 0.114516 0.003657
v 0.005743 0.113725 -0.000959
v -0.070961 0.152775 -0.024385
v -0.075362 0.151662 -0.024561
v 0.046551 0.057908 0.017474
v -0.063732 0.145985 -0.020786
v 0.017318 0.112619 0.011330
v 0.002909 0.114890 0.002407
v -0.034472 0.161273 -0.009718
v -0.067238 0.150910 -0.024225
v -0.022172 0.070569 0.055318
v 0.046462 0.054190 0.022688
v -0.089694 0.098842 0.005896
v -0.069202 0.164269 -0.058314
v -0.065827 0.018952 0.029188
v -0.066968 0.019847 0.032416
v -0.066425 0.020821 0.037814
v -0.038260 0.144841 -0.012676
v -0.025264 0.081552 -0.024457
v 0.015909 0.081846 -0.023005
v -0.065774 0.114612 -0.008847
v -0.060186 0.112521 -0.007576
v -0.072810 0.019562 0.006416
v -0.071466 0.019091 0.009088
v -0.069301 0.019272 0.011916
v -0.064274 0.020072 0.017516
v -0.062818 0.019548 0.019501
v -0.066359 0.021489 0.028597
v -0.066927 0.021486 0.033385
v -0.063115 0.022535 0.042872
v -0.038778 0.019515 0.042670
v -0.028542 0.021296 0.053827
v -0.024689 0.021023 0.054315
v -0.072767 0.019551 0.001112
v -0.072438 0.022523 0.006180
v -0.072331 0.021175 0.008154
v -0.069249 0.021013 0.011372
v -0.067469 0.021742 0.014012
v -0.061328 0.021470 0.020017
v -0.064678 0.021943 0.024742
v -0.064505 0.025851 0.038053
v -0.058065 0.024521 0.046459
v -0.076323 0.062064 0.034182
v -0.065669 0.067297 0.043902
v -0.090040 0.113778 0.041909
v -0.039313 0.022669 0.042413
v -0.036065 0.021503 0.046291
v -0.033336 0.023152 0.050361
v -0.030710 0.023751 0.051876
v -0.081234 0.075973 0.033303
v -0.038458 0.073387 -0.023481
v -0.078372 0.129816 0.042994
v -0.084131 0.129504 0.038813
v -0.063407 0.044785 0.021003
v -0.071231 0.022573 0.000639
v -0.071525 0.022787 0.003801
v -0.071216 0.024874 0.007353
v -0.062318 0.025354 0.015510
v -0.059672 0.022779 0.020384
v -0.065396 0.024408 0.029656
v -0.061917 0.026352 0.042763
v -0.059648 0.029015 0.042987
v -0.071982 0.059146 0.036536
v -0.087742 0.122109 0.041542
v -0.086919 0.118002 0.045523
v -0.080568 0.063915 0.031565
v -0.036113 0.024580 0.046116
v 0.025077 0.071518 -0.023675
v -0.014667 0.083700 0.044930
v -0.086367 0.080669 0.027040
v 0.010220 0.096244 -0.019056
v -0.065653 0.025212 0.013136
v -0.059015 0.024488 0.019270
v -0.064914 0.027088 0.034382
v -0.033748 0.026164 0.049109
v -0.031373 0.026507 0.050760
v -0.027372 0.025553 0.053748
v -0.027792 0.056066 0.040925
v -0.027226 0.061934 0.046601
v -0.091831 0.108057 0.043005
v -0.081487 0.080496 0.033185
v -0.065983 0.027331 0.010509
v -0.089676 0.117965 0.039533
v -0.025233 0.056885 0.045824
v -0.024524 0.062599 0.053024
v -0.035430 0.028723 0.044813
v -0.086039 0.108954 0.048544
v -0.072153 0.082156 0.040491
v -0.086021 0.102601 0.048612
v -0.068496 0.028062 0.002462
v -0.066890 0.029409 0.005103
v -0.072952 0.132569 -0.030621
v -0.033132 0.029246 0.046029
v -0.086502 0.106066 0.048554
v -0.088680 0.124280 0.038102
v -0.065537 0.100951 -0.009573
v -0.018889 0.082280 0.044937
v -0.066172 0.029110 0.007887
v -0.057724 0.028938 0.013961
v -0.090063 0.106862 0.045674
v -0.078884 0.067532 0.035560
v -0.078979 0.156258 -0.041435
v -0.059881 0.031021 0.039538
v -0.088905 0.128699 0.031063
v -0.032010 0.029185 0.047908
v -0.084332 0.086604 0.027810
v -0.087075 0.126497 0.038774
v -0.023914 0.077507 0.048409
v -0.053019 0.028596 0.017834
v -0.087158 0.075850 0.025915
v -0.013220 0.085289 0.043667
v -0.027408 0.064627 0.048443
v -0.088680 0.127082 0.034655
v -0.025418 0.072088 0.051193
v -0.022919 0.063332 0.054858
v -0.086015 0.114981 0.048668
v -0.083225 0.067750 0.029842
v -0.084750 0.123743 0.044116
v -0.076983 0.150585 -0.025771
v -0.021846 0.078069 0.050418
v -0.080883 0.091190 0.029738
v -0.070895 0.074708 -0.016292
v -0.058415 0.032038 0.007513
v -0.056555 0.031250 0.011278
v -0.025508 0.065299 0.052768
v -0.077383 0.072585 0.038159
v -0.014100 0.166444 -0.028141
v -0.033210 0.033560 0.040135
v -0.089869 0.103265 0.045807
v -0.080709 0.102303 0.048853
v -0.048093 0.150973 0.001490
v -0.027451 0.069633 0.048713
v -0.050597 0.031612 0.016901
v -0.024251 0.067191 0.054685
v -0.022769 0.090373 -0.022373
v -0.087639 0.133260 0.028964
v -0.030060 0.034512 0.042213
v -0.023268 0.080267 0.044959
v -0.056165 0.033486 0.009612
v -0.051428 0.033499 0.014187
v -0.051830 0.034847 0.032438
v -0.021792 0.080722 0.045334
v -0.083665 0.073504 0.029962
v -0.084804 0.070273 0.027078
v -0.076944 0.145625 -0.016456
v -0.017211 0.080538 0.050769
v -0.031003 0.036070 0.037353
v -0.086371 0.085588 0.025255
v -0.027120 0.087600 -0.023409
v -0.073163 0.135333 -0.037632
v -0.090947 0.126488 0.026943
v -0.091308 0.131718 0.023916
v -0.036737 0.148254 -0.014058
v -0.054232 0.037283 0.010375
v -0.050224 0.037501 0.014857
v -0.050164 0.038085 0.033458
v -0.092304 0.103704 0.042738
v -0.027678 0.036585 0.037765
v -0.079065 0.152245 -0.034756
v -0.077221 0.089817 0.034155
v -0.080100 0.070540 0.034881
v 0.010667 0.072978 -0.031203
v -0.029213 0.067824 0.045174
v -0.078422 0.159033 -0.044740
v -0.088013 0.112376 0.045951
v -0.075621 0.143408 -0.009771
v -0.026475 0.037871 0.038198
v -0.051729 0.039773 0.021172
v -0.046412 0.042851 0.037872
v -0.073133 0.066012 0.039164
v -0.018791 0.042780 0.049735
v -0.084944 0.109976 -0.003332
v -0.051343 0.039905 0.014611
v -0.052619 0.043734 0.027768
v -0.050405 0.045303 0.033245
v -0.024015 0.042424 0.041892
v -0.053053 0.043145 0.024652
v -0.089099 0.098949 0.044054
v -0.075955 0.145495 -0.013433
v -0.055123 0.043560 0.023246
v -0.022602 0.047014 0.044414
v -0.074474 0.053322 0.026192
v -0.083490 0.111895 -0.004472
v -0.075373 0.099018 -0.005830
v -0.053999 0.044958 0.027073
v -0.048320 0.048293 0.036526
v -0.085223 0.132402 0.034035
v -0.019237 0.047527 0.050167
v -0.072179 0.133867 -0.039934
v -0.040276 0.141425 -0.010474
v -0.062893 0.089960 -0.016767
v -0.025083 0.048457 0.041422
v -0.000237 0.094795 -0.020115
v -0.053247 0.140897 -0.003198
v -0.045135 0.050136 0.039787
v -0.049665 0.074558 -0.021715
v -0.020069 0.052109 0.052075
v -0.009543 0.093185 -0.022036
v -0.058988 0.118159 -0.006478
v 0.019133 0.079538 -0.023244
v -0.016969 0.071113 -0.038762
v -0.047156 0.051741 0.039405
v -0.083316 0.102028 0.049080
v -0.023727 0.052428 0.046172
v -0.070970 0.107758 -0.008686
v -0.071468 0.135492 -0.044015
v -0.056167 0.088427 -0.018710
v -0.077044 0.103221 -0.006948
v -0.054270 0.128283 -0.001108
v -0.077021 0.137785 -0.009657
v -0.054350 0.111319 -0.005523
v -0.047811 0.138822 -0.006560
v -0.071911 0.124639 -0.007421
v -0.071915 0.136623 -0.043605
v -0.033633 0.090080 -0.020523
v -0.020484 0.092155 -0.022015
v -0.019095 0.160370 -0.023512
v -0.078273 0.160798 -0.048919
v -0.031520 0.088210 -0.022173
v -0.069862 0.105029 -0.008917
v -0.061587 0.123148 -0.006575
v -0.043492 0.018548 -0.026292
v -0.045440 0.018550 -0.022265
v -0.046550 0.018967 -0.018110
v -0.048055 0.018049 -0.014748
v -0.047904 0.020353 -0.012710
v -0.086626 0.111572 -0.001623
v -0.017235 0.079603 -0.031905
v 0.026495 0.103513 -0.003356
v -0.042695 0.020172 -0.027177
v -0.044390 0.020956 -0.023197
v -0.046225 0.022316 -0.017829
v -0.009881 0.078957 -0.033670
v -0.070572 0.021104 -0.001199
v -0.015451 0.108370 -0.005412
v -0.067488 0.153293 -0.056296
v -0.063143 0.022874 0.025215
v -0.066735 0.158228 -0.058940
v -0.074186 0.154829 -0.046136
v -0.078470 0.155170 -0.043630
v -0.041795 0.156789 -0.005977
v -0.042848 0.022392 -0.026045
v -0.045379 0.022805 -0.021368
v -0.069395 0.025657 0.000271
v -0.090250 0.115901 0.037506
v -0.078212 0.145761 -0.027262
v -0.064079 0.024818 0.026333
v -0.070895 0.142752 -0.043957
v -0.052598 0.147424 -0.000543
v -0.074291 0.149080 -0.038599
v -0.043689 0.027684 -0.016284
v -0.047180 0.024398 -0.011949
v -0.064979 0.027267 -0.003464
v -0.055416 0.143343 -0.000263
v -0.042689 0.098491 -0.015982
v -0.058181 0.025738 0.021254
v -0.061179 0.026863 0.025386
v -0.041518 0.028142 -0.022237
v -0.045866 0.027180 -0.011500
v -0.061271 0.028908 0.028462
v -0.063661 0.027817 0.030474
v -0.080217 0.134797 0.000817
v -0.036345 0.159278 -0.010645
v -0.041744 0.025212 -0.023503
v -0.043310 0.027016 -0.019886
v -0.053738 0.028135 0.020269
v -0.063173 0.029263 0.032911
v -0.062724 0.029151 0.038039
v -0.056866 0.031967 -0.003224
v -0.059283 0.029854 -0.003378
v -0.058942 0.032185 0.002060
v -0.051151 0.030378 0.018092
v -0.033535 0.019478 -0.031044
v -0.076148 0.132394 -0.010516
v -0.074907 0.143483 -0.028120
v -0.055544 0.029226 -0.006684
v -0.072211 0.130991 -0.022572
v -0.071879 0.129580 -0.019526
v -0.053534 0.031504 0.024936
v -0.054289 0.032253 0.027881
v -0.054183 0.032988 0.030291
v -0.060179 0.031133 0.033982
v -0.069961 0.143186 -0.048409
v -0.040609 0.030668 -0.017156
v -0.042067 0.031378 -0.012284
v -0.090260 0.133573 0.023542
v 0.016481 0.096738 -0.016158
v -0.042374 0.155025 -0.008161
v 0.050143 0.050303 -0.000628
v -0.070315 0.150769 -0.049579
v -0.015103 0.105867 -0.008344
v -0.033701 0.032698 -0.018861
v -0.043175 0.031314 -0.011164
v 0.019414 0.074660 -0.025428
v -0.058061 0.033846 0.002980
v -0.057329 0.034535 0.005949
v -0.090836 0.129716 0.015122
v -0.091585 0.129882 0.019289
v -0.050224 0.034835 0.018644
v -0.052268 0.034694 0.023882
v -0.052861 0.033419 0.034187
v -0.074241 0.152033 -0.042698
v -0.078745 0.157174 -0.045656
v -0.031445 0.032024 -0.023966
v -0.037137 0.032740 -0.013133
v 0.024384 0.067754 -0.024997
v -0.019479 0.098702 -0.017552
v -0.057028 0.034967 -0.000496
v -0.049812 0.037569 0.016251
v -0.052323 0.035217 0.029109
v 0.023656 0.098913 -0.011634
v -0.032301 0.092854 -0.018854
v 0.034288 0.087121 -0.011952
v -0.028490 0.033768 -0.023335
v -0.030585 0.033587 -0.020522
v -0.030915 0.034524 -0.016973
v -0.034220 0.033811 -0.013442
v 0.027856 0.083628 -0.017526
v 0.045730 0.053332 0.002581
v -0.052966 0.036677 -0.006395
v -0.057063 0.038149 0.002582
v -0.052075 0.038818 0.024211
v -0.073232 0.143827 -0.034341
v -0.057096 0.096292 -0.016549
v -0.036154 0.093766 -0.019484
v -0.026843 0.033737 -0.025247
v -0.029603 0.035028 -0.020095
v -0.031511 0.035555 -0.013267
v -0.054701 0.039283 -0.004773
v -0.056767 0.041232 0.000076
v -0.055783 0.038179 0.008067
v -0.045535 0.100643 -0.015644
v -0.072998 0.147861 -0.040030
v -0.030509 0.037391 -0.015580
v -0.052355 0.110036 -0.006045
v -0.014415 0.094047 -0.019870
v -0.056933 0.040137 0.004397
v -0.051860 0.039059 0.028492
v -0.078859 0.148447 -0.031649
v -0.022098 0.164077 -0.021068
v -0.025555 0.038421 -0.027797
v -0.028796 0.041484 -0.023124
v -0.029794 0.038292 -0.020992
v 0.030172 0.074739 -0.019655
v -0.056042 0.040398 0.008406
v -0.088890 0.117106 0.003510
v -0.091402 0.116072 0.009308
v -0.089587 0.130735 0.010632
v -0.074326 0.133923 -0.031427
v -0.027252 0.040933 -0.026489
v -0.030679 0.041258 -0.018174
v -0.032285 0.040535 -0.011840
v 0.034641 0.079354 -0.013343
v -0.019382 0.095778 -0.019442
v -0.053784 0.044890 -0.008416
v -0.057607 0.041495 0.004901
v -0.056592 0.041486 0.010154
v -0.069345 0.147156 -0.050877
v -0.031808 0.042062 -0.013969
v -0.056488 0.044912 -0.004024
v -0.057010 0.043013 -0.000963
v -0.018110 0.168407 -0.023960
v -0.025712 0.043614 -0.030654
v -0.030188 0.043936 -0.020577
v 0.015728 0.073908 -0.028271
v 0.008680 0.079770 -0.027594
v -0.057669 0.044370 -0.002138
v -0.040035 0.081893 -0.021968
v -0.077650 0.135813 -0.002998
v -0.042666 0.093772 -0.018743
v -0.029520 0.048807 -0.027990
v -0.028679 0.045927 -0.027022
v -0.038499 0.020425 -0.029409
v -0.012915 0.096606 -0.018270
v -0.002066 0.096784 -0.019343
v 0.002688 0.076893 -0.032638
v -0.065733 0.046775 -0.002848
v -0.065026 0.142207 -0.055187
v -0.089496 0.127792 0.013058
v -0.046309 0.152562 -0.005366
v 0.053110 0.052235 0.001268
v 0.029504 0.095404 -0.010200
v -0.029718 0.047110 -0.024030
v -0.032630 0.045869 -0.015282
v 0.020377 0.085047 -0.021526
v -0.070127 0.048897 -0.000168
v -0.079681 0.055071 0.017757
v -0.066614 0.144513 -0.057052
v -0.074702 0.140068 -0.022129
v -0.032497 0.048858 -0.018450
v -0.033295 0.046720 -0.014081
v -0.017773 0.019284 -0.026974
v 0.004605 0.082875 -0.023570
v -0.069164 0.052571 -0.005690
v -0.075859 0.051341 0.007146
v 0.035479 0.090499 -0.007431
v -0.061962 0.159828 -0.061448
v -0.084047 0.133926 0.004260
v 0.016575 0.105545 -0.009197
v -0.025182 0.049002 -0.032929
v 0.009889 0.084813 -0.022151
v -0.074468 0.051549 0.001683
v -0.075807 0.116422 -0.007224
v -0.062319 0.157810 -0.061986
v -0.030832 0.049838 -0.024919
v -0.031872 0.052545 -0.023079
v 0.013689 0.087787 -0.020716
v -0.072380 0.053477 -0.003020
v -0.076369 0.054952 -0.000094
v -0.077298 0.053358 0.007394
v -0.074848 0.120590 -0.006646
v 0.019293 0.068667 -0.027513
v -0.072301 0.131739 -0.025874
v -0.028508 0.051477 -0.030176
v -0.033144 0.053071 -0.019700
v -0.071710 0.054146 -0.006192
v -0.091522 0.132620 0.016065
v -0.010482 0.106227 -0.010539
v -0.086687 0.133661 0.008139
v -0.026927 0.054997 -0.034939
v -0.030072 0.052625 -0.028486
v -0.033550 0.057374 -0.023148
v -0.035386 0.052483 -0.016270
v -0.078694 0.057411 -0.003638
v -0.081646 0.058491 0.002709
v -0.081683 0.057415 0.007678
v -0.081109 0.056519 0.014738
v -0.074919 0.137076 -0.016624
v 0.017614 0.107360 -0.006073
v -0.075106 0.056139 -0.006587
v -0.082875 0.059614 0.004695
v 0.013420 0.072603 -0.030469
v -0.031973 0.061188 -0.031596
v -0.033729 0.059195 -0.025515
v -0.046588 0.094789 -0.017779
v -0.081949 0.061486 -0.000510
v -0.082405 0.059862 0.012330
v 0.024182 0.086993 -0.018344
v -0.050243 0.094161 -0.018694
v 0.004597 0.101078 -0.017653
v -0.000420 0.082354 -0.027358
v -0.078663 0.061606 -0.006653
v -0.080911 0.060785 -0.002758
v -0.085234 0.062737 0.008511
v -0.046105 0.070678 -0.022020
v -0.022181 0.079362 -0.029291
v -0.030146 0.060259 -0.034000
v -0.032668 0.060952 -0.028697
v -0.036878 0.109048 -0.006410
v 0.018219 0.101064 -0.013171
v -0.084208 0.062327 0.003983
v -0.085657 0.063171 0.012992
v -0.082702 0.062472 0.023406
v -0.076050 0.135311 -0.017275
v -0.033682 0.060824 -0.027136
v -0.034902 0.059909 -0.020785
v -0.075390 0.063173 -0.010416
v -0.080921 0.064551 -0.005048
v -0.082217 0.064528 -0.002136
v -0.086232 0.064243 0.016634
v -0.085308 0.064462 0.020130
v -0.075227 0.126610 -0.006315
v -0.023946 0.080174 -0.025137
v -0.034633 0.062845 -0.023412
v -0.084166 0.065660 0.002763
v -0.086051 0.065004 0.007581
v -0.086683 0.065018 0.013976
v -0.079408 0.128070 -0.002875
v -0.080666 0.067398 -0.006939
v -0.084568 0.066607 0.023109
v -0.075753 0.134099 -0.019255
v 0.054419 0.048007 -0.000291
v -0.035925 0.065464 -0.022363
v -0.027862 0.100907 -0.014132
v -0.039903 0.101051 -0.014437
v -0.075632 0.068746 -0.013981
v -0.079169 0.067222 -0.009599
v -0.084349 0.067872 -0.002838
v -0.085608 0.068500 0.000699
v -0.086148 0.067229 0.006716
v -0.086909 0.068919 0.013930
v -0.086360 0.068152 0.019872
v -0.074604 0.137901 -0.019838
v -0.032134 0.064327 -0.030889
v -0.032653 0.067039 -0.029217
v -0.033749 0.067970 -0.025132
v -0.087843 0.069812 0.004731
v -0.086799 0.068841 0.008967
v -0.086930 0.126898 0.009175
v 0.012571 0.079111 -0.026393
v 0.032359 0.075171 -0.018525
v -0.085322 0.072063 -0.001884
v -0.086338 0.070639 0.000578
v -0.088270 0.071146 0.008494
v -0.088681 0.070805 0.011891
v -0.089164 0.072510 0.017617
v -0.086836 0.069990 0.022636
v -0.028511 0.068954 -0.035252
v -0.030906 0.068477 -0.030971
v -0.077813 0.071852 -0.011830
v -0.032331 0.070495 -0.026022
v -0.079834 0.072800 -0.008838
v -0.082742 0.073323 -0.006224
v -0.088323 0.073129 0.004691
v -0.089599 0.074010 0.012487
v -0.088063 0.073603 0.023422
v -0.062200 0.019681 -0.008688
v -0.029517 0.072823 -0.030928
v -0.052231 0.019459 -0.012384
v -0.084525 0.075289 -0.004752
v -0.085455 0.076071 -0.002468
v -0.059886 0.099535 -0.013474
v 0.000439 0.101042 -0.017281
v -0.054646 0.102445 -0.013216
v -0.005050 0.082591 -0.027696
v 0.005044 0.079911 -0.029694
v 0.023884 0.083376 -0.020502
v -0.030543 0.097658 -0.017142
v 0.028439 0.079463 -0.019283
v 0.005837 0.105763 -0.013074
v 0.047271 0.044878 -0.004231
v -0.049317 0.020300 -0.012356
v -0.032756 0.029603 -0.027271
v 0.056798 0.051521 0.002451
v -0.026290 0.096646 -0.016948
v -0.005359 0.096354 -0.020513
v -0.017631 0.097286 -0.018871
v 0.021521 0.078502 -0.022532
v 0.035202 0.075556 -0.015936
v 0.011333 0.102736 -0.015105
v -0.056890 0.018396 -0.011173
v -0.036533 0.099276 -0.016032
v -0.006268 0.075780 -0.035658
v 0.003844 0.097703 -0.019864
v -0.011219 0.082063 -0.028547
v -0.049384 0.104139 -0.013293
v -0.059778 0.019116 -0.009987
v 0.025396 0.091603 -0.014865
v -0.017560 0.170779 -0.022501
v -0.042576 0.104738 -0.013014
v 0.015119 0.102382 -0.013543
v -0.014368 0.101947 -0.014971
v 0.047797 0.055742 0.005670
v -0.034076 0.097036 -0.017355
v -0.008821 0.096665 -0.019907
v 0.050664 0.055118 0.004321
v 0.054916 0.054677 0.004325
v -0.044448 0.096317 -0.016701
v 0.025807 0.096341 -0.011362
v -0.026243 0.018972 -0.028996
v 0.009134 0.076886 -0.030245
v -0.013439 0.168432 -0.027479
v -0.012587 0.086813 -0.024045
v -0.030838 0.028436 -0.028696
v -0.058886 0.139341 0.001138
v 0.003063 0.104335 -0.013819
v -0.012875 0.075538 -0.036530
v 0.032965 0.092490 -0.008883
v -0.000543 0.109461 -0.007578
v -0.018415 0.076836 -0.035429
v -0.021029 0.082518 -0.024310
v -0.063357 0.136477 -0.000784
v -0.061230 0.136695 0.000580
v -0.011274 0.162875 -0.029820
v -0.015566 0.082775 -0.024368
v -0.028003 0.090350 -0.022135
v -0.061832 0.017817 -0.009257
v -0.056393 0.136636 -0.001453
v 0.032566 0.095869 -0.006633
v 0.007370 0.084337 -0.021625
v -0.010140 0.071720 -0.037215
v 0.011638 0.081969 -0.023200
v -0.005008 0.085244 -0.023232
v -0.035757 0.026428 -0.028974
v 0.029562 0.090452 -0.013374
v 0.010400 0.099394 -0.016691
v 0.008384 0.081899 -0.024050
v -0.059592 0.131539 -0.002030
v -0.058229 0.131512 -0.001841
v -0.005222 0.099626 -0.016609
v -0.061611 0.131310 -0.003922
v 0.002327 0.085317 -0.022492
v -0.000545 0.079146 -0.032399
v 0.050820 0.045454 -0.003774
v -0.060762 0.024728 -0.007915
v -0.017718 0.081793 -0.025415
v 0.025573 0.078951 -0.020938
v -0.059357 0.127636 -0.002760
v 0.022558 0.046794 -0.025569
v -0.050830 0.101335 -0.014788
v -0.022739 0.075999 -0.035033
v 0.011217 0.020392 -0.022552
v 0.013630 0.085535 -0.022488
v -0.014905 0.076533 -0.035766
v -0.058375 0.124574 -0.004786
v -0.012041 0.071095 -0.038510
v 0.025927 0.062000 -0.024422
v 0.016070 0.071505 -0.029092
v -0.056981 0.122458 -0.004950
v -0.022622 0.086216 -0.023890
v -0.052750 0.024069 -0.011077
v -0.055061 0.018031 -0.011953
v -0.047571 0.113359 0.000205
v -0.046503 0.113823 0.002009
v 0.039871 0.042772 -0.004643
v -0.055347 0.119653 -0.003672
v -0.051519 0.117589 -0.002341
v 0.032756 0.070932 -0.019007
v -0.053141 0.116569 -0.004378
v -0.007747 0.113243 0.000427
v 0.000121 0.113554 -0.000960
v -0.067953 0.165212 -0.058122
v -0.049719 0.112964 -0.002398
v -0.048135 0.112913 -0.001549
v -0.011218 0.111472 -0.002589
v -0.040423 0.084949 -0.021410
v -0.010753 0.084383 -0.024259
v -0.016449 0.109664 -0.002635
v 0.006497 0.111084 -0.006211
v -0.051870 0.112074 -0.004373
v -0.005573 0.110867 -0.006901
v 0.005687 0.018192 -0.020892
v 0.000582 0.018905 -0.023546
v -0.003242 0.019466 -0.024449
v -0.013331 0.019069 -0.025746
v -0.048713 0.085262 -0.021723
v 0.002239 0.020131 -0.024199
v -0.053958 0.083820 -0.021622
v -0.023148 0.020969 -0.028790
v -0.011887 0.151637 -0.022819
v -0.059254 0.083173 -0.019037
v -0.063479 0.017833 -0.007954
v -0.066685 0.017884 -0.006789
v 0.004603 0.021942 -0.024263
v -0.005417 0.023709 -0.025771
v -0.012440 0.024148 -0.026550
v -0.064254 0.082278 -0.017230
v -0.077139 0.106562 -0.007088
v -0.068742 0.085564 -0.014891
v -0.075105 0.081805 -0.013244
v -0.042132 0.145446 -0.010845
v 0.003982 0.095960 -0.020357
v -0.065526 0.020331 -0.007544
v -0.068404 0.020619 -0.005865
v 0.025117 0.020195 0.000170
v 0.012164 0.023864 -0.022902
v 0.007805 0.024982 -0.023502
v -0.020951 0.025558 -0.028835
v 0.032223 0.022736 -0.001226
v 0.024807 0.023508 -0.004318
v -0.017044 0.151194 -0.019878
v 0.002617 0.025844 -0.024272
v -0.031306 0.025482 -0.030070
v -0.066468 0.124002 -0.007871
v -0.021417 0.156712 -0.021262
v -0.066778 0.024505 -0.005470
v 0.027613 0.025108 -0.004497
v -0.081181 0.116730 -0.003793
v 0.017640 0.027885 -0.023027
v 0.012181 0.027946 -0.024884
v -0.005551 0.025935 -0.025639
v -0.012205 0.027557 -0.026335
v -0.015630 0.027880 -0.027191
v -0.017714 0.028905 -0.027632
v -0.049965 0.027110 -0.010497
v -0.066537 0.026819 -0.001710
v 0.036934 0.026637 -0.003688
v 0.032435 0.028848 -0.005694
v 0.005548 0.027581 -0.024622
v -0.000952 0.027724 -0.025121
v -0.004511 0.027488 -0.025936
v -0.024981 0.029432 -0.027934
v 0.035733 0.030030 -0.005959
v 0.010209 0.030330 -0.025542
v 0.004720 0.030010 -0.026887
v -0.001749 0.030693 -0.028906
v -0.005084 0.029907 -0.029145
v -0.008016 0.030506 -0.029739
v -0.030315 0.082005 -0.023244
v -0.027849 0.159216 -0.017874
v 0.014648 0.031255 -0.024901
v 0.007229 0.032053 -0.027316
v -0.014378 0.030867 -0.029605
v -0.021055 0.030344 -0.027723
v -0.049357 0.030488 -0.009317
v 0.042170 0.029372 -0.003405
v 0.039416 0.033262 -0.006424
v 0.009991 0.033201 -0.028002
v 0.002054 0.032384 -0.029767
v -0.002494 0.033232 -0.030567
v -0.011767 0.034183 -0.031303
v -0.024515 0.032916 -0.026961
v -0.026829 0.031929 -0.025770
v -0.055207 0.125115 -0.002365
v -0.063504 0.085627 -0.018028
v 0.017536 0.033456 -0.024143
v 0.014230 0.033522 -0.026864
v 0.005057 0.035204 -0.029312
v 0.001394 0.033961 -0.030491
v -0.003301 0.035354 -0.031242
v -0.015871 0.035075 -0.031758
v -0.018964 0.036215 -0.031223
v -0.085710 0.094782 0.037825
v -0.049629 0.035609 -0.008477
v -0.054190 0.033292 -0.005768
v -0.073325 0.092870 0.038269
v 0.042657 0.035044 -0.006786
v 0.033409 0.034268 -0.006680
v -0.076517 0.085730 -0.010497
v 0.023259 0.035349 -0.023069
v 0.020191 0.035987 -0.025709
v 0.015608 0.035928 -0.026901
v 0.007884 0.038628 -0.030685
v -0.070906 0.112484 -0.009152
v -0.038633 0.033719 -0.011318
v -0.044312 0.035513 -0.010647
v -0.090316 0.099565 0.026066
v 0.000427 0.037429 -0.030448
v -0.005419 0.036552 -0.032228
v -0.010121 0.037290 -0.033601
v -0.033411 0.034926 -0.010520
v -0.041351 0.035896 -0.011040
v 0.036898 0.036872 -0.006623
v -0.054107 0.051373 0.037150
v 0.022528 0.038512 -0.025852
v 0.018513 0.038440 -0.027877
v 0.013421 0.039896 -0.029300
v -0.013241 0.040056 -0.034104
v -0.021032 0.019777 0.053053
v -0.032831 0.037253 -0.010248
v -0.037977 0.036864 -0.010620
v 0.043033 0.038714 -0.006606
v 0.004663 0.039941 -0.030633
v 0.002431 0.041296 -0.032155
v -0.001786 0.041816 -0.032775
v -0.006625 0.040959 -0.033211
v -0.016010 0.042789 -0.035463
v -0.020904 0.043530 -0.033919
v -0.048900 0.040213 -0.010336
v -0.089747 0.097044 0.038288
v 0.049626 0.039679 -0.004932
v 0.016837 0.040854 -0.028539
v -0.009396 0.042980 -0.034086
v -0.035746 0.041185 -0.010898
v 0.047443 0.041499 -0.005611
v 0.038607 0.040097 -0.005728
v 0.009583 0.044500 -0.030028
v 0.005976 0.044266 -0.030731
v -0.000725 0.046318 -0.034229
v -0.005598 0.044371 -0.034875
v -0.034250 0.042287 -0.011136
v -0.038088 0.042375 -0.011210
v -0.043275 0.039648 -0.011464
v 0.053431 0.044508 -0.002996
v 0.018693 0.044706 -0.027419
v 0.015254 0.044304 -0.028490
v -0.003816 0.047058 -0.035243
v -0.013528 0.046244 -0.036743
v -0.065312 0.118619 -0.008130
v -0.028595 0.145692 -0.014704
v -0.015356 0.162604 -0.026842
v -0.033071 0.044139 -0.012606
v -0.046016 0.044624 -0.012488
v -0.068983 0.116518 -0.008586
v -0.009637 0.047271 -0.035818
v -0.020805 0.048716 -0.036041
v -0.039290 0.044724 -0.011929
v -0.043961 0.046929 -0.013481
v -0.049247 0.044757 -0.011600
v -0.054357 0.093558 -0.018303
v 0.014587 0.047929 -0.029843
v 0.009539 0.047665 -0.031480
v 0.006407 0.049365 -0.032602
v 0.001168 0.048982 -0.034448
v -0.054655 0.132018 -0.001838
v -0.051480 0.085726 -0.021423
v -0.014817 0.049767 -0.037564
v -0.017531 0.050602 -0.037892
v -0.034723 0.049583 -0.014759
v -0.039785 0.048617 -0.013947
v -0.048560 0.047694 -0.012583
v -0.055652 0.046737 -0.006379
v -0.062502 0.045327 -0.001650
v -0.057789 0.090787 -0.018027
v 0.011736 0.050056 -0.030637
v -0.001602 0.052910 -0.034369
v -0.005204 0.050328 -0.035007
v -0.009999 0.051807 -0.036026
v -0.051727 0.049333 -0.010874
v -0.064122 0.047383 -0.004424
v -0.025173 0.148577 -0.016357
v 0.022174 0.050410 -0.026909
v 0.020145 0.053399 -0.028597
v 0.017593 0.053340 -0.029378
v 0.002089 0.052567 -0.033344
v -0.073778 0.086356 -0.012346
v -0.043240 0.055333 -0.017872
v -0.045150 0.051681 -0.015668
v -0.054601 0.049257 -0.009320
v -0.062961 0.050648 -0.008585
v -0.064570 0.145151 -0.057893
v 0.013607 0.054258 -0.031511
v 0.010150 0.052358 -0.030939
v 0.006421 0.052505 -0.032543
v -0.005377 0.053119 -0.035981
v -0.007525 0.055679 -0.036532
v -0.011830 0.054642 -0.038077
v -0.015216 0.057715 -0.038962
v -0.038538 0.055067 -0.016727
v -0.058502 0.050332 -0.009459
v -0.051994 0.129324 -0.000854
v -0.030670 0.141438 -0.011427
v -0.080911 0.095755 0.045244
v 0.026309 0.057704 -0.024538
v 0.022229 0.055621 -0.026956
v 0.005716 0.055495 -0.034106
v -0.021699 0.054586 -0.038168
v -0.080656 0.093648 0.034792
v -0.050173 0.052112 -0.013544
v -0.055730 0.053495 -0.014478
v -0.061018 0.053607 -0.014097
v -0.062849 0.058395 0.040483
v 0.010010 0.055380 -0.032396
v 0.002208 0.056204 -0.034814
v -0.003178 0.056617 -0.035683
v -0.010006 0.057323 -0.037847
v -0.012987 0.058773 -0.038541
v -0.021044 0.058518 -0.039089
v -0.035823 0.058012 -0.018673
v -0.048808 0.056305 -0.015569
v -0.053754 0.056105 -0.015979
v -0.067524 0.053829 -0.009422
v -0.074965 0.095350 0.046186
v -0.023705 0.058712 -0.038293
v -0.037866 0.056201 -0.017375
v -0.046871 0.058451 -0.017016
v -0.062199 0.056377 -0.015696
v -0.067541 0.058711 -0.015161
v 0.016937 0.059856 -0.028797
v 0.011989 0.059739 -0.030870
v 0.008214 0.059456 -0.033932
v -0.001998 0.060073 -0.036192
v -0.007877 0.061123 -0.037707
v -0.057373 0.056373 -0.016724
v -0.070905 0.057378 -0.011138
v -0.073669 0.058969 -0.009978
v -0.050138 0.132344 -0.003006
v 0.020608 0.060502 -0.026909
v -0.006281 0.062159 -0.037912
v -0.038410 0.060578 -0.018403
v -0.041645 0.060887 -0.018831
v -0.043223 0.061601 -0.019149
v -0.063013 0.060708 -0.017886
v -0.074889 0.096817 0.049005
v 0.022638 0.062994 -0.026017
v -0.013406 0.061799 -0.038321
v -0.016568 0.062695 -0.038548
v -0.024845 0.061353 -0.037554
v -0.027617 0.064922 -0.036585
v -0.053656 0.060065 -0.018834
v -0.057593 0.059966 -0.018853
v -0.066393 0.060492 -0.016794
v 0.014219 0.063129 -0.030662
v 0.010060 0.062837 -0.032462
v 0.004395 0.064648 -0.034112
v -0.000561 0.063398 -0.035831
v -0.003947 0.064726 -0.037164
v -0.035916 0.062217 -0.019647
v -0.048615 0.062653 -0.019166
v -0.072543 0.062263 -0.013637
v 0.019337 0.064074 -0.027643
v 0.007256 0.065878 -0.033607
v -0.015184 0.065238 -0.039480
v -0.019305 0.066325 -0.039208
v -0.055842 0.062431 -0.019874
v -0.060120 0.064264 -0.019485
v -0.064239 0.066834 -0.019183
v -0.000775 0.067681 -0.036794
v -0.008969 0.066787 -0.037944
v -0.021809 0.065849 -0.038946
v -0.040210 0.067524 -0.021153
v -0.044840 0.066105 -0.020352
v -0.054141 0.064946 -0.021363
v 0.013802 0.066928 -0.030259
v 0.011548 0.067773 -0.030870
v 0.007376 0.068494 -0.032842
v 0.002149 0.068043 -0.034897
v -0.003874 0.068297 -0.037706
v 0.030104 0.066197 -0.020041
v -0.008525 0.069195 -0.038013
v -0.023436 0.070576 -0.037540
v -0.026469 0.069607 -0.036594
v -0.052033 0.126883 0.000117
v -0.049967 0.067734 -0.021657
v -0.057932 0.067851 -0.021199
v -0.069241 0.067720 -0.017499
v -0.074143 0.067671 -0.015257
v 0.028286 0.068997 -0.021575
v 0.002804 0.071428 -0.033862
v -0.036307 0.069087 -0.022410
v -0.061641 0.069583 -0.019307
v -0.041242 0.071284 -0.021456
v -0.035846 0.017731 -0.030289
v -0.031559 0.017642 -0.029336
v -0.027410 0.017581 -0.026551
v -0.017862 0.017677 -0.024810
v -0.009584 0.017840 -0.023287
v -0.001938 0.017977 -0.021965
v 0.013641 0.018617 -0.018452
v -0.041534 0.017984 -0.028070
v -0.038571 0.017598 -0.025127
v -0.034176 0.017766 -0.021750
v -0.024468 0.017909 -0.021361
v -0.017111 0.017883 -0.021135
v -0.008815 0.018319 -0.018545
v -0.002636 0.018243 -0.018510
v 0.003393 0.018417 -0.016440
v 0.009051 0.018251 -0.016146
v -0.028778 0.017830 -0.022012
v -0.045141 0.017672 -0.019423
v -0.039572 0.017901 -0.016994
v -0.018360 0.018548 -0.019551
v -0.004925 0.019017 -0.016976
v 0.008285 0.018624 -0.014133
v 0.013471 0.018415 -0.009759
v 0.017608 0.019075 -0.013636
v -0.029062 0.018900 -0.020250
v -0.026009 0.019540 -0.019665
v -0.014317 0.019588 -0.018128
v 0.002488 0.019743 -0.015311
v 0.010522 0.018730 -0.011362
v -0.033879 0.018690 -0.019454
v -0.023027 0.021650 -0.018322
v -0.017804 0.021769 -0.017386
v 0.000469 0.021898 -0.014612
v 0.007159 0.021678 -0.012061
v -0.031468 0.022801 -0.016302
v -0.028803 0.022208 -0.017875
v -0.010910 0.021997 -0.016198
v -0.002839 0.022891 -0.014044
v 0.009923 0.019194 -0.008824
v 0.015128 0.018410 -0.002802
v 0.019975 0.019304 -0.004103
v -0.020525 0.022637 -0.016728
v -0.009654 0.022817 -0.014839
v 0.003844 0.022808 -0.012081
v -0.041841 0.018001 -0.009706
v -0.038641 0.018720 -0.014671
v -0.034648 0.021846 -0.015166
v -0.028726 0.022779 -0.016650
v -0.023127 0.022836 -0.014941
v -0.011251 0.023094 -0.012907
v -0.005976 0.023196 -0.012136
v -0.000406 0.023353 -0.011359
v 0.006271 0.022869 -0.007836
v 0.007701 0.018871 -0.004293
v -0.046104 0.017645 -0.011939
v -0.017572 0.022895 -0.011058
v 0.003513 0.023293 -0.006541
v 0.008283 0.018180 0.001624
v 0.013803 0.018259 0.002217
v 0.018322 0.018481 0.002044
v -0.050274 0.017741 -0.012861
v -0.036052 0.022369 -0.012555
v -0.026863 0.022516 -0.008968
v -0.015128 0.022596 -0.000876
v 0.004785 0.022505 -0.004876
v 0.022861 0.018879 0.001764
v -0.052610 0.017926 -0.011543
v -0.051637 0.017528 -0.008668
v -0.040231 0.019731 -0.007545
v -0.008410 0.022903 -0.002801
v -0.000404 0.023122 -0.002319
v 0.001555 0.018863 0.003925
v 0.004065 0.018139 0.004134
v 0.025973 0.019006 0.003739
v 0.029962 0.019501 0.005050
v -0.057760 0.017728 -0.010538
v -0.037897 0.022401 -0.007281
v -0.020926 0.022561 -0.004588
v -0.003917 0.022901 0.000063
v 0.015938 0.020167 0.003791
v 0.020882 0.018769 0.005639
v 0.022974 0.018371 0.008530
v -0.056332 0.017420 -0.006021
v -0.047624 0.017735 0.000794
v -0.042316 0.017939 -0.004659
v -0.034415 0.022436 -0.001692
v -0.000886 0.022481 0.002701
v 0.007813 0.018554 0.004849
v 0.008908 0.020144 0.004988
v 0.012226 0.019399 0.003861
v 0.033506 0.019528 0.011206
v 0.039408 0.022238 0.008964
v -0.059914 0.017507 -0.002951
v -0.031432 0.022403 0.000820
v -0.010208 0.022597 0.005531
v 0.004728 0.018277 0.009323
v 0.006036 0.019031 0.006407
v 0.020106 0.020089 0.007246
v 0.025143 0.018469 0.010329
v -0.040462 0.018094 -0.002045
v 0.043520 0.024423 0.014754
v -0.064374 0.017514 -0.003229
v -0.054798 0.017667 0.002082
v -0.036026 0.017799 0.003969
v -0.024800 0.022416 -0.001279
v -0.002447 0.021827 0.007679
v -0.000268 0.019049 0.009728
v 0.022407 0.020015 0.010854
v 0.024853 0.018856 0.013877
v 0.030157 0.019168 0.014218
v 0.037250 0.021543 0.014826
v -0.048461 0.017601 0.005944
v -0.041420 0.017606 0.003921
v -0.027883 0.022162 0.007535
v -0.017417 0.022414 0.007372
v 0.000064 0.018972 0.015501
v 0.003286 0.018121 0.013309
v 0.005199 0.017840 0.012140
v 0.022340 0.020539 0.014225
v 0.025672 0.019331 0.020728
v -0.069068 0.017686 -0.001530
v -0.046408 0.017591 0.004280
v -0.021749 0.022315 0.008045
v -0.004544 0.022529 0.010812
v 0.022864 0.018843 0.018726
v 0.030619 0.020207 0.019124
v -0.083160 0.098911 0.047813
v -0.071343 0.018382 -0.000001
v -0.064909 0.017506 0.001909
v -0.051489 0.017672 0.008059
v -0.002884 0.021791 0.014236
v 0.020365 0.020326 0.018368
v 0.034896 0.021814 0.020388
v 0.047763 0.026932 0.017652
v -0.070519 0.017926 0.004803
v -0.062569 0.017807 0.010018
v -0.054202 0.017567 0.010031
v -0.042980 0.017979 0.006844
v -0.037734 0.017837 0.009020
v -0.031230 0.017963 0.010725
v -0.013449 0.022405 0.012820
v 0.001802 0.018866 0.018871
v 0.007532 0.018651 0.017309
v 0.039725 0.024623 0.023547
v -0.072242 0.019064 0.003766
v -0.057997 0.017731 0.012644
v -0.048982 0.018218 0.007710
v -0.046502 0.019819 0.008053
v -0.034769 0.017854 0.012383
v -0.008466 0.022462 0.017671
v -0.003730 0.022403 0.015663
v 0.004768 0.018324 0.018645
v 0.007488 0.018532 0.020792
v 0.010298 0.018980 0.019326
v 0.017945 0.018752 0.022046
v 0.022530 0.019427 0.024954
v -0.071632 0.132722 -0.035819
v -0.042638 0.019852 0.008705
v -0.039053 0.020403 0.010848
v -0.029987 0.018164 0.015135
v -0.026541 0.021847 0.015519
v -0.021249 0.022161 0.017744
v 0.013038 0.018601 0.021431
v 0.020727 0.019275 0.027651
v 0.029917 0.022078 0.024684
v 0.045384 0.027951 0.024411
v 0.049636 0.028866 0.020725
v -0.080839 0.094006 0.040469
v -0.067610 0.018156 0.011013
v -0.064790 0.018277 0.015161
v -0.049057 0.019748 0.009667
v -0.035864 0.020154 0.014211
v -0.034428 0.017981 0.014321
v -0.032634 0.018021 0.021027
v -0.001894 0.022493 0.019257
v 0.006678 0.019089 0.024224
v 0.025621 0.022519 0.029084
v -0.053046 0.017682 0.012941
v -0.024339 0.022107 0.018112
v -0.014259 0.022397 0.022044
v -0.000150 0.022411 0.021696
v 0.004074 0.019559 0.022727
v 0.013582 0.018927 0.030727
v 0.050948 0.031200 0.023322
v -0.034427 0.018096 0.017865
v -0.019007 0.022307 0.022349
v 0.010894 0.018976 0.027088
v 0.038902 0.026852 0.028171
v -0.054018 0.017260 0.017487
v -0.031021 0.018791 0.022266
v -0.005090 0.022833 0.027810
v 0.001892 0.022659 0.024269
v 0.009848 0.020085 0.028115
v 0.019534 0.019307 0.032718
v 0.032404 0.024971 0.027424
v -0.069850 0.131200 -0.027432
v -0.071642 0.097088 0.049507
v -0.072080 0.050533 0.022856
v -0.061958 0.018351 0.018471
v -0.058965 0.017855 0.018309
v -0.054436 0.017742 0.018855
v -0.034488 0.018123 0.022442
v -0.028578 0.021758 0.021984
v -0.026456 0.021843 0.020955
v 0.000373 0.023125 0.028099
v 0.004959 0.023129 0.027380
v 0.011440 0.019886 0.030711
v 0.033802 0.026037 0.028090
v -0.070287 0.057047 0.036133
v -0.073857 0.056356 0.032087
v -0.052131 0.017701 0.024182
v -0.037167 0.019704 0.023803
v 0.008038 0.023016 0.029864
v 0.041547 0.030941 0.031353
v -0.055377 0.017945 0.023082
v -0.022987 0.022345 0.026861
v -0.018655 0.022619 0.028805
v -0.009985 0.022791 0.029229
v 0.008932 0.022055 0.033249
v 0.015609 0.018842 0.035977
v -0.088874 0.096723 0.034069
v -0.075275 0.091724 0.037112
v -0.062340 0.018508 0.022117
v -0.052633 0.018403 0.027420
v -0.038252 0.018260 0.027153
v 0.006040 0.023611 0.033715
v 0.009284 0.019089 0.035880
v -0.035422 0.020000 0.046682
v -0.058351 0.053771 0.038219
v -0.041805 0.017929 0.026852
v -0.034129 0.019172 0.031678
v -0.016207 0.022853 0.031784
v -0.058993 0.043668 0.001712
v -0.058590 0.046985 0.029139
v -0.064582 0.019328 0.024075
v -0.058848 0.018334 0.028172
v -0.048219 0.017886 0.027298
v -0.041765 0.018452 0.029414
v -0.031452 0.022095 0.032002
v -0.004681 0.023478 0.036851
v 0.001707 0.023390 0.033195
v 0.004828 0.018959 0.037399
v 0.009187 0.018657 0.039052
v 0.016591 0.019310 0.040742
v -0.065609 0.046222 0.000993
v -0.063845 0.044814 0.002614
v -0.055197 0.018541 0.032274
v -0.049328 0.018548 0.029996
v -0.045071 0.018569 0.030308
v -0.036500 0.018491 0.031803
v -0.027682 0.022640 0.032939
v 0.018725 0.020381 0.040720
v -0.065190 0.044240 0.008180
v -0.059066 0.042581 0.006866
v -0.062054 0.018382 0.029962
v -0.020179 0.022955 0.034644
v -0.015197 0.023477 0.039783
v -0.002641 0.019006 0.040040
v 0.000721 0.018811 0.044722
v 0.003658 0.018665 0.041773
v 0.010177 0.018831 0.042749
v -0.070240 0.046420 0.006720
v -0.045433 0.018709 0.035791
v -0.035087 0.018489 0.035162
v -0.029824 0.022507 0.035281
v -0.025152 0.023181 0.038150
v -0.007920 0.019049 0.041398
v -0.003917 0.018677 0.044898
v 0.004987 0.018989 0.044307
v 0.016063 0.020508 0.043336
v -0.067995 0.132272 -0.032540
v -0.073123 0.049742 0.003557
v -0.062561 0.042784 0.012427
v -0.057899 0.041750 0.015633
v -0.064748 0.018602 0.034482
v -0.053511 0.018561 0.035001
v -0.041360 0.018617 0.038268
v -0.011160 0.023627 0.038788
v 0.009851 0.020040 0.044954
v -0.037131 0.018721 0.041184
v -0.032017 0.018772 0.042204
v -0.012571 0.019045 0.042726
v -0.010227 0.018825 0.047378
v 0.005161 0.019975 0.045760
v -0.069259 0.045288 0.011522
v -0.066951 0.044296 0.014704
v -0.065905 0.019051 0.034639
v -0.058195 0.018638 0.043448
v -0.041481 0.019002 0.041330
v -0.026519 0.022979 0.038061
v -0.021282 0.023284 0.038883
v -0.020241 0.023331 0.039056
v -0.018157 0.023425 0.039402
v -0.017114 0.023472 0.039576
v -0.019617 0.018915 0.044602
v -0.004340 0.019116 0.046861
v 0.001182 0.020124 0.046532
v -0.062374 0.018674 0.041072
v -0.052006 0.018679 0.043671
v -0.046066 0.018744 0.041639
v -0.034363 0.019000 0.045689
v -0.025058 0.018895 0.043675
v -0.014333 0.018797 0.047007
v -0.002191 0.020474 0.047729
v -0.073111 0.048433 0.010650
v -0.022001 0.018870 0.049705
v -0.006389 0.020162 0.048871
v -0.070886 0.046767 0.013064
v -0.064103 0.043902 0.017201
v -0.065400 0.019565 0.038986
v -0.040231 0.020016 0.042820
v -0.032068 0.019088 0.048503
v -0.019000 0.019050 0.051022
v -0.015019 0.019235 0.050021
v -0.010275 0.020285 0.049868
v -0.075941 0.051658 0.011881
v -0.047494 0.131761 -0.002929
v -0.020577 0.143509 -0.011617
v -0.029615 0.138752 -0.006850
v -0.025697 0.141898 -0.010699
v -0.050193 0.128391 0.000714
v -0.066273 0.132078 -0.029228
v -0.063839 0.135415 -0.032232
v -0.065106 0.128451 -0.014139
v -0.066546 0.136606 -0.045834
v -0.035639 0.137658 -0.007818
v -0.066280 0.128684 -0.016238
v -0.033588 0.137003 -0.005580
v -0.070489 0.128075 -0.015065
v -0.066459 0.137838 -0.049367
v -0.066420 0.133970 -0.035346
v -0.035637 0.140292 -0.010472
v -0.015179 0.148553 -0.017904
v -0.069516 0.134008 -0.042110
v -0.061957 0.148779 -0.059723
v -0.046252 0.130344 -0.001086
v -0.068898 0.135996 -0.046231
v -0.041287 0.133348 -0.003801
v -0.066353 0.130394 -0.022994
v -0.041186 0.135573 -0.006394
v -0.064125 0.125570 -0.007525
v -0.064161 0.130474 -0.017746
v -0.070163 0.133147 -0.038631
v -0.064627 0.141771 -0.053770
v -0.022811 0.145485 -0.014345
v -0.066945 0.125868 -0.009115
v -0.065640 0.137337 -0.041956
v -0.018425 0.147716 -0.016706
v -0.047456 0.128655 0.003886
v -0.069012 0.129985 -0.023747
v -0.068082 0.134654 -0.042338
v -0.064454 0.126986 -0.009368
v -0.063878 0.131896 -0.021631
vn -0.2155 0.9609 -0.1739
vn -0.3555 0.9279 0.1122
vn 0.8706 0.4874 -0.0671
vn -0.2971 0.8956 0.3313
vn 0.1326 0.9016 0.4118
vn -0.0427 -0.7611 -0.6472
vn -0.3344 0.9203 0.2030
vn -0.7893 -0.0993 -0.6059
vn -0.8309 -0.5430 -0.1217
vn 0.6643 0.6455 0.3769
vn -0.3596 0.8458 0.3941
vn -0.1981 0.7998 0.5666
vn 0.2911 -0.8840 -0.3657
vn -0.8841 -0.4154 -0.2139
vn -0.9327 -0.2477 0.2621
vn -0.9140 0.3679 -0.1708
vn -0.9116 0.4090 0.0423
vn -0.6308 0.3705 -0.6818
vn -0.4845 -0.5794 0.6554
vn 0.8898 0.4245 0.1674
vn 0.4879 0.8450 0.2188
vn -0.2176 0.8839 0.4140
vn -0.0292 0.9142 0.4041
vn -0.9509 0.2676 -0.1554
vn -0.9919 -0.0811 -0.0979
vn 0.9228 -0.1892 0.3357
vn -0.2670 0.9452 0.1880
vn -0.1565 0.9738 -0.1651
vn -0.9317 0.1117 -0.3457
vn -0.3988 0.8253 0.3997
vn -0.0378 0.9978 -0.0545
vn -0.0507 0.9947 -0.0899
vn 0.1931 0.9540 0.2294
vn 0.7318 0.6220 0.2786
vn -0.9736 0.2197 -0.0622
vn -0.9706 0.1607 -0.1793
vn -0.1667 0.9847 -0.0514
vn -0.2810 0.9408 0.1898
vn -0.3356 0.8575 0.3901
vn -0.2388 0.9085 0.3429
vn -0.9745 -0.0161 -0.2236
vn -0.2813 0.8444 0.4559
vn -0.1421 0.9846 -0.1016
vn -0.9870 -0.0110 -0.1603
vn -0.9726 0.1200 -0.1993
vn 0.6490 0.7399 0.1772
vn -0.1789 0.9477 0.2642
vn 0.8761 -0.3765 -0.3012
vn 0.7021 0.2064 -0.6815
vn -0.2565 0.8859 0.3865
vn -0.2008 0.9099 0.3630
vn -0.1171 0.9695 0.2153
vn -0.1276 0.9866 0.1013
vn 0.8057 0.4431 0.3931
vn -0.7862 0.4059 0.4660
vn -0.1665 0.9518 -0.2575
vn 0.0003 0.9570 0.2901
vn 0.9181 0.3474 -0.1906
vn -0.2085 0.7965 0.5676
vn 0.6932 0.4390 0.5716
vn 0.3529 0.8333 0.4256
vn 0.8758 0.4547 0.1620
vn 0.5186 0.8493 0.0984
vn -0.1168 0.9931 0.0118
vn -0.8512 -0.4961 0.1713
vn -0.9199 -0.2202 0.3246
vn 0.6873 0.6011 0.4078
vn 0.4093 0.7552 0.5120
vn -0.4889 0.2633 0.8317
vn -0.3230 0.4064 0.8547
vn -0.3268 0.8883 0.3226
vn -0.0455 0.9557 0.2910
vn -0.0404 0.8946 0.4450
vn -0.4168 0.3076 -0.8554
vn -0.3470 0.8712 0.3472
vn -0.3296 0.8790 0.3446
vn -0.1535 0.7011 0.6963
vn -0.2498 0.9665 -0.0594
vn 0.3686 0.3745 0.8508
vn -0.7716 0.5114 -0.3782
vn -0.0901 0.9867 0.1353
vn -0.9641 0.1942 -0.1810
vn -0.5024 0.7652 0.4026
vn 0.0116 0.9892 0.1460
vn 0.0634 0.9923 -0.1061
vn -0.9628 0.2445 -0.1147
vn -0.1675 -0.4465 0.8790
vn -0.1613 -0.3970 0.9036
vn -0.1514 0.3868 0.9096
vn -0.2476 0.6150 0.7486
vn -0.1947 0.9583 0.2094
vn -0.0052 0.9783 0.2073
vn -0.3353 0.7625 0.5533
vn 0.9696 -0.0729 -0.2336
vn -0.8205 0.2639 -0.5071
vn -0.9397 -0.3404 0.0332
vn -0.9941 -0.0585 -0.0912
vn -0.8897 -0.4481 -0.0870
vn -0.9350 0.3542 -0.0171
vn -0.8940 0.3941 -0.2131
vn 0.0350 -0.2263 0.9734
vn -0.1226 -0.1657 0.9785
vn 0.0405 0.0771 0.9962
vn 0.9399 0.2664 -0.2135
vn 0.3374 0.9170 0.2127
vn 0.7078 0.6116 0.3534
vn -0.2640 0.9462 -0.1872
vn -0.7975 -0.0860 0.5972
vn -0.0096 0.9907 -0.1354
vn -0.4456 -0.0522 -0.8937
vn 0.0409 0.4144 0.9092
vn 0.9404 -0.3354 0.0556
vn 0.9724 0.1821 -0.1456
vn 0.9443 0.2226 -0.2425
vn 0.6698 0.6484 0.3619
vn -0.5098 0.7142 -0.4796
vn 0.2399 0.1394 0.9607
vn 0.1194 0.4714 0.8738
vn 0.1147 0.4838 0.8676
vn -0.1052 0.6848 0.7211
vn -0.9449 0.3040 0.1212
vn -0.1776 0.8816 0.4374
vn 0.0270 0.6440 0.7646
vn -0.0258 0.7818 0.6229
vn -0.9119 0.0744 0.4036
vn 0.1885 0.9226 -0.3366
vn 0.0828 -0.4501 -0.8891
vn -0.2724 0.0017 0.9622
vn -0.2260 0.0715 0.9715
vn 0.2826 0.1412 0.9488
vn 0.0857 -0.7072 -0.7018
vn 0.1667 0.9822 -0.0865
vn -0.8635 -0.0286 -0.5035
vn -0.1353 -0.1476 0.9798
vn -0.1051 -0.4329 0.8953
vn -0.4964 0.7731 0.3949
vn 0.7729 0.0941 -0.6275
vn -0.0914 0.9957 -0.0163
vn 0.0373 0.8492 0.5268
vn 0.0408 0.8490 0.5269
vn -0.9654 0.2097 0.1552
vn -0.1073 -0.4477 -0.8877
vn -0.2877 -0.7699 -0.5696
vn 0.9078 -0.2183 -0.3582
vn 0.9473 0.2821 -0.1518
vn -0.8068 -0.3905 -0.4434
vn 0.9787 -0.0230 -0.2042
vn 0.0995 0.7223 -0.6843
vn 0.1544 -0.8362 -0.5262
vn 0.0845 0.9772 -0.1947
vn 0.1120 0.9928 -0.0421
vn 0.6181 -0.7436 -0.2550
vn -0.1263 0.2058 0.9704
vn 0.0789 -0.1046 -0.9914
vn 0.0143 -0.3912 -0.9202
vn 0.1777 -0.0327 0.9835
vn 0.1430 0.2940 0.9450
vn -0.0797 0.2954 0.9520
vn 0.1803 0.2371 0.9546
vn 0.1416 0.1886 0.9718
vn 0.1915 0.5182 0.8336
vn 0.2352 0.5341 0.8120
vn 0.1810 0.5909 0.7862
vn 0.9691 0.2428 0.0434
vn -0.0508 -0.9987 0.0051
vn 0.6537 -0.0067 -0.7567
vn -0.8772 -0.2747 -0.3937
vn 0.9737 -0.2243 0.0404
vn 0.7027 -0.1387 -0.6979
vn -0.2601 -0.2784 -0.9246
vn -0.7759 -0.0808 0.6257
vn -0.6310 0.6675 0.3954
vn 0.0135 -0.2286 -0.9734
vn -0.3711 0.5692 0.7337
vn 0.2695 -0.2909 0.9180
vn 0.0991 0.0056 0.9951
vn 0.0710 0.1728 0.9824
vn 0.5692 -0.6208 -0.5391
vn -0.1843 -0.4928 -0.8504
vn -0.0170 -0.9998 0.0066
vn 0.1768 0.8908 -0.4185
vn -0.1725 0.1531 0.9730
vn -0.1784 -0.0308 0.9835
vn -0.3914 0.3498 0.8511
vn -0.1486 -0.5334 0.8327
vn 0.5503 0.1622 -0.8190
vn 0.8128 -0.2940 -0.5029
vn 0.9264 0.3755 -0.0278
vn -0.8500 0.5154 0.1085
vn -0.9381 0.3437 0.0417
vn 0.0028 0.8428 0.5383
vn -0.2951 0.3034 0.9060
vn -0.2659 0.4017 0.8763
vn -0.0050 -0.2594 0.9658
vn 0.9649 -0.2013 0.1687
vn 0.2059 0.6218 0.7556
vn -0.9734 0.1327 -0.1869
vn -0.0331 -0.9975 0.0628
vn -0.9344 -0.3559 -0.0152
vn 0.9395 -0.1998 -0.2783
vn -0.9583 -0.2485 -0.1408
vn -0.1312 0.9788 0.1573
vn -0.7619 -0.6281 -0.1585
vn -0.3517 0.4139 0.8396
vn -0.3016 0.3114 0.9012
vn 0.0742 -0.9773 0.1984
vn -0.1137 0.6164 0.7792
vn 0.4525 -0.5192 0.7250
vn 0.3322 -0.0000 0.9432
vn 0.2137 -0.5905 0.7783
vn 0.1792 -0.6038 0.7768
vn 0.1462 -0.5608 0.8149
vn 0.0155 -0.8086 0.5882
vn -0.0218 -0.7834 0.6211
vn 0.1183 0.0318 0.9925
vn 0.9696 0.1908 -0.1532
vn 0.9279 0.3725 -0.0176
vn 0.0736 0.9895 0.1245
vn -0.5048 0.1777 0.8447
vn 0.2559 -0.1949 -0.9469
vn -0.0558 0.0701 0.9960
vn -0.1332 0.2595 0.9565
vn -0.0889 0.1521 0.9844
vn 0.0027 0.0355 0.9994
vn 0.2501 0.1565 0.9555
vn -0.0079 0.0113 0.9999
vn 0.3087 -0.1662 0.9365
vn 0.3894 -0.4303 0.8144
vn 0.9591 0.2804 0.0396
vn 0.6650 -0.1741 -0.7262
vn 0.8316 0.5108 -0.2181
vn -0.1268 0.9812 0.1452
vn -0.0868 0.9568 -0.2774
vn -0.0831 0.9712 0.2234
vn -0.9440 0.1482 -0.2947
vn -0.2718 -0.1141 0.9556
vn -0.3755 0.2113 0.9024
vn -0.3963 0.3345 0.8550
vn -0.3549 0.0499 0.9336
vn 0.3859 -0.0692 0.9200
vn 0.0083 -0.4739 0.8805
vn 0.4492 -0.8814 -0.1461
vn -0.0974 0.4878 0.8675
vn 0.1446 -0.2144 0.9660
vn 0.0912 0.2126 0.9729
vn 0.4859 -0.1853 0.8542
vn 0.0901 0.2114 0.9732
vn 0.2413 -0.1204 0.9630
vn 0.9578 0.2368 0.1626
vn 0.9515 -0.1767 -0.2518
vn 0.1014 0.4347 0.8948
vn 0.5341 -0.5598 -0.6335
vn -0.0754 0.5849 0.8076
vn -0.2945 0.1298 0.9468
vn -0.0442 -0.4251 0.9041
vn -0.8379 -0.2327 -0.4937
vn -0.2364 0.9464 0.2200
vn 0.8140 0.5235 0.2517
vn 0.8343 0.4252 0.3510
vn -0.9813 0.1115 -0.1569
vn 0.0356 0.0088 -0.9993
vn -0.2992 -0.9262 0.2294
vn -0.0600 -0.1560 0.9859
vn -0.0105 -0.2484 0.9686
vn 0.3010 0.1705 0.9383
vn 0.2034 0.3500 0.9144
vn 0.3689 0.7333 0.5712
vn 0.4633 -0.8773 0.1255
vn 0.2379 0.2484 0.9390
vn 0.2934 0.2366 0.9262
vn 0.6968 -0.5925 -0.4043
vn -0.7872 -0.5665 0.2437
vn -0.8894 0.4344 -0.1423
vn -0.1293 0.0883 0.9877
vn -0.0660 0.2756 0.9590
vn -0.1424 0.4737 0.8691
vn -0.1185 0.5202 0.8458
vn -0.9948 -0.0565 0.0846
vn 0.0982 0.4596 0.8827
vn 0.1041 0.4503 0.8868
vn 0.0107 0.5548 0.8319
vn -0.9690 -0.0483 0.2424
vn -0.9813 0.0396 -0.1886
vn -0.3102 0.9491 0.0556
vn -0.2313 -0.2138 0.9491
vn -0.2628 -0.4107 0.8731
vn -0.0180 -0.4699 0.8826
vn 0.0991 -0.2428 0.9650
vn -0.2076 0.2156 0.9542
vn -0.1417 0.5043 0.8518
vn -0.1081 0.0665 0.9919
vn 0.3371 0.4409 0.8318
vn -0.0832 -0.7141 0.6950
vn 0.1352 0.2874 0.9482
vn 0.3577 0.3231 0.8762
vn 0.4834 0.7480 0.4547
vn -0.9323 -0.3578 -0.0533
vn -0.4773 0.2203 -0.8507
vn 0.0729 -0.2370 0.9688
vn 0.1556 -0.0298 0.9874
vn -0.1093 0.3063 0.9456
vn -0.1028 0.4707 0.8763
vn 0.9125 0.2272 -0.3403
vn 0.2113 0.0104 0.9774
vn 0.2302 0.2329 0.9449
vn -0.0510 0.2723 0.9609
vn -0.1575 0.9848 0.0731
vn -0.1473 0.9891 0.0024
vn 0.0804 -0.2476 0.9655
vn 0.0803 -0.2440 0.9664
vn -0.1173 0.0544 0.9916
vn -0.1352 0.3366 0.9319
vn 0.1160 0.3200 0.9403
vn 0.0365 0.0134 0.9992
vn 0.3939 -0.3511 0.8495
vn 0.6620 -0.7366 -0.1387
vn -0.7199 -0.1886 -0.6680
vn 0.2828 0.1387 0.9491
vn -0.2041 0.7237 0.6592
vn -0.2560 -0.4253 0.8681
vn -0.0277 -0.0894 0.9956
vn 0.0968 0.1308 0.9867
vn 0.2213 0.6041 0.7656
vn 0.4872 0.0364 0.8726
vn 0.1701 0.6580 0.7336
vn -0.2642 -0.5710 0.7772
vn -0.2989 -0.2626 0.9174
vn 0.3496 -0.1302 0.9278
vn 0.2542 -0.9621 0.0983
vn 0.0243 -0.1307 0.9911
vn 0.0071 0.1695 0.9855
vn 0.5183 -0.0987 0.8495
vn -0.4427 0.7431 0.5018
vn 0.0537 0.6969 0.7152
vn -0.2389 0.4576 0.8565
vn -0.2160 -0.8678 -0.4475
vn -0.2504 0.5017 0.8280
vn -0.5079 0.8531 0.1193
vn -0.4010 0.3730 -0.8367
vn -0.6576 0.1850 -0.7303
vn -0.4751 0.0765 -0.8766
vn -0.3689 -0.0251 0.9291
vn -0.0614 0.5467 0.8351
vn -0.0198 0.6143 0.7888
vn 0.1589 0.0450 0.9863
vn -0.1477 -0.7666 0.6249
vn 0.4940 0.2412 0.8353
vn 0.8628 0.3769 -0.3370
vn 0.8463 0.4124 -0.3373
vn -0.9024 -0.2277 0.3658
vn 0.1985 0.8728 0.4460
vn -0.1285 -0.6787 -0.7231
vn -0.4629 0.2792 -0.8413
vn -0.2883 -0.2882 -0.9132
vn 0.0492 -0.5430 0.8383
vn 0.0511 -0.5467 0.8358
vn -0.3022 0.0264 0.9529
vn -0.1666 -0.0843 0.9824
vn 0.2202 0.3244 0.9199
vn 0.1956 0.4928 0.8478
vn -0.0719 0.0192 0.9972
vn 0.0919 -0.5616 0.8223
vn 0.0871 0.1092 0.9902
vn 0.2047 0.2060 0.9569
vn -0.2007 0.1793 0.9631
vn 0.7463 -0.3331 -0.5763
vn -0.0597 0.5676 0.8211
vn 0.6372 -0.7080 -0.3045
vn -0.4510 -0.7669 -0.4566
vn -0.2665 0.0259 0.9635
vn 0.0025 0.1636 0.9865
vn -0.0361 0.1742 0.9841
vn 0.2552 0.4663 0.8470
vn 0.1616 0.3568 0.9201
vn 0.0397 0.6226 0.7815
vn -0.2738 -0.3847 0.8815
vn -0.1222 -0.0498 0.9912
vn 0.2459 -0.0092 0.9693
vn 0.1113 -0.0829 0.9903
vn -0.1932 0.4936 0.8479
vn -0.3072 0.6015 0.7375
vn 0.1765 0.3882 0.9045
vn 0.9811 -0.1850 -0.0573
vn 0.0085 -0.3995 -0.9167
vn -0.7091 -0.0685 0.7018
vn 0.0859 -0.4082 0.9088
vn 0.1260 -0.4574 0.8803
vn 0.2106 -0.1263 0.9694
vn 0.1491 -0.0900 0.9847
vn 0.3433 0.2096 0.9155
vn 0.2499 0.1868 0.9501
vn 0.4804 0.1080 0.8704
vn -0.0653 -0.7816 0.6204
vn -0.1406 -0.0176 0.9899
vn -0.0071 0.6896 0.7242
vn -0.0235 -0.1515 0.9882
vn 0.1335 0.8541 0.5026
vn -0.0284 0.9262 0.3761
vn -0.2021 -0.4006 -0.8937
vn -0.0016 -0.9993 0.0379
vn 0.2462 -0.2625 0.9330
vn -0.0846 -0.3058 0.9483
vn 0.0981 0.2198 0.9706
vn 0.1330 0.2428 0.9609
vn 0.1618 0.3568 0.9201
vn -0.0587 0.5641 0.8236
vn 0.4708 -0.8774 0.0917
vn 0.1454 0.6901 0.7089
vn -0.0514 0.1416 0.9886
vn 0.1143 -0.3791 0.9183
vn 0.1817 -0.1371 0.9737
vn 0.0301 0.1882 0.9817
vn -0.0782 0.7521 0.6544
vn 0.6180 0.7305 0.2907
vn -0.9926 -0.1209 0.0147
vn -0.1625 0.1812 -0.9699
vn -0.1823 -0.2991 0.9366
vn -0.1894 -0.3001 0.9349
vn -0.0442 0.0589 0.9973
vn -0.0824 0.1687 0.9822
vn -0.2396 -0.0755 0.9679
vn -0.2902 0.2619 0.9204
vn -0.1764 0.4999 0.8479
vn 0.2646 0.4621 0.8464
vn -0.1044 0.5589 0.8227
vn -0.1299 -0.1708 0.9767
vn 0.1390 0.2520 0.9577
vn -0.2899 0.9525 0.0935
vn -0.7774 -0.3883 0.4949
vn 0.2165 -0.9432 -0.2521
vn -0.8703 -0.4694 -0.1494
vn 0.0213 0.3495 0.9367
vn -0.2671 0.2449 0.9320
vn -0.0856 0.3755 0.9229
vn 0.0733 0.6468 0.7591
vn -0.0161 -0.9293 -0.3689
vn 0.2999 -0.4123 0.8603
vn 0.0079 0.2898 0.9571
vn -0.1168 -0.6874 0.7168
vn 0.3521 -0.0307 0.9355
vn -0.0700 0.5196 0.8515
vn -0.1983 0.1337 0.9710
vn 0.1385 0.4632 0.8754
vn 0.2438 -0.1353 0.9603
vn 0.2825 -0.2523 0.9255
vn 0.4297 0.5894 0.6841
vn -0.1690 -0.1431 0.9752
vn -0.2585 0.9655 0.0312
vn -0.0819 0.9694 0.2316
vn -0.9684 0.1037 -0.2269
vn -0.0863 -0.1400 0.9864
vn 0.1303 0.5411 0.8308
vn -0.0176 0.3543 0.9350
vn -0.2640 0.7976 0.5424
vn -0.2839 0.5569 0.7805
vn 0.3502 -0.2387 0.9057
vn 0.2550 0.7523 0.6074
vn -0.1418 0.8280 0.5425
vn -0.2234 0.6817 0.6966
vn -0.8416 -0.3218 0.4338
vn 0.1048 -0.7566 -0.6454
vn -0.9928 0.1193 0.0120
vn 0.4098 0.8470 0.3388
vn 0.0949 -0.4454 0.8903
vn 0.1222 -0.3697 0.9211
vn 0.1034 0.3782 0.9199
vn 0.1747 -0.2351 0.9561
vn -0.3531 0.3241 0.8777
vn 0.2959 -0.5923 0.7494
vn -0.9966 -0.0115 0.0816
vn -0.0227 0.6661 0.7456
vn -0.3568 0.5482 0.7565
vn -0.4255 0.1766 0.8875
vn 0.1751 -0.0195 0.9844
vn 0.1117 -0.3462 0.9315
vn 0.2466 -0.0852 0.9654
vn 0.4085 -0.1089 0.9063
vn 0.2748 0.3263 0.9044
vn 0.2280 0.5102 0.8293
vn 0.1860 0.7230 0.6653
vn 0.1299 0.2532 0.9586
vn 0.1604 0.5384 0.8273
vn 0.2488 0.4212 0.8722
vn 0.9102 -0.4140 -0.0072
vn 0.2157 0.3170 0.9236
vn 0.5763 -0.0594 0.8151
vn -0.0812 0.9967 0.0076
vn -0.1512 0.8743 0.4613
vn 0.4344 0.0704 0.8979
vn 0.4045 0.2554 0.8782
vn 0.3763 0.2580 0.8899
vn -0.2707 0.2529 0.9288
vn 0.1002 -0.7549 -0.6481
vn 0.0056 -0.8929 -0.4503
vn 0.1524 -0.1406 0.9783
vn -0.1698 -0.1441 0.9749
vn 0.0308 -0.9959 0.0854
vn 0.1804 0.3413 0.9225
vn 0.0653 0.5285 0.8464
vn 0.0941 0.5837 0.8065
vn -0.0299 0.6657 0.7456
vn 0.6773 -0.2083 -0.7057
vn -0.0720 -0.0308 0.9969
vn 0.4915 -0.2441 0.8360
vn -0.0789 0.0152 0.9968
vn 0.4832 -0.2209 0.8472
vn 0.4046 -0.3163 0.8580
vn 0.2194 -0.0047 0.9756
vn -0.1443 0.2595 0.9549
vn -0.1097 0.6767 0.7280
vn -0.1366 -0.4862 0.8631
vn 0.2978 -0.4117 0.8613
vn 0.1165 0.5707 0.8128
vn -0.0750 0.4396 0.8951
vn 0.8712 0.2755 -0.4064
vn -0.2564 0.2729 0.9273
vn 0.6585 0.6558 0.3692
vn -0.7934 0.4014 -0.4575
vn 0.8947 -0.4343 -0.1046
vn -0.2901 -0.4494 0.8449
vn 0.4691 -0.2788 0.8380
vn 0.4161 0.0905 0.9048
vn 0.2163 -0.0414 0.9755
vn -0.0327 0.2099 0.9772
vn -0.0904 0.4762 0.8747
vn 0.0626 0.5980 0.7990
vn 0.0521 0.6570 0.7521
vn -0.1080 0.4915 0.8641
vn 0.1791 0.7071 0.6840
vn 0.1929 0.4407 0.8767
vn 0.1551 0.4689 0.8695
vn -0.2856 0.0506 0.9570
vn 0.2329 0.1527 0.9605
vn -0.2287 0.6664 0.7096
vn 0.1298 0.4409 0.8881
vn -0.0681 0.5851 0.8081
vn 0.1568 0.3950 0.9052
vn -0.9494 0.1550 0.2732
vn 0.3581 -0.9070 -0.2214
vn 0.3490 0.4955 0.7954
vn -0.3495 -0.0971 0.9319
vn 0.5757 0.1118 0.8100
vn -0.1899 -0.0837 0.9782
vn -0.1643 0.2445 0.9556
vn 0.1701 -0.1970 0.9655
vn 0.2747 0.0451 0.9605
vn 0.3631 0.1868 0.9128
vn 0.8528 0.3815 -0.3566
vn -0.9082 0.2321 -0.3482
vn 0.0339 -0.5268 -0.8493
vn 0.1505 -0.4616 0.8743
vn 0.6853 -0.0503 0.7265
vn 0.2323 -0.1345 -0.9633
vn -0.0523 0.4165 0.9077
vn -0.1700 0.2740 0.9466
vn 0.0418 -0.2196 0.9747
vn 0.1793 0.1060 0.9781
vn -0.1105 0.0111 0.9938
vn -0.1521 0.7732 0.6156
vn 0.9966 0.0347 -0.0743
vn -0.2466 -0.3441 0.9060
vn 0.1356 0.3510 0.9265
vn -0.9264 0.0358 -0.3748
vn 0.0568 -0.1567 0.9860
vn -0.0662 -0.2317 0.9705
vn -0.1659 -0.2081 0.9639
vn 0.0933 -0.1320 0.9868
vn 0.1417 -0.2239 0.9642
vn 0.0351 0.0280 0.9990
vn -0.1394 0.1208 0.9828
vn 0.0035 0.2634 0.9647
vn 0.4694 0.3674 0.8029
vn -0.0113 0.5912 0.8064
vn -0.0231 0.6239 0.7812
vn 0.4818 -0.8712 0.0941
vn 0.4049 0.5106 0.7585
vn 0.0603 0.0129 0.9981
vn -0.0786 -0.2956 0.9521
vn -0.1393 -0.0906 0.9861
vn -0.0432 -0.0710 0.9965
vn -0.0515 0.2813 0.9582
vn -0.5610 -0.2761 0.7804
vn -0.2963 -0.1211 0.9474
vn 0.1838 0.5443 0.8185
vn -0.2409 -0.6007 0.7623
vn 0.1664 -0.3331 0.9281
vn 0.2881 0.2234 0.9312
vn -0.0262 0.2149 0.9763
vn 0.1401 -0.2640 0.9543
vn -0.0412 -0.0568 0.9975
vn 0.2339 -0.1862 0.9543
vn -0.3581 0.0879 0.9295
vn -0.1499 0.0508 0.9874
vn -0.3462 0.0798 0.9347
vn -0.4805 0.0260 0.8766
vn -0.1624 0.2518 0.9541
vn 0.0593 0.5178 0.8534
vn 0.2361 0.3893 0.8903
vn 0.1951 0.3714 0.9078
vn 0.9618 -0.0636 -0.2664
vn -0.3490 0.6698 0.6554
vn 0.0265 -0.2492 0.9681
vn 0.2289 -0.3827 0.8951
vn 0.4767 0.1727 0.8620
vn -0.5875 0.5644 -0.5799
vn 0.3613 0.1914 0.9126
vn 0.1137 -0.1175 0.9865
vn 0.2396 -0.1246 0.9628
vn -0.0267 -0.1960 0.9802
vn -0.2989 0.2903 0.9091
vn -0.3015 0.2947 0.9068
vn 0.2723 0.5602 0.7823
vn 0.2432 0.6153 0.7499
vn 0.0189 0.6232 0.7818
vn 0.1097 0.4449 0.8888
vn 0.2648 -0.1989 0.9436
vn -0.1923 -0.0827 0.9778
vn 0.2476 0.2760 0.9287
vn 0.4608 0.1528 0.8742
vn -0.8348 -0.5462 -0.0691
vn -0.2098 0.4240 0.8810
vn 0.3175 0.1637 0.9340
vn 0.3038 -0.3735 0.8765
vn 0.0552 -0.0297 0.9980
vn 0.0590 -0.0397 0.9975
vn 0.1409 -0.2560 0.9564
vn 0.0012 -0.2291 0.9734
vn 0.3577 0.1752 0.9173
vn 0.0026 -0.2218 0.9751
vn -0.1196 0.4614 0.8791
vn -0.1842 0.5064 0.8424
vn -0.1299 0.4019 0.9064
vn -0.0032 0.6120 0.7909
vn -0.0028 0.4729 0.8811
vn 0.0274 0.7183 0.6952
vn 0.0567 -0.0121 0.9983
vn 0.4060 0.1569 0.9003
vn 0.0982 0.5720 0.8144
vn 0.5601 -0.8283 0.0136
vn 0.3623 -0.1480 0.9202
vn 0.3077 -0.2593 0.9155
vn 0.2299 -0.0956 0.9685
vn 0.1728 0.6276 0.7591
vn 0.2383 0.5495 0.8008
vn 0.2894 -0.0254 0.9569
vn 0.2300 -0.0888 0.9691
vn 0.4223 -0.2026 0.8835
vn 0.5069 -0.0274 0.8616
vn -0.3514 -0.2691 0.8967
vn -0.0929 -0.0016 0.9957
vn -0.2911 0.2894 0.9119
vn -0.1965 0.4393 0.8766
vn -0.0744 0.6001 0.7964
vn -0.0489 0.4962 0.8668
vn -0.2080 -0.1876 0.9600
vn 0.0907 -0.1551 0.9837
vn -0.7452 -0.5906 -0.3096
vn 0.3496 -0.9277 -0.1308
vn 0.3729 -0.2402 0.8962
vn 0.5401 -0.1826 0.8216
vn 0.4016 -0.0867 0.9117
vn -0.3008 -0.3697 0.8791
vn -0.2828 0.2972 0.9120
vn -0.2952 0.4731 0.8301
vn -0.1774 0.6228 0.7620
vn -0.1467 0.6076 0.7806
vn 0.1965 0.7052 0.6813
vn 0.4577 -0.4879 0.7432
vn 0.1080 0.8689 0.4830
vn -0.2352 0.4133 0.8797
vn 0.2873 -0.9066 -0.3091
vn -0.1516 0.6256 0.7653
vn 0.1306 -0.2242 0.9657
vn 0.2989 0.2093 0.9311
vn 0.6232 0.5389 0.5668
vn 0.1864 0.0502 0.9812
vn 0.1130 -0.1916 0.9749
vn -0.1469 -0.5613 0.8145
vn -0.1868 -0.3911 0.9012
vn -0.2038 0.4370 0.8761
vn 0.0319 -0.2465 0.9686
vn -0.2926 0.7150 0.6350
vn -0.2251 0.9711 -0.0794
vn -0.3552 0.8227 0.4439
vn -0.8222 0.1150 -0.5574
vn 0.4419 -0.2040 0.8736
vn 0.4624 -0.1726 0.8697
vn 0.3246 -0.1631 0.9317
vn 0.1909 -0.0480 0.9804
vn -0.0223 -0.1409 0.9898
vn 0.1032 -0.0375 0.9940
vn -0.2859 0.4775 0.8308
vn 0.1367 0.4773 0.8681
vn 0.9948 0.0967 0.0333
vn 0.9895 0.1203 0.0804
vn -0.0307 0.6308 0.7753
vn 0.6382 -0.1363 0.7577
vn 0.2508 0.5552 0.7930
vn 0.9874 0.0749 0.1395
vn -0.9553 -0.2675 -0.1262
vn 0.7921 -0.5252 -0.3109
vn 0.3393 -0.0192 0.9405
vn 0.3011 -0.1170 0.9464
vn 0.2241 -0.0465 0.9735
vn -0.6519 -0.1825 0.7360
vn -0.6135 -0.1702 0.7712
vn 0.1174 -0.0930 0.9887
vn -0.1916 -0.2795 0.9408
vn -0.0803 0.2418 0.9670
vn -0.1064 0.4962 0.8617
vn -0.2111 0.3072 0.9279
vn 0.4441 -0.4516 0.7739
vn -0.7132 -0.7010 0.0007
vn -0.0003 0.5035 0.8640
vn 0.3741 -0.2267 0.8993
vn 0.1495 -0.2207 0.9638
vn -0.0062 -0.2667 0.9638
vn -0.2387 -0.1835 0.9536
vn 0.1365 0.3965 0.9078
vn 0.1426 0.3442 0.9280
vn -0.1417 0.5047 0.8516
vn -0.0883 0.6079 0.7891
vn -0.0980 0.6428 0.7597
vn 0.9725 0.2302 0.0351
vn -0.0748 -0.3826 -0.9209
vn 0.2395 0.2706 0.9324
vn 0.0852 0.1670 0.9823
vn 0.0496 0.1981 0.9789
vn -0.2001 0.4440 0.8734
vn -0.5036 0.8106 -0.2989
vn 0.7593 0.6335 0.1487
vn -0.3518 0.9176 0.1849
vn 0.3468 0.9378 0.0138
vn -0.4695 0.0164 0.8828
vn -0.0431 -0.3382 0.9401
vn -0.1229 0.5935 0.7954
vn -0.0623 0.6723 0.7377
vn 0.9224 -0.0612 -0.3814
vn 0.2865 0.3126 0.9056
vn 0.0163 -0.0750 0.9971
vn 0.9872 0.0610 0.1472
vn 0.0848 0.4720 0.8775
vn -0.0432 0.1879 0.9812
vn -0.5176 -0.7897 0.3293
vn 0.0356 0.9971 0.0666
vn 0.6914 0.7009 0.1751
vn -0.4155 -0.1392 0.8989
vn -0.5346 -0.1629 0.8292
vn -0.3013 -0.3144 0.9002
vn -0.5301 -0.2585 0.8076
vn -0.7221 0.6132 0.3202
vn -0.4972 0.2167 0.8401
vn 0.3955 0.3889 0.8321
vn -0.3017 0.2774 0.9121
vn -0.1899 0.5069 0.8408
vn -0.4628 0.7110 -0.5294
vn 0.4726 -0.1994 0.8584
vn 0.0458 0.2255 0.9732
vn 0.2302 0.5720 0.7873
vn -0.3641 -0.9060 -0.2159
vn -0.1224 -0.6973 -0.7062
vn 0.0100 -0.8655 -0.5007
vn 0.4244 0.3304 0.8430
vn -0.3349 0.3083 0.8904
vn -0.2888 0.4694 0.8344
vn -0.3930 0.6302 0.6696
vn -0.0630 0.6722 0.7377
vn 0.2246 0.2020 0.9533
vn -0.1808 -0.0497 0.9823
vn -0.0641 0.2136 0.9748
vn -0.4527 0.5356 0.7129
vn -0.2217 0.3910 0.8933
vn 0.1109 0.9935 0.0255
vn -0.2080 -0.4036 -0.8910
vn -0.2856 -0.4935 -0.8215
vn 0.3443 0.9388 -0.0092
vn -0.1103 0.7189 0.6863
vn -0.9034 0.2416 -0.3543
vn -0.3459 -0.1446 0.9271
vn -0.1239 0.3624 0.9238
vn -0.3740 0.7129 0.5932
vn -0.0413 0.9315 0.3615
vn -0.5191 0.7036 0.4853
vn 0.4888 0.8232 0.2888
vn -0.9974 0.0636 0.0344
vn 0.2140 0.9653 0.1500
vn 0.4429 0.3163 0.8390
vn -0.3499 0.6739 0.6507
vn -0.4450 0.4843 0.7533
vn -0.3162 0.6903 0.6507
vn -0.9997 0.0144 -0.0207
vn 0.8803 0.2965 -0.3705
vn 0.0722 0.3774 0.9232
vn 0.2773 0.4184 0.8649
vn -0.1174 -0.5546 -0.8238
vn 0.3779 0.6218 0.6860
vn 0.2330 0.4660 0.8535
vn -0.9032 0.1412 -0.4053
vn 0.0925 0.9693 0.2278
vn -0.8700 -0.4680 -0.1549
vn -0.9011 0.3712 -0.2244
vn -0.0429 0.1503 0.9877
vn -0.1285 0.3631 0.9229
vn -0.5173 0.5756 0.6333
vn 0.5616 -0.5168 0.6462
vn 0.0774 0.3538 0.9321
vn -0.0510 0.7158 -0.6964
vn 0.1779 0.0083 0.9840
vn -0.0431 0.6690 0.7420
vn -0.2095 0.9097 0.3586
vn 0.1285 0.8656 0.4840
vn -0.3376 0.7313 0.5927
vn -0.9838 0.1787 -0.0159
vn 0.2525 0.9639 -0.0848
vn -0.0188 0.7621 0.6471
vn -0.8474 -0.1757 0.5011
vn -0.1264 0.3702 0.9203
vn -0.1932 0.4601 0.8666
vn -0.3365 0.8198 0.4634
vn -0.2335 -0.1618 0.9588
vn 0.0590 0.7381 0.6721
vn 0.1087 0.8513 0.5133
vn 0.0795 0.8891 0.4508
vn -0.8980 0.1501 -0.4135
vn 0.0476 0.9486 0.3130
vn 0.6243 0.7339 0.2677
vn 0.4835 0.5451 0.6849
vn -0.1868 0.4628 0.8665
vn -0.3027 0.6157 0.7275
vn 0.7760 -0.2695 -0.5703
vn 0.9719 0.0657 -0.2262
vn 0.1886 0.3754 0.9075
vn 0.4031 -0.5694 0.7164
vn 0.3472 -0.7312 0.5871
vn -0.4941 0.6513 0.5759
vn -0.6864 -0.1480 0.7120
vn 0.2170 0.6814 0.6990
vn 0.7312 0.6260 0.2709
vn 0.3296 0.8355 0.4396
vn -0.3489 0.6911 0.6329
vn -0.0133 0.5197 0.8542
vn 0.2359 0.2308 0.9439
vn -0.0495 0.2712 0.9612
vn 0.4495 0.5073 0.7353
vn 0.2962 0.7619 0.5760
vn -0.2104 0.3205 0.9236
vn -0.3621 -0.3780 0.8521
vn 0.0608 0.8216 0.5668
vn -0.3259 0.5983 0.7320
vn 0.0104 -0.2289 0.9734
vn -0.0238 -0.1801 -0.9834
vn 0.3176 0.4946 0.8090
vn -0.2355 0.9702 0.0564
vn -0.3805 0.7453 0.5474
vn 0.8657 0.4767 0.1526
vn -0.2428 -0.0366 0.9694
vn -0.0429 0.2499 0.9673
vn 0.4039 0.8944 -0.1919
vn -0.1473 0.1149 0.9824
vn -0.0268 0.3384 0.9406
vn -0.1678 0.5820 0.7957
vn 0.9326 0.1919 -0.3058
vn -0.1954 -0.3969 -0.8968
vn -0.2792 0.8525 0.4419
vn 0.3010 0.6311 0.7150
vn -0.1069 0.4147 0.9037
vn -0.4623 -0.5193 0.7188
vn 0.3211 0.9303 -0.1775
vn -0.0661 0.2627 0.9626
vn 0.2728 0.3391 0.9003
vn -0.0778 0.5034 0.8606
vn 0.0065 0.6621 0.7494
vn -0.1972 -0.1586 0.9674
vn -0.2869 0.2806 0.9159
vn 0.9178 -0.2025 -0.3416
vn -0.2609 0.5150 0.8165
vn 0.9040 0.1851 -0.3854
vn 0.8455 0.2383 0.4779
vn 0.3864 0.0889 0.9180
vn -0.2140 0.4590 0.8623
vn -0.1400 0.1739 0.9748
vn 0.1187 -0.7557 -0.6441
vn 0.1400 0.0398 0.9894
vn -0.1169 0.6329 0.7654
vn 0.3484 0.7422 0.5725
vn -0.2599 -0.5443 0.7976
vn -0.0440 -0.3030 0.9520
vn -0.2868 -0.2727 0.9183
vn -0.2995 -0.3940 0.8689
vn 0.2902 -0.2061 0.9345
vn 0.3066 0.2147 0.9273
vn 0.9404 -0.1329 -0.3131
vn 0.9438 -0.2061 -0.2583
vn 0.6336 0.1904 0.7499
vn -0.0130 -0.8530 0.5218
vn -0.3519 -0.5117 0.7838
vn -0.1057 0.1620 0.9811
vn 0.0393 0.4620 0.8860
vn -0.0116 -0.3308 0.9436
vn 0.0896 0.9585 0.2706
vn 0.2278 -0.1728 0.9583
vn 0.1856 -0.0459 0.9816
vn -0.0352 0.6088 0.7925
vn 0.5833 -0.7989 -0.1467
vn 0.1804 0.8246 0.5361
vn 0.2038 0.4624 0.8629
vn -0.2471 0.1449 0.9581
vn -0.3438 0.1606 0.9252
vn -0.2494 0.5181 0.8182
vn -0.3075 0.2965 0.9042
vn -0.3771 0.4857 0.7886
vn 0.9393 -0.2003 -0.2787
vn 0.2393 0.3283 0.9138
vn 0.2668 0.2748 0.9237
vn -0.0079 0.1061 0.9943
vn 0.2766 0.6276 0.7277
vn -0.4343 -0.5387 0.7219
vn -0.5309 -0.3799 0.7575
vn -0.4682 -0.2056 0.8594
vn 0.8351 0.1661 0.5244
vn 0.3745 -0.3958 0.8385
vn -0.0907 -0.0780 0.9928
vn -0.2491 -0.4111 0.8769
vn -0.2082 -0.3248 0.9226
vn -0.1562 0.0185 0.9875
vn -0.1124 0.1000 0.9886
vn -0.1193 0.1871 0.9751
vn -0.2748 0.6126 0.7411
vn -0.2603 0.7194 0.6440
vn 0.4339 -0.8578 -0.2756
vn 0.2125 0.2661 0.9402
vn 0.2058 0.4944 0.8445
vn 0.1162 0.1454 0.9825
vn 0.3875 0.4404 0.8099
vn 0.3333 0.3499 0.8755
vn 0.2829 0.6211 0.7309
vn -0.2926 -0.0896 0.9520
vn 0.1540 0.1563 0.9756
vn -0.2149 0.5626 0.7983
vn -0.1511 0.7922 0.5913
vn -0.1602 0.8206 0.5485
vn -0.0564 0.5477 0.8348
vn -0.0894 -0.6447 0.7592
vn -0.0210 -0.6152 0.7881
vn -0.5003 -0.2092 0.8402
vn -0.1102 0.8340 -0.5406
vn -0.3470 -0.2551 -0.9025
vn -0.4249 -0.3362 0.8405
vn -0.1501 -0.2939 0.9440
vn -0.1501 -0.2940 0.9439
vn -0.2483 -0.0542 0.9672
vn -0.1931 0.0610 0.9793
vn 0.8933 -0.4308 -0.1282
vn -0.1724 0.5448 0.8206
vn -0.0701 0.6337 0.7704
vn 0.8674 0.1942 -0.4581
vn -0.2061 -0.2814 0.9372
vn 0.2138 0.9743 0.0708
vn -0.3426 -0.2083 0.9161
vn -0.3500 0.0771 0.9336
vn -0.0611 0.1395 0.9883
vn -0.0540 0.1999 0.9783
vn 0.0510 -0.0556 0.9972
vn -0.0607 0.4696 0.8808
vn 0.0470 0.2479 0.9676
vn -0.1456 0.0682 0.9870
vn -0.2395 0.7301 0.6400
vn -0.1773 0.8176 0.5478
vn 0.9490 -0.3152 -0.0065
vn 0.5425 -0.1318 0.8296
vn 0.6325 -0.4665 -0.6183
vn -0.0075 0.1545 0.9880
vn 0.0587 0.0601 0.9965
vn -0.2244 -0.5343 0.8150
vn -0.4209 -0.0818 0.9034
vn -0.2301 0.1052 0.9675
vn -0.0891 -0.0307 0.9955
vn -0.1555 0.1815 0.9710
vn -0.2762 0.2893 0.9165
vn -0.1552 0.4553 0.8767
vn -0.9925 -0.1109 0.0518
vn -0.0032 -0.0747 0.9972
vn 0.2008 0.0221 0.9794
vn -0.3714 0.5679 0.7345
vn 0.1314 0.3078 0.9423
vn -0.2436 -0.6024 0.7601
vn -0.2401 -0.3019 0.9226
vn -0.3809 -0.3195 0.8677
vn -0.3632 0.0357 0.9310
vn -0.0659 -0.2797 0.9578
vn -0.0281 -0.1714 0.9848
vn -0.1752 0.4277 0.8868
vn -0.2039 0.9094 0.3625
vn 0.9021 0.1771 -0.3934
vn 0.2749 0.2845 0.9184
vn -0.1827 0.1217 0.9756
vn -0.2278 -0.0097 0.9737
vn -0.1407 -0.5032 0.8527
vn 0.1850 0.1025 0.9774
vn 0.0296 0.0951 0.9950
vn -0.0705 0.7644 0.6409
vn 0.9015 -0.4173 -0.1145
vn -0.1131 0.5717 0.8126
vn 0.7909 0.3360 -0.5115
vn 0.2160 0.2704 0.9382
vn 0.2264 0.2036 0.9525
vn -0.1185 -0.7124 0.6917
vn -0.0257 -0.3926 0.9193
vn -0.0665 -0.2777 0.9584
vn 0.0146 -0.0748 0.9971
vn -0.3015 0.0578 0.9517
vn 0.1368 -0.1020 0.9853
vn 0.3224 0.1680 0.9316
vn 0.2534 0.0092 0.9673
vn -0.1528 0.4087 0.8998
vn 0.0410 0.4446 0.8948
vn -0.0038 0.4583 0.8888
vn 0.0119 0.8643 0.5028
vn -0.3729 -0.2373 0.8970
vn -0.2933 0.1592 0.9427
vn -0.2013 -0.0288 0.9791
vn 0.5826 0.1271 0.8028
vn 0.3631 -0.9063 -0.2161
vn 0.2800 0.4611 0.8420
vn -0.3151 -0.2208 -0.9230
vn 0.4755 -0.0863 0.8755
vn 0.4035 0.2395 0.8831
vn 0.2641 0.6843 0.6797
vn -0.2181 -0.5073 -0.8337
vn 0.9799 -0.0956 -0.1754
vn 0.8084 -0.1428 0.5710
vn 0.8600 0.3034 0.4102
vn 0.3729 0.0320 0.9273
vn 0.5286 0.3351 0.7799
vn 0.7467 -0.4148 -0.5199
vn 0.9328 0.2672 -0.2420
vn -0.4649 -0.5688 -0.6785
vn 0.0497 -0.7995 -0.5986
vn 0.5776 -0.0261 0.8159
vn 0.5647 -0.6356 0.5265
vn 0.6060 -0.5442 0.5802
vn 0.4863 -0.5236 0.6995
vn -0.1487 0.2603 -0.9540
vn 0.4623 0.2822 0.8406
vn 0.2377 0.8922 0.3840
vn 0.4581 0.1491 0.8763
vn 0.4260 0.5696 -0.7029
vn -0.2061 0.6558 -0.7263
vn 0.4632 0.2901 0.8374
vn 0.0106 -0.0260 0.9996
vn 0.8825 -0.4675 -0.0505
vn 0.3599 0.4083 0.8389
vn 0.8633 -0.1738 0.4738
vn 0.3603 -0.7378 0.5708
vn 0.0174 -0.7729 -0.6343
vn -0.9392 -0.2297 -0.2552
vn 0.2929 -0.2571 0.9209
vn 0.5375 0.3879 0.7488
vn 0.4825 0.2959 0.8244
vn 0.5743 -0.2008 0.7937
vn 0.1987 0.1298 0.9714
vn 0.4755 -0.0832 0.8758
vn -0.0020 -0.9999 -0.0125
vn 0.5367 -0.4911 0.6861
vn 0.5447 0.0617 0.8363
vn 0.6964 0.2205 0.6830
vn 0.4889 0.3158 0.8132
vn 0.6058 -0.2191 0.7649
vn 0.3321 -0.8681 -0.3689
vn 0.3298 0.6012 0.7279
vn 0.1874 -0.2734 0.9435
vn 0.5427 0.2417 0.8044
vn 0.5279 0.4153 0.7409
vn 0.5004 -0.0886 0.8613
vn 0.6929 -0.4937 0.5255
vn 0.6705 -0.4673 0.5763
vn 0.7641 0.0228 0.6447
vn 0.6305 0.4190 0.6534
vn 0.6270 0.4114 0.6615
vn 0.6923 0.2315 0.6835
vn 0.8697 -0.1398 0.4733
vn 0.8865 -0.0669 0.4579
vn 0.8488 -0.0218 0.5282
vn 0.9934 0.0955 0.0637
vn 0.6674 -0.5336 0.5195
vn 0.6909 -0.4392 0.5742
vn 0.5741 -0.7184 0.3928
vn 0.6967 0.2207 0.6826
vn 0.6459 0.2202 0.7310
vn 0.8683 0.0065 0.4960
vn 0.8659 0.1563 0.4752
vn 0.8370 0.1168 0.5347
vn 0.5130 -0.0132 0.8583
vn 0.7930 0.0575 0.6065
vn 0.9239 -0.0341 0.3812
vn 0.7709 -0.1791 0.6112
vn 0.6052 -0.1773 0.7761
vn 0.8578 0.0598 0.5104
vn -0.1903 0.2363 -0.9529
vn 0.8223 -0.4348 0.3672
vn 0.8675 0.1667 0.4686
vn 0.6101 0.3536 0.7090
vn 0.6275 0.3045 0.7166
vn 0.6297 0.4680 0.6200
vn 0.4393 0.1995 0.8759
vn 0.8006 -0.5005 0.3295
vn 0.2138 0.6712 0.7097
vn 0.5361 -0.0626 0.8419
vn 0.6398 0.4096 0.6503
vn 0.6399 0.2969 0.7088
vn -0.1596 0.1578 -0.9745
vn 0.6698 -0.6835 0.2904
vn 0.8528 0.1121 0.5101
vn 0.7489 0.4548 0.4820
vn 0.8549 0.1003 0.5089
vn 0.8569 0.0741 0.5102
vn 0.6377 -0.0121 0.7702
vn 0.8479 0.1744 0.5007
vn 0.7521 0.0282 0.6585
vn -0.8430 -0.5379 0.0084
vn 0.8878 -0.1274 0.4422
vn 0.8533 0.2327 0.4667
vn 0.7504 0.4356 0.4972
vn 0.8261 0.0330 0.5626
vn 0.7954 0.2172 0.5658
vn 0.5060 -0.4275 0.7491
vn 0.9148 0.2998 0.2708
vn 0.0095 0.3845 0.9231
vn 0.8729 -0.3349 0.3549
vn 0.9026 -0.0251 0.4298
vn 0.5251 -0.0171 0.8509
vn -0.8429 -0.5268 0.1093
vn 0.9236 -0.3323 -0.1910
vn -0.2691 -0.6065 0.7481
vn 0.7510 0.2352 0.6169
vn 0.1613 -0.0108 0.9869
vn 0.3582 -0.6862 0.6331
vn 0.8759 0.0993 0.4723
vn -0.1855 0.4005 -0.8973
vn 0.1335 0.8349 0.5339
vn 0.7637 0.3267 0.5568
vn 0.8093 -0.2971 -0.5067
vn 0.5584 0.1469 0.8165
vn 0.4358 -0.4150 0.7987
vn 0.3707 -0.3976 0.8393
vn 0.4699 -0.7295 -0.4971
vn 0.1093 0.0391 0.9932
vn 0.4081 -0.6348 0.6561
vn 0.6143 0.3980 0.6813
vn 0.6099 0.4845 0.6271
vn 0.8764 0.1103 0.4688
vn 0.9018 -0.0519 0.4291
vn 0.0004 0.3732 0.9278
vn 0.2533 0.3114 0.9159
vn -0.5647 -0.4460 -0.6944
vn 0.5743 -0.5349 0.6197
vn 0.4512 -0.8236 -0.3437
vn 0.6439 -0.5718 0.5084
vn 0.6354 -0.5644 0.5269
vn 0.6691 -0.3304 0.6657
vn 0.4994 -0.1641 0.8507
vn 0.4413 -0.0449 0.8963
vn -0.1531 0.0583 0.9865
vn 0.7002 -0.3881 0.5993
vn 0.7511 0.1465 0.6438
vn 0.8225 -0.5457 -0.1606
vn 0.5022 -0.1589 0.8500
vn 0.4778 0.3000 0.8257
vn -0.0643 0.0744 -0.9952
vn 0.8211 0.2461 0.5150
vn 0.5463 -0.0304 0.8370
vn 0.8489 -0.2920 0.4405
vn 0.7936 0.0672 0.6047
vn 0.7824 -0.2639 0.5641
vn 0.3408 0.0944 0.9354
vn 0.5397 -0.7487 0.3850
vn 0.6482 -0.6655 -0.3701
vn -0.1350 -0.6909 -0.7102
vn 0.4976 -0.5478 0.6726
vn 0.5267 -0.2240 0.8200
vn 0.3373 -0.5235 0.7824
vn 0.4968 0.4788 0.7238
vn 0.5892 0.3498 0.7284
vn 0.5673 -0.3029 0.7658
vn 0.5798 -0.1676 0.7974
vn -0.5970 -0.0527 0.8005
vn 0.6458 -0.6760 -0.3549
vn 0.7762 -0.2755 0.5671
vn 0.9076 -0.3563 -0.2220
vn 0.3331 -0.5539 0.7630
vn 0.4897 0.3329 0.8058
vn 0.4284 0.4605 0.7774
vn 0.4095 0.4179 0.8110
vn 0.3337 0.5570 0.7605
vn 0.7620 -0.4255 0.4882
vn 0.5270 0.3125 0.7903
vn 0.3522 0.2151 0.9109
vn 0.2933 0.3117 0.9038
vn 0.1675 0.8284 0.5346
vn 0.6524 0.1498 0.7429
vn 0.4085 -0.0539 0.9111
vn 0.7757 -0.2774 0.5669
vn -0.9971 0.0337 0.0678
vn 0.5301 -0.2213 0.8186
vn 0.5747 0.0852 0.8139
vn 0.8617 -0.0956 0.4983
vn 0.3240 0.3324 0.8858
vn 0.1128 -0.2458 0.9627
vn 0.6880 -0.1145 0.7166
vn 0.4641 -0.1960 0.8638
vn 0.7856 -0.2889 0.5471
vn 0.6975 -0.1725 0.6955
vn 0.5490 -0.0424 0.8348
vn 0.5055 0.2511 0.8254
vn 0.5171 0.1119 0.8486
vn 0.9134 -0.1386 0.3827
vn 0.9046 -0.1191 0.4093
vn 0.5757 0.5178 0.6329
vn 0.4087 -0.5063 0.7593
vn 0.5493 0.3823 0.7430
vn 0.7436 0.0574 0.6662
vn 0.6517 -0.2123 0.7282
vn 0.2185 -0.7150 0.6641
vn 0.3112 0.3908 0.8663
vn 0.7876 0.0729 -0.6118
vn 0.1603 -0.0894 0.9830
vn 0.5178 -0.0527 0.8539
vn 0.1518 0.1685 0.9739
vn 0.6119 -0.1598 0.7746
vn 0.1654 0.7955 0.5830
vn 0.7485 -0.3097 0.5864
vn 0.7381 0.1362 0.6608
vn 0.6902 0.3091 0.6543
vn 0.4168 0.5891 0.6922
vn 0.5983 -0.0512 0.7996
vn 0.2176 0.2471 0.9442
vn 0.6121 -0.0160 0.7906
vn 0.7862 0.0523 0.6157
vn 0.6633 -0.4601 0.5902
vn 0.5729 -0.0750 0.8162
vn 0.2764 0.5147 0.8116
vn 0.5904 0.4280 0.6842
vn 0.2694 0.5405 0.7970
vn 0.2844 0.3195 0.9039
vn 0.3481 -0.9101 -0.2249
vn -0.2633 -0.1772 0.9483
vn 0.6451 -0.4188 0.6391
vn 0.7058 -0.2729 0.6537
vn 0.6470 0.2739 0.7116
vn 0.3136 0.0065 0.9495
vn 0.3735 0.0929 0.9230
vn 0.6113 0.2524 0.7501
vn 0.2873 -0.1911 0.9386
vn 0.4668 0.2012 0.8612
vn 0.6908 -0.2676 0.6717
vn 0.4829 0.0263 0.8753
vn 0.6712 0.2530 0.6968
vn 0.6226 0.3859 0.6808
vn 0.6695 -0.1942 0.7170
vn 0.7571 0.3781 0.5328
vn 0.8963 -0.1309 0.4236
vn 0.8471 -0.0331 0.5303
vn 0.2060 0.5290 0.8233
vn 0.2096 0.2390 0.9481
vn 0.9926 -0.0829 0.0889
vn 0.6459 -0.3566 0.6750
vn 0.5353 -0.1328 0.8341
vn 0.9296 0.3679 -0.0235
vn 0.7084 -0.4407 0.5513
vn 0.5743 0.1186 0.8100
vn 0.8423 -0.5390 -0.0018
vn 0.5507 -0.0094 0.8346
vn 0.5747 -0.1225 0.8091
vn 0.3106 0.4969 0.8103
vn 0.7944 -0.2595 0.5492
vn 0.8144 -0.1617 0.5573
vn 0.5379 0.0342 0.8423
vn 0.6573 -0.2930 0.6943
vn 0.7805 0.0711 0.6211
vn 0.6209 0.5059 0.5987
vn 0.6881 0.4230 0.5895
vn 0.4551 0.3766 0.8069
vn -0.1342 -0.5513 -0.8235
vn 0.1223 -0.5823 -0.8037
vn 0.6075 0.4091 0.6809
vn 0.2557 -0.3604 0.8971
vn 0.5381 -0.8157 -0.2123
vn -0.3273 0.5027 0.8001
vn 0.2823 0.1007 0.9540
vn 0.4418 0.2375 0.8651
vn 0.6649 0.2570 0.7013
vn 0.7482 0.1877 0.6364
vn 0.9207 -0.0914 0.3794
vn 0.7656 -0.3123 0.5624
vn 0.9121 0.1060 0.3961
vn 0.4740 -0.2928 0.8304
vn 0.5878 -0.0286 0.8085
vn 0.4351 0.4883 0.7565
vn 0.4283 0.6193 0.6580
vn 0.5480 0.6875 0.4765
vn -0.9786 0.0306 -0.2035
vn 0.5518 0.1695 0.8165
vn 0.6300 -0.2417 0.7380
vn 0.7949 0.2377 0.5582
vn 0.6115 -0.0421 0.7902
vn -0.9094 0.4049 0.0948
vn 0.8625 0.1616 -0.4796
vn 0.2661 0.8413 0.4706
vn 0.3477 0.5636 0.7493
vn 0.4663 0.5478 0.6946
vn 0.4019 0.3803 0.8330
vn 0.5173 0.3336 0.7881
vn 0.5210 0.1212 0.8449
vn 0.5734 0.1422 0.8069
vn 0.8520 0.2952 0.4325
vn 0.2514 0.5072 0.8243
vn 0.7563 0.0400 0.6530
vn 0.8201 0.2479 0.5157
vn 0.2913 0.3814 0.8773
vn 0.5058 -0.0296 0.8621
vn 0.3574 -0.9216 -0.1514
vn 0.7248 -0.1957 0.6605
vn 0.5925 0.2179 0.7756
vn 0.4740 -0.3801 0.7942
vn 0.1291 -0.4092 0.9033
vn 0.4478 -0.1881 0.8741
vn 0.8750 0.0505 0.4816
vn 0.9842 -0.1057 0.1418
vn 0.3534 -0.2941 0.8880
vn 0.4817 -0.1111 0.8692
vn 0.3660 -0.0337 0.9300
vn 0.7702 0.3404 0.5394
vn 0.5478 0.1422 0.8244
vn 0.8397 0.5400 0.0578
vn 0.8884 -0.0613 0.4550
vn 0.7313 0.4048 0.5489
vn 0.4033 -0.0578 0.9132
vn 0.8277 -0.0832 0.5550
vn 0.9358 0.0884 0.3412
vn 0.8814 0.1338 0.4529
vn 0.7777 0.4590 0.4295
vn 0.5393 -0.4615 0.7044
vn 0.7177 0.4077 0.5645
vn 0.7370 0.4436 0.5100
vn 0.7102 0.3539 0.6086
vn 0.6009 0.3301 0.7280
vn 0.7409 -0.4176 0.5260
vn 0.2460 0.7634 0.5972
vn 0.1914 0.4797 0.8563
vn 0.5117 0.2635 0.8178
vn 0.4229 -0.0220 0.9059
vn 0.4340 -0.1539 0.8877
vn 0.8585 0.5115 0.0364
vn 0.2506 0.6899 0.6791
vn 0.3126 0.2756 0.9090
vn -0.3473 0.8932 0.2857
vn 0.7592 0.0356 0.6499
vn 0.4674 -0.2972 0.8326
vn 0.5419 -0.3969 0.7409
vn 0.9449 0.1743 -0.2770
vn 0.7988 0.2582 -0.5434
vn 0.6679 -0.4685 0.5782
vn 0.6033 -0.2886 0.7435
vn 0.8075 -0.0718 0.5855
vn 0.1279 0.2086 0.9696
vn 0.1115 -0.0033 0.9938
vn 0.6497 0.0829 0.7557
vn 0.5940 -0.6167 0.5166
vn 0.6779 -0.4230 0.6013
vn 0.9671 -0.1306 -0.2185
vn 0.6820 -0.5723 -0.4553
vn 0.7771 0.0625 0.6263
vn 0.7399 0.0709 0.6690
vn 0.6317 -0.0687 0.7721
vn 0.6384 -0.2603 0.7243
vn 0.4195 -0.4791 0.7710
vn 0.8408 0.0626 0.5377
vn 0.2799 -0.2212 0.9342
vn -0.3992 0.8348 0.3792
vn 0.4251 0.4619 0.7784
vn -0.2672 0.1923 -0.9443
vn 0.7779 0.3427 0.5267
vn 0.2786 -0.9119 -0.3014
vn -0.5024 0.4481 -0.7395
vn 0.7169 -0.2934 0.6325
vn 0.8302 -0.2894 0.4765
vn 0.5389 0.4850 0.6888
vn 0.8783 0.1326 0.4593
vn 0.9054 0.2437 0.3476
vn 0.4375 -0.0482 0.8979
vn 0.8616 0.4213 -0.2832
vn 0.1595 0.3460 0.9246
vn 0.6310 -0.3034 0.7140
vn 0.1915 0.0325 0.9809
vn 0.5260 -0.4785 0.7031
vn -0.4021 -0.4834 -0.7776
vn 0.7894 -0.0396 0.6126
vn 0.6523 0.3840 0.6535
vn 0.6728 -0.0937 0.7338
vn 0.6356 0.1045 0.7649
vn -0.4753 0.8025 -0.3606
vn 0.8523 0.4078 0.3275
vn 0.3098 0.0986 0.9457
vn -0.2603 -0.9183 -0.2983
vn 0.5694 0.5199 0.6368
vn 0.4591 -0.1022 0.8825
vn 0.2782 -0.4065 0.8703
vn -0.1649 0.3285 -0.9300
vn 0.6514 -0.5562 -0.5161
vn 0.5769 -0.0696 0.8139
vn 0.4596 -0.1289 0.8787
vn 0.7329 -0.1666 0.6597
vn 0.7853 -0.3367 0.5195
vn 0.1110 0.0123 0.9937
vn 0.8616 -0.4843 -0.1518
vn 0.6103 0.0872 0.7873
vn 0.9424 -0.0340 0.3326
vn 0.3517 0.1693 0.9207
vn 0.5436 -0.5371 0.6450
vn -0.1326 -0.6470 -0.7509
vn 0.0267 -0.6181 -0.7856
vn 0.2514 0.6754 0.6933
vn 0.4049 -0.1553 0.9011
vn 0.7321 -0.2969 -0.6131
vn 0.9508 0.0393 0.3072
vn 0.8539 -0.4933 -0.1659
vn 0.9174 -0.1017 0.3849
vn 0.9948 0.0842 0.0580
vn 0.9841 -0.0344 -0.1744
vn -0.0461 -0.8237 -0.5652
vn 0.5921 0.7555 -0.2804
vn 0.7727 -0.6303 -0.0746
vn 0.4478 0.2992 0.8426
vn 0.2687 -0.9565 -0.1135
vn 0.6452 -0.0066 0.7640
vn 0.5918 0.1763 0.7866
vn 0.5737 0.2779 0.7705
vn 0.3813 -0.0977 0.9193
vn 0.6919 -0.6731 -0.2612
vn 0.7134 0.2322 0.6612
vn 0.5210 -0.3227 -0.7902
vn 0.8793 -0.2880 -0.3792
vn 0.4706 0.1443 0.8705
vn 0.8462 -0.4346 0.3085
vn 0.3441 -0.3891 -0.8545
vn 0.8394 0.2667 0.4736
vn -0.0128 0.2131 -0.9770
vn 0.6608 -0.7458 0.0842
vn 0.8095 -0.5320 -0.2482
vn -0.2274 -0.2766 -0.9337
vn 0.4940 -0.4383 0.7509
vn 0.9430 0.1520 -0.2962
vn 0.3102 0.5504 0.7751
vn 0.4178 -0.6001 0.6822
vn 0.7352 -0.1787 0.6538
vn 0.7986 -0.3377 0.4982
vn 0.6193 0.0863 0.7804
vn 0.7702 -0.3148 0.5547
vn 0.8084 0.1455 0.5703
vn 0.1199 -0.0390 0.9920
vn 0.8934 -0.4307 -0.1274
vn -0.3505 0.4646 0.8132
vn 0.2492 0.4204 0.8725
vn 0.3807 0.2143 0.8995
vn 0.7130 -0.1251 0.6899
vn 0.2857 0.0701 0.9558
vn 0.8379 -0.0561 0.5429
vn -0.0011 -0.9998 0.0186
vn 0.2730 0.6788 0.6817
vn 0.4501 0.8038 0.3889
vn 0.7332 0.0420 0.6787
vn 0.3537 -0.2428 0.9033
vn 0.5513 0.2439 0.7978
vn 0.7256 -0.5706 0.3846
vn 0.3522 0.3708 0.8593
vn -0.0391 0.8268 0.5612
vn 0.6559 -0.5212 0.5461
vn 0.7731 -0.3138 0.5513
vn -0.7899 -0.1190 -0.6016
vn 0.6404 -0.0473 0.7666
vn 0.7673 -0.0020 0.6412
vn 0.7252 0.1326 0.6756
vn 0.5389 -0.4721 0.6976
vn 0.3665 0.3080 0.8779
vn 0.6890 0.5615 -0.4582
vn 0.8140 -0.1795 0.5524
vn 0.7806 -0.1514 0.6064
vn 0.7173 0.0916 0.6907
vn 0.7315 -0.2532 0.6331
vn 0.3430 0.5753 0.7426
vn 0.9529 0.2260 0.2025
vn -0.0011 -0.0187 0.9998
vn 0.7926 -0.4717 -0.3864
vn 0.3550 -0.3870 0.8510
vn 0.3334 -0.4182 0.8450
vn 0.2817 -0.6958 0.6606
vn 0.6483 -0.3728 0.6639
vn 0.5483 0.0184 0.8361
vn 0.5076 0.2049 0.8369
vn 0.4050 -0.8979 -0.1725
vn 0.3006 0.0329 0.9532
vn 0.5289 -0.3974 0.7499
vn 0.6224 -0.3990 0.6733
vn 0.2521 0.3066 0.9179
vn 0.7478 -0.3921 0.5357
vn 0.8022 0.0131 0.5969
vn 0.2587 -0.5446 0.7978
vn 0.3219 -0.0566 0.9451
vn -0.9376 0.2715 0.2172
vn 0.5663 0.0390 0.8233
vn 0.1630 0.2870 0.9440
vn 0.6903 -0.2045 0.6941
vn 0.6385 0.3507 0.6851
vn 0.2381 0.2824 0.9293
vn 0.1784 -0.1844 -0.9665
vn 0.3682 -0.0356 0.9291
vn 0.4450 -0.1592 0.8813
vn 0.7320 -0.1762 0.6582
vn 0.8072 -0.1505 0.5707
vn 0.3070 0.5742 0.7590
vn 0.3895 0.0459 0.9199
vn 0.3757 -0.1570 0.9133
vn 0.3562 -0.3901 0.8491
vn 0.7221 -0.6695 0.1743
vn 0.1195 0.8931 0.4336
vn 0.2894 -0.0535 0.9557
vn 0.3428 0.0116 0.9394
vn 0.1600 0.8668 0.4723
vn 0.2457 0.3778 0.8927
vn -0.9915 0.1281 -0.0245
vn 0.8461 -0.0971 0.5240
vn 0.6180 0.1068 0.7789
vn 0.1604 0.8743 0.4580
vn 0.3646 0.2198 0.9048
vn 0.5010 -0.2125 0.8389
vn 0.5267 -0.2570 0.8103
vn 0.2731 0.3655 0.8899
vn 0.7638 -0.4673 0.4452
vn 0.9447 -0.2063 -0.2550
vn 0.8417 -0.0992 0.5308
vn 0.5417 -0.0212 0.8403
vn -0.2734 0.1933 -0.9423
vn 0.8935 0.1810 0.4110
vn 0.8175 0.1636 0.5523
vn 0.3296 0.5492 0.7679
vn 0.6961 -0.0217 0.7177
vn 0.3120 0.5817 0.7512
vn 0.2700 0.0946 -0.9582
vn 0.3808 0.0127 0.9246
vn 0.3609 -0.2395 0.9013
vn 0.4977 0.0200 0.8671
vn 0.6145 -0.0110 0.7888
vn 0.7421 -0.6686 -0.0472
vn 0.2112 0.3357 0.9180
vn 0.4910 -0.8369 -0.2418
vn 0.8857 -0.0779 -0.4576
vn 0.4840 -0.1690 0.8586
vn 0.5079 -0.0306 0.8609
vn 0.4925 -0.1461 0.8580
vn 0.3128 -0.1322 0.9406
vn 0.6084 0.1015 0.7871
vn 0.5940 0.4235 0.6839
vn 0.9418 -0.0375 0.3342
vn 0.6522 -0.3207 0.6868
vn 0.5874 -0.6273 0.5114
vn -0.0151 0.1916 -0.9814
vn 0.8827 -0.0424 -0.4680
vn -0.4539 -0.8783 -0.1499
vn 0.5883 -0.0924 0.8033
vn 0.5163 -0.3392 0.7864
vn 0.4163 -0.1942 0.8883
vn 0.4617 -0.0768 0.8837
vn 0.4311 0.0044 0.9023
vn 0.6677 -0.7331 -0.1293
vn -0.1108 0.3354 0.9355
vn 0.7690 0.3317 0.5464
vn 0.5836 -0.2786 0.7627
vn 0.5208 -0.3533 0.7771
vn 0.0793 0.4560 0.8864
vn 0.4762 -0.0486 0.8780
vn 0.0316 0.6341 0.7726
vn 0.3763 -0.0680 0.9240
vn 0.3563 0.2771 0.8923
vn 0.8656 -0.4801 -0.1423
vn 0.6971 0.5435 0.4676
vn 0.7534 -0.0093 0.6575
vn 0.5766 -0.0277 0.8165
vn 0.7193 -0.4021 0.5665
vn 0.6990 -0.3851 0.6025
vn 0.4994 -0.1574 0.8519
vn 0.4853 0.5507 0.6792
vn 0.5620 -0.6422 0.5213
vn -0.0416 0.1591 -0.9864
vn 0.3202 0.1748 0.9311
vn 0.3755 0.1163 0.9195
vn 0.6367 -0.4972 0.5893
vn 0.0575 0.8090 0.5850
vn 0.6527 -0.0435 0.7564
vn 0.6646 0.2599 0.7006
vn -0.3944 0.7501 0.5308
vn 0.5324 -0.0158 0.8463
vn 0.3487 -0.0354 0.9366
vn 0.4743 -0.2903 0.8311
vn 0.3925 0.2934 0.8717
vn 0.5037 0.5224 0.6881
vn 0.4681 0.4903 0.7352
vn 0.6094 0.3108 0.7294
vn -0.0739 -0.3861 -0.9195
vn 0.0967 0.2526 0.9627
vn 0.8933 -0.0360 0.4480
vn 0.7506 -0.2902 0.5936
vn 0.6207 0.4009 0.6738
vn 0.8793 0.0591 -0.4726
vn 0.8447 0.4399 -0.3049
vn -0.7438 0.1806 -0.6436
vn 0.6012 -0.5157 0.6104
vn 0.3647 0.0681 0.9286
vn 0.7567 -0.2861 0.5878
vn -0.8971 0.1867 -0.4004
vn -0.0050 0.8704 0.4924
vn 0.9617 0.1129 -0.2499
vn 0.2852 0.4762 0.8318
vn 0.4257 0.4280 0.7972
vn 0.8991 0.3630 0.2447
vn 0.5893 0.4427 0.6758
vn 0.6809 -0.1622 0.7142
vn 0.5357 0.2632 0.8023
vn 0.6570 -0.4385 0.6133
vn 0.2307 0.6984 0.6775
vn 0.4424 -0.0395 0.8959
vn 0.3174 0.3788 0.8693
vn 0.8147 -0.3150 0.4868
vn 0.6131 -0.0139 0.7899
vn 0.2849 -0.0042 0.9586
vn 0.2869 0.1287 0.9493
vn 0.2949 -0.0223 0.9553
vn -0.2242 0.0622 0.9726
vn 0.1150 0.5493 0.8277
vn 0.6059 0.4064 0.6839
vn 0.7119 -0.2200 0.6670
vn 0.2498 0.8353 0.4897
vn 0.9430 0.1576 -0.2931
vn 0.5057 -0.8304 0.2340
vn 0.7131 -0.2390 0.6590
vn 0.6023 0.4612 0.6516
vn 0.6640 0.2873 0.6904
vn 0.5368 0.1207 0.8351
vn 0.7378 0.4146 0.5327
vn 0.6150 -0.4906 0.6173
vn 0.5895 -0.1046 0.8009
vn 0.3674 -0.1273 0.9213
vn 0.0986 0.8169 0.5682
vn 0.5031 0.2635 0.8231
vn 0.4961 0.2910 0.8180
vn -0.0967 -0.6652 -0.7404
vn -0.3498 -0.9153 -0.1998
vn -0.0171 -0.0298 0.9994
vn 0.9393 -0.0843 0.3325
vn 0.6353 -0.4244 0.6452
vn 0.5369 0.2429 0.8079
vn 0.3985 0.5129 0.7603
vn 0.5303 -0.4451 0.7216
vn 0.2997 0.6494 0.6990
vn 0.6381 -0.1599 0.7532
vn 0.5137 0.4806 0.7107
vn 0.6365 -0.5440 0.5467
vn -0.3452 0.1134 0.9317
vn 0.5292 -0.3547 0.7708
vn -0.0371 0.5031 0.8635
vn -0.0259 0.8022 0.5965
vn -0.9841 0.1741 -0.0358
vn 0.8332 0.3590 0.4206
vn 0.8667 0.1520 0.4751
vn 0.5693 0.1927 0.7992
vn 0.3510 0.1838 0.9181
vn 0.4422 0.2361 0.8653
vn -0.4340 -0.3954 0.8095
vn 0.5380 -0.2023 0.8183
vn 0.2266 0.3998 0.8881
vn 0.6521 -0.0222 0.7578
vn 0.3701 0.3624 0.8554
vn 0.6211 -0.1922 0.7598
vn 0.3179 0.7213 0.6153
vn 0.1085 0.7313 0.6734
vn 0.9475 0.1717 -0.2696
vn 0.7722 0.5743 0.2717
vn 0.4458 -0.4754 0.7585
vn 0.6214 -0.2466 0.7436
vn 0.4946 -0.4409 0.7490
vn 0.7965 -0.3238 0.5107
vn 0.2289 0.6741 0.7023
vn 0.3631 0.1798 0.9142
vn 0.4596 0.3858 0.8000
vn 0.8170 -0.0704 0.5724
vn 0.6136 0.0952 0.7839
vn 0.6941 -0.2425 0.6778
vn 0.1784 -0.9765 0.1205
vn 0.3523 0.6553 0.6682
vn 0.3615 0.4921 0.7919
vn 0.4759 -0.6747 -0.5641
vn 0.7023 -0.0629 0.7091
vn 0.6918 -0.0033 0.7221
vn 0.6997 -0.1839 0.6903
vn 0.4177 0.5746 0.7038
vn 0.5435 0.3180 0.7768
vn 0.5570 0.2589 0.7891
vn 0.8011 -0.3145 0.5092
vn 0.4486 -0.5349 0.7160
vn 0.6843 0.4256 0.5921
vn 0.6043 0.1246 0.7870
vn -0.8257 -0.5248 0.2067
vn -0.8743 -0.4808 -0.0663
vn -0.9843 -0.1612 0.0714
vn -0.9812 -0.1886 0.0409
vn -0.2375 -0.7266 0.6448
vn 0.0614 -0.6751 0.7352
vn 0.9874 -0.1401 -0.0730
vn 0.3827 -0.9203 -0.0814
vn -0.9468 -0.3018 -0.1120
vn -0.7887 -0.4742 0.3911
vn -0.9909 -0.0763 -0.1110
vn -0.9779 -0.2091 -0.0044
vn -0.1129 -0.6446 -0.7561
vn -0.9434 -0.1205 0.3091
vn -0.9868 -0.1513 0.0583
vn 0.0266 -0.9973 0.0690
vn -0.9821 0.1000 -0.1597
vn -0.8256 -0.3403 0.4501
vn -0.0608 0.0513 -0.9968
vn -0.9919 0.0263 0.1243
vn -0.6847 0.5745 -0.4484
vn -0.0179 -0.9977 -0.0651
vn -0.2952 0.9289 -0.2237
vn 0.8934 0.3031 0.3315
vn 0.4607 -0.7965 -0.3915
vn 0.6669 0.1119 -0.7367
vn 0.9845 -0.1747 -0.0154
vn -0.9888 0.1483 -0.0163
vn -0.3213 0.9257 -0.1996
vn 0.5964 -0.7668 -0.2374
vn -0.8461 0.5209 0.1133
vn -0.9161 0.0190 0.4005
vn 0.8678 -0.4371 -0.2364
vn 0.9854 -0.1460 -0.0880
vn -0.9717 -0.0311 -0.2343
vn -0.9123 0.0061 0.4095
vn 0.8541 -0.4485 -0.2634
vn -0.9267 0.2523 0.2785
vn 0.1653 -0.7880 -0.5931
vn 0.9733 -0.2296 0.0007
vn 0.9607 -0.2182 -0.1715
vn -0.8216 -0.0787 -0.5645
vn -0.4292 -0.4580 -0.7785
vn -0.9306 0.0766 -0.3579
vn -0.8169 -0.4021 -0.4136
vn -0.2536 0.1165 -0.9603
vn -0.9724 0.2051 0.1110
vn 0.0850 -0.0688 -0.9940
vn 0.8136 -0.1612 -0.5586
vn -0.6788 0.1220 -0.7241
vn 0.9962 0.0341 -0.0798
vn 0.9996 -0.0274 0.0039
vn 0.0817 -0.7021 0.7074
vn 0.9617 0.2712 0.0391
vn 0.9949 0.0648 -0.0775
vn 0.6788 -0.4493 -0.5808
vn -0.5660 0.8230 0.0470
vn 0.9446 0.3122 0.1014
vn 0.4125 -0.7215 -0.5562
vn 0.9988 0.0185 0.0457
vn 0.8478 -0.2979 -0.4387
vn 0.9802 -0.1979 -0.0023
vn -0.0116 0.6499 -0.7599
vn 0.9510 -0.2734 -0.1441
vn -0.7561 0.2266 -0.6139
vn -0.9118 -0.4086 0.0413
vn 0.7617 -0.6051 0.2316
vn 0.9156 0.3672 0.1635
vn 0.9975 -0.0127 0.0696
vn 0.9724 -0.2250 -0.0621
vn 0.8800 -0.3863 -0.2764
vn 0.9721 -0.2194 -0.0830
vn 0.8210 0.0086 -0.5709
vn 0.7489 0.0896 -0.6566
vn 0.8162 -0.0033 -0.5777
vn 0.4182 -0.9044 0.0844
vn 0.3800 -0.8718 -0.3092
vn 0.8424 -0.5184 -0.1470
vn -0.7990 -0.5603 -0.2184
vn -0.9178 -0.1262 -0.3764
vn 0.6363 -0.4727 -0.6096
vn -0.9335 0.3575 0.0294
vn 0.9989 0.0178 0.0434
vn 0.0002 0.0879 -0.9961
vn 0.9176 0.3946 0.0473
vn 0.9887 -0.0236 -0.1478
vn -0.6156 0.1166 -0.7794
vn -0.3430 0.6747 -0.6536
vn 0.7627 0.0612 -0.6438
vn -0.8816 -0.4217 -0.2120
vn -0.9983 0.0541 -0.0201
vn -0.7632 0.4205 -0.4906
vn 0.6806 -0.2659 -0.6827
vn 0.4881 -0.4588 -0.7424
vn -0.8102 -0.5836 -0.0542
vn -0.1242 0.3263 -0.9371
vn 0.1085 0.6582 -0.7449
vn -0.9647 -0.0701 -0.2539
vn 0.9371 0.1539 -0.3133
vn -0.1387 -0.3552 -0.9244
vn 0.4078 -0.4318 -0.8045
vn 0.8020 -0.1761 -0.5707
vn -0.8401 -0.0849 -0.5357
vn -0.7928 0.5660 -0.2260
vn -0.9500 0.1560 -0.2703
vn 0.8708 0.3922 -0.2965
vn -0.5670 0.8236 -0.0116
vn -0.9748 0.0364 -0.2202
vn 0.7852 0.1009 -0.6110
vn -0.7126 -0.6504 -0.2631
vn 0.9625 -0.2427 -0.1211
vn -0.8901 0.4467 -0.0902
vn 0.3431 -0.8812 -0.3253
vn 0.3971 0.6542 -0.6437
vn -0.7370 -0.6307 0.2429
vn -0.7908 -0.0997 -0.6039
vn 0.0732 -0.8379 -0.5408
vn 0.9762 0.1126 0.1853
vn 0.9934 -0.0373 0.1081
vn 0.9654 -0.2607 -0.0044
vn 0.3428 -0.9302 0.1314
vn -0.9346 -0.3213 0.1527
vn -0.9796 0.1401 -0.1442
vn -0.9190 0.1888 0.3461
vn -0.2170 -0.3029 0.9280
vn 0.8641 0.0825 0.4966
vn 0.8817 -0.4712 -0.0242
vn 0.9716 0.1092 0.2098
vn 0.6831 -0.5985 0.4185
vn 0.8360 -0.4377 -0.3310
vn -0.8784 0.4128 0.2409
vn -0.9738 0.0690 -0.2166
vn -0.9933 -0.1053 0.0470
vn -0.8516 -0.2422 -0.4649
vn 0.7284 -0.6191 0.2936
vn 0.1216 -0.7722 -0.6236
vn -0.0150 0.2616 -0.9651
vn 0.7944 -0.5441 -0.2698
vn 0.9527 0.2298 0.1988
vn 0.9985 0.0547 0.0092
vn 0.5799 -0.7054 -0.4076
vn 0.9119 0.1315 0.3887
vn 0.9608 -0.2523 -0.1148
vn -0.9689 0.1046 0.2244
vn 0.9680 0.1423 0.2069
vn 0.5922 0.2065 -0.7789
vn -0.8726 0.2915 -0.3920
vn -0.6538 -0.6725 -0.3468
vn -0.9114 -0.3861 -0.1425
vn -0.8210 -0.0599 -0.5678
vn -0.8831 0.2684 -0.3849
vn 0.8133 -0.2989 -0.4991
vn -0.5695 0.2939 -0.7677
vn -0.9615 0.2449 -0.1245
vn -0.8897 0.1990 0.4108
vn -0.7102 0.1119 -0.6951
vn -0.9580 0.2553 -0.1302
vn 0.9676 -0.2518 0.0213
vn -0.5352 -0.7694 0.3487
vn -0.5529 -0.7874 0.2725
vn 0.9536 -0.0649 -0.2941
vn 0.7724 -0.4294 -0.4679
vn 0.7364 0.1023 -0.6688
vn 0.6663 -0.5633 -0.4887
vn 0.0282 -0.7095 -0.7041
vn 0.7909 -0.5787 -0.1991
vn 0.7635 -0.6109 -0.2097
vn 0.8940 -0.4059 -0.1897
vn 0.7789 -0.1896 -0.5978
vn 0.9837 -0.0622 -0.1687
vn 0.9038 0.3890 0.1786
vn -0.9499 0.2403 0.1998
vn 0.6737 -0.7013 -0.2330
vn -0.0080 -0.9995 -0.0316
vn 0.4006 0.6578 -0.6378
vn 0.5962 0.2530 -0.7620
vn 0.8191 -0.2912 -0.4942
vn 0.6861 -0.3682 -0.6275
vn -0.1123 -0.9892 0.0945
vn 0.7008 -0.6646 0.2591
vn 0.8245 -0.4850 0.2916
vn 0.9022 -0.0729 -0.4250
vn -0.8845 0.4645 -0.0445
vn 0.8481 -0.4936 -0.1928
vn 0.0825 -0.9113 -0.4034
vn 0.7174 -0.4857 -0.4994
vn 0.4808 -0.8266 -0.2924
vn 0.8599 -0.4974 -0.1150
vn 0.5868 -0.7846 -0.2000
vn -0.7865 -0.4894 -0.3767
vn 0.6942 -0.6994 0.1699
vn -0.1850 -0.7333 0.6543
vn 0.9472 -0.2833 -0.1504
vn -0.7354 0.4317 -0.5223
vn 0.9917 -0.1285 -0.0026
vn -0.8207 0.0400 -0.5700
vn 0.8475 -0.1889 0.4961
vn -0.8292 -0.0999 -0.5499
vn 0.7751 0.1223 -0.6198
vn -0.9327 0.1673 -0.3196
vn 0.6442 -0.6611 -0.3846
vn 0.8665 0.1596 -0.4729
vn 0.9208 0.3441 -0.1835
vn -0.5732 -0.4503 0.6846
vn -0.1352 -0.0148 -0.9907
vn -0.0051 -0.8588 -0.5122
vn -0.7599 -0.6469 -0.0637
vn 0.6351 0.1063 -0.7651
vn -0.1852 0.6071 -0.7727
vn 0.9951 0.0854 -0.0500
vn 0.7965 -0.2852 -0.5332
vn -0.8143 -0.5771 -0.0618
vn 0.8771 -0.2148 -0.4297
vn -0.6842 0.7264 -0.0646
vn 0.7957 -0.0826 -0.6000
vn 0.0220 -0.9996 -0.0180
vn 0.6985 0.1215 -0.7052
vn 0.8743 -0.2440 -0.4196
vn 0.9573 -0.2438 -0.1556
vn -0.8932 -0.4443 -0.0695
vn 0.9041 -0.2435 -0.3511
vn 0.7224 0.1681 -0.6708
vn -0.9703 -0.1748 -0.1675
vn 0.1621 -0.7645 -0.6240
vn -0.7326 -0.5899 -0.3396
vn -0.7039 -0.5952 -0.3877
vn 0.9954 0.0898 0.0339
vn 0.8495 -0.4847 -0.2083
vn -0.3174 -0.9281 0.1949
vn 0.6783 -0.1800 -0.7124
vn 0.8277 -0.1342 -0.5449
vn 0.7072 -0.2982 -0.6410
vn -0.3010 0.9191 -0.2543
vn 0.3314 0.2830 -0.9000
vn 0.6722 -0.5619 -0.4822
vn 0.8261 -0.1351 -0.5471
vn 0.8146 0.1937 -0.5468
vn 0.4816 -0.2317 0.8452
vn 0.8593 0.3000 0.4142
vn 0.6165 -0.6238 -0.4803
vn -0.0072 -0.9907 0.1360
vn -0.9637 -0.1430 0.2256
vn -0.9314 -0.1884 -0.3114
vn 0.3973 -0.6535 -0.6443
vn 0.7305 -0.4245 -0.5350
vn 0.6766 0.1232 -0.7260
vn -0.6007 0.7346 -0.3156
vn 0.9929 0.1188 -0.0039
vn 0.7877 -0.4282 -0.4428
vn 0.8473 0.0369 -0.5298
vn 0.6176 -0.0787 -0.7826
vn -0.8005 -0.5992 -0.0110
vn -0.3390 0.9221 0.1866
vn -0.4663 0.0973 -0.8793
vn -0.9643 0.1959 -0.1780
vn 0.4353 -0.0478 -0.8990
vn 0.9500 -0.3106 -0.0325
vn 0.9756 -0.2115 -0.0587
vn 0.5230 -0.3785 -0.7637
vn 0.8569 -0.4202 -0.2986
vn 0.9134 -0.1217 -0.3883
vn -0.9497 -0.3074 -0.0605
vn -0.0610 0.2375 -0.9695
vn 0.1371 -0.5698 -0.8102
vn -0.7960 0.5878 -0.1444
vn 0.6998 0.0333 -0.7135
vn -0.9996 -0.0127 -0.0270
vn 1.0000 0.0022 -0.0017
vn 0.9892 0.1005 0.1069
vn 0.7600 -0.3513 -0.5469
vn 0.7799 0.0556 -0.6235
vn 0.7892 0.2389 -0.5657
vn -0.9959 -0.0369 0.0829
vn -0.9735 0.1739 0.1484
vn -0.9033 -0.2892 -0.3168
vn -0.8998 0.3721 -0.2278
vn -0.0411 0.5225 -0.8517
vn -0.6394 0.7644 0.0828
vn 0.5218 -0.7175 -0.4614
vn 0.7251 -0.6606 -0.1947
vn 0.8529 -0.4076 -0.3263
vn 0.9050 -0.2955 -0.3060
vn 0.5354 -0.5583 -0.6338
vn 0.9239 0.0153 -0.3824
vn 0.6287 -0.6483 -0.4294
vn 0.7955 0.1063 -0.5966
vn 0.1941 -0.8532 -0.4840
vn -0.9950 0.0373 -0.0924
vn -0.9475 -0.1287 -0.2927
vn 0.5543 -0.5726 0.6040
vn 0.9511 0.1450 0.2727
vn -0.9258 0.2783 -0.2560
vn 0.8539 -0.0296 -0.5196
vn -0.5137 0.0979 -0.8523
vn 0.0195 -0.9979 0.0625
vn 0.9018 0.1050 0.4192
vn 0.5449 -0.8112 -0.2122
vn 0.3176 0.2659 0.9102
vn 0.0265 -0.9995 -0.0195
vn 0.7729 -0.1597 -0.6140
vn 0.9964 -0.0599 0.0601
vn 0.9210 0.3690 -0.1253
vn 0.2515 -0.6975 -0.6711
vn 0.6308 0.0475 -0.7745
vn 0.8960 0.3259 -0.3016
vn -0.9716 0.2344 -0.0330
vn -0.6982 -0.2257 -0.6793
vn 0.5974 -0.2210 -0.7709
vn 0.1332 -0.7882 -0.6009
vn 0.9499 -0.3122 -0.0160
vn 0.8609 0.3778 0.3408
vn 0.8912 0.2474 0.3801
vn 0.9311 0.1619 0.3270
vn 0.8555 -0.3095 -0.4152
vn 0.9579 0.1503 0.2447
vn 0.8003 -0.2234 -0.5564
vn -0.9952 0.0535 0.0821
vn -0.5585 0.6193 0.5519
vn -0.9669 -0.2551 0.0107
vn 0.9111 -0.0087 -0.4122
vn 0.9165 0.3907 0.0863
vn 0.4580 -0.6917 0.5584
vn 0.6723 -0.7367 -0.0721
vn 0.8500 0.4077 0.3335
vn 0.9978 0.0288 -0.0590
vn 0.9554 0.1699 0.2414
vn 0.9419 -0.0358 0.3340
vn 0.9407 -0.1113 0.3204
vn 0.5304 0.1342 -0.8371
vn -0.5939 -0.3143 0.7406
vn 0.0834 -0.1842 -0.9793
vn 0.4050 0.4346 -0.8044
vn 0.9126 -0.2373 -0.3328
vn 0.9278 0.1288 0.3501
vn 0.4163 0.8923 -0.1747
vn -0.3863 0.7510 0.5355
vn -0.8506 0.5221 -0.0626
vn 0.8004 -0.4267 -0.4210
vn 0.5306 -0.8041 -0.2680
vn 0.9739 0.1600 0.1610
vn 0.7658 -0.6349 -0.1027
vn 0.7634 -0.3778 0.5238
vn 0.9726 0.1336 0.1905
vn 0.9650 0.2476 0.0865
vn -0.4197 0.0445 -0.9066
vn 0.6994 0.4227 0.5763
vn 0.6474 -0.6998 0.3020
vn 0.4903 -0.6161 0.6165
vn 0.9503 0.0399 0.3087
vn 0.9971 0.0741 0.0187
vn -0.3366 -0.3827 -0.8604
vn 0.9521 -0.0018 0.3058
vn 0.4744 0.6861 -0.5516
vn 0.1628 0.3389 0.9266
vn 0.9018 -0.3216 0.2886
vn 0.7803 -0.1616 -0.6042
vn 0.6687 -0.5561 -0.4936
vn 0.4501 -0.4519 0.7702
vn 0.9785 0.0936 0.1835
vn 0.9323 0.0052 -0.3616
vn 0.9758 0.1718 0.1352
vn 0.9791 -0.0632 0.1936
vn 0.9960 0.0713 0.0535
vn -0.6285 0.1515 -0.7630
vn 0.8250 -0.5358 0.1797
vn 0.9718 -0.0783 0.2226
vn 0.9496 -0.0270 0.3122
vn 0.9123 0.1312 0.3879
vn 0.9110 0.3790 0.1622
vn -0.1901 0.8263 -0.5301
vn 0.4808 -0.6926 0.5377
vn 0.8232 0.4210 0.3810
vn 0.9454 0.1868 0.2672
vn 0.9367 -0.2930 0.1918
vn 0.1720 0.6772 0.7154
vn 0.7018 -0.0305 -0.7117
vn 0.4873 -0.6867 0.5394
vn 0.9790 0.1606 0.1257
vn 0.9214 0.3636 0.1370
vn 0.9953 -0.0662 0.0712
vn 0.9139 0.3994 0.0718
vn 0.5289 -0.8054 -0.2677
vn 0.9454 0.2659 0.1887
vn 0.8889 0.2417 0.3891
vn -0.2786 -0.0085 -0.9604
vn 0.9982 0.0048 0.0600
vn 0.9657 0.2531 0.0580
vn -0.0016 0.9970 0.0769
vn 0.9653 0.2413 0.0998
vn 0.9092 0.3847 0.1595
vn 0.9549 0.2874 0.0751
vn -0.9824 -0.1373 0.1268
vn 0.9487 0.1139 -0.2948
vn 0.9970 0.0730 0.0260
vn 0.3979 0.1049 -0.9114
vn 0.8917 0.3931 0.2244
vn 0.9723 -0.0871 0.2171
vn -0.7278 -0.4848 -0.4850
vn 0.9244 0.3099 0.2225
vn 0.7999 0.4672 0.3768
vn 0.2646 -0.3601 -0.8946
vn 0.9938 0.0840 0.0722
vn 0.9101 -0.1269 -0.3946
vn 0.9587 0.2368 0.1574
vn 0.8632 0.4046 0.3020
vn 0.9865 0.1199 -0.1111
vn 0.6342 -0.7693 0.0775
vn 0.6160 -0.7812 0.1010
vn 0.8540 -0.5173 0.0552
vn 0.8349 -0.5430 0.0894
vn 0.9442 -0.3221 0.0689
vn 0.9118 0.1981 -0.3598
vn -0.5667 0.8151 0.1200
vn 0.0146 0.9990 -0.0426
vn 0.0195 0.9227 0.3850
vn -0.2638 0.9624 0.0642
vn 0.5136 0.7619 0.3946
vn 0.0275 0.8842 0.4663
vn 0.1740 0.6612 0.7297
vn -0.6802 0.6560 0.3271
vn -0.3715 0.8102 0.4534
vn -0.3955 -0.8491 -0.3501
vn 0.0624 0.9817 -0.1800
vn 0.9090 0.3920 0.1414
vn -0.9748 0.1676 0.1471
vn 0.4648 0.7135 0.5243
vn -0.4341 0.8374 0.3321
vn 0.6613 0.5321 0.5288
vn 0.1269 0.9912 -0.0379
vn -0.9985 -0.0201 0.0511
vn 0.6358 0.5448 0.5467
vn -0.8068 -0.5653 0.1721
vn 0.7802 0.5577 -0.2832
vn 0.5268 0.6634 0.5314
vn 0.7409 0.5163 0.4295
vn -0.6708 -0.1252 0.7310
vn 0.7662 0.6275 -0.1385
vn 0.6669 0.7076 0.2337
vn 0.1237 -0.3213 0.9388
vn -0.9848 -0.0003 0.1736
vn 0.2512 -0.0118 0.9679
vn 0.7000 0.7020 -0.1311
vn 0.6315 0.7715 -0.0769
vn 0.4990 0.8181 0.2859
vn -0.2729 0.8122 0.5155
vn 0.7245 0.5872 0.3610
vn 0.8867 0.4147 0.2043
vn 0.4353 0.8626 0.2577
vn -0.1255 0.9272 0.3530
vn 0.5452 0.7261 0.4190
vn 0.3456 0.9372 -0.0476
vn 0.3289 0.9438 -0.0335
vn 0.0992 0.9433 0.3168
vn -0.0171 0.8846 0.4660
vn 0.4310 0.7984 -0.4205
vn -0.2037 0.8555 0.4760
vn 0.6367 -0.7179 -0.2814
vn -0.2657 0.8542 0.4470
vn -0.8969 0.4313 -0.0975
vn -0.9298 0.0723 -0.3609
vn -0.0147 0.9999 -0.0048
vn -0.0879 0.9867 0.1370
vn -0.2427 0.9439 0.2240
vn -0.2833 0.8852 0.3690
vn -0.1249 0.6959 0.7072
vn 0.9408 -0.0183 0.3386
vn -0.8708 0.4583 -0.1779
vn -0.2494 0.8991 0.3599
vn -0.5897 0.3827 -0.7112
vn -0.5569 0.2612 -0.7884
vn 0.3014 0.8441 0.4434
vn 0.4214 0.7764 0.4686
vn 0.6288 0.3308 0.7037
vn -0.0614 0.9978 0.0236
vn -0.3623 0.7529 0.5494
vn 0.8273 0.5592 0.0540
vn -0.2210 0.9691 -0.1095
vn -0.4294 0.8638 -0.2634
vn 0.3227 0.8881 0.3272
vn 0.7458 0.6284 0.2212
vn 0.8309 0.2328 0.5053
vn 0.7202 0.6281 0.2947
vn -0.3771 0.9056 0.1941
vn -0.6357 -0.7706 0.0450
vn -0.9746 0.2049 -0.0908
vn -0.1033 0.9614 -0.2550
vn 0.3222 0.9465 0.0192
vn 0.6947 0.0088 0.7193
vn -0.4299 0.8629 0.2656
vn 0.9627 -0.0430 0.2671
vn -0.8306 0.4874 -0.2693
vn -0.7947 -0.6070 0.0067
vn 0.4343 0.8913 0.1304
vn 0.8646 0.3912 0.3153
vn -0.1182 -0.2683 -0.9560
vn -0.9906 0.1363 0.0070
vn -0.3611 0.3534 -0.8630
vn -0.4951 0.7146 -0.4943
vn -0.6342 -0.7730 0.0148
vn 0.7586 0.4819 0.4385
vn -0.7058 0.6850 0.1807
vn 0.9952 0.0803 0.0556
vn -0.8828 -0.4160 0.2181
vn -0.8869 -0.4620 0.0026
vn -0.0245 -0.5058 0.8623
vn -0.3566 0.9078 -0.2206
vn 0.3030 0.8260 0.4754
vn 0.9569 0.0328 -0.2885
vn 0.3999 0.8940 0.2021
vn 0.2168 0.9734 0.0740
vn 0.6673 0.7281 0.1570
vn -0.3016 0.8173 0.4910
vn 0.1719 0.9798 -0.1020
vn 0.0428 0.2631 -0.9638
vn -0.1932 -0.7784 -0.5973
vn -0.1352 0.6699 0.7300
vn 0.1512 0.9380 0.3119
vn 0.6764 0.6693 0.3073
vn 0.0205 0.9574 0.2880
vn -0.2394 0.7022 0.6705
vn 0.0916 0.9762 0.1966
vn 0.3568 0.9175 -0.1757
vn 0.6571 0.6135 0.4380
vn 0.0244 0.8535 0.5205
vn 0.3076 0.5900 0.7465
vn -0.1685 0.9830 0.0730
vn 0.3736 0.9258 -0.0575
vn -0.8978 -0.2956 0.3265
vn 0.3521 0.9108 0.2156
vn 0.6408 0.7397 -0.2052
vn -0.0552 0.8397 0.5403
vn 0.6914 0.3889 0.6089
vn 0.7137 0.6639 0.2233
vn -0.1035 0.9901 -0.0952
vn 0.0422 0.9678 0.2483
vn 0.2099 0.9750 0.0734
vn 0.1577 0.9091 0.3856
vn 0.3762 0.9237 -0.0727
vn 0.4726 0.8473 0.2423
vn 0.1589 0.8860 0.4356
vn -0.5538 -0.4095 0.7250
vn -0.3073 0.9345 -0.1798
vn -0.8896 0.3960 0.2274
vn 0.1232 0.9713 0.2037
vn -0.0120 0.7738 0.6333
vn -0.8467 0.5093 0.1539
vn -0.2991 0.9412 -0.1573
vn -0.3944 0.9143 -0.0923
vn 0.6206 0.6499 0.4388
vn -0.1164 0.8248 0.5534
vn 0.4422 0.8521 -0.2801
vn 0.7792 0.5989 -0.1849
vn -0.1733 0.9808 0.0893
vn 0.5638 0.8258 0.0146
vn 0.2349 0.9356 0.2637
vn 0.0024 0.9321 0.3622
vn 0.9121 0.2386 0.3334
vn 0.5569 0.8249 0.0969
vn -0.1589 0.9853 0.0629
vn -0.2499 0.3920 0.8854
vn 0.1818 0.9787 0.0956
vn 0.2702 0.3605 0.8928
vn 0.3624 0.9317 -0.0235
vn -0.1810 0.8710 0.4568
vn 0.6191 0.7133 0.3285
vn -0.2634 0.9141 0.3082
vn -0.6791 0.2919 0.6735
vn -0.0439 0.9753 0.2163
vn 0.6736 0.6806 0.2881
vn 0.1810 0.7460 0.6409
vn -0.8888 0.4477 0.0980
vn -0.8778 0.0718 -0.4737
vn 0.4437 0.8930 0.0757
vn -0.1139 0.9851 0.1291
vn -0.0103 0.9945 0.1047
vn -0.1015 0.9821 0.1588
vn 0.0220 0.8847 0.4655
vn 0.8353 0.5494 -0.0197
vn -0.2104 0.1655 -0.9635
vn -0.7897 -0.6119 -0.0443
vn 0.5783 -0.7978 -0.1704
vn 0.4362 0.8126 0.3866
vn 0.8737 0.4525 0.1785
vn 0.5998 0.7456 0.2903
vn -0.4282 0.7579 0.4922
vn 0.5598 0.7298 0.3924
vn -0.3159 0.7916 0.5231
vn 0.8227 0.4451 0.3537
vn 0.3228 0.9307 0.1719
vn -0.2697 0.9232 0.2738
vn 0.1735 0.8735 0.4549
vn -0.3819 0.8626 0.3319
vn 0.2791 0.9487 -0.1489
vn 0.6227 0.6754 0.3951
vn 0.9965 0.0726 0.0403
vn 0.5290 0.8043 0.2708
vn -0.0900 0.9956 0.0247
vn -0.2058 0.8557 0.4749
vn 0.1541 0.9660 0.2075
vn 0.0783 0.5868 -0.8059
vn -0.9532 -0.2651 0.1451
vn -0.6113 0.4906 -0.6210
vn 0.6883 0.1106 0.7169
vn 0.2091 0.9763 0.0556
vn -0.0455 0.9521 0.3025
vn -0.6097 0.7178 0.3363
vn -0.9454 0.0097 0.3258
vn 0.1839 0.9825 -0.0288
vn 0.2694 0.9456 0.1822
vn 0.2247 0.9371 0.2672
vn 0.2509 0.9657 -0.0671
vn 0.2261 0.6488 0.7266
vn -0.9485 -0.3085 0.0713
vn -0.4831 0.8712 0.0873
vn 0.2354 0.9072 0.3485
vn 0.1222 0.9879 -0.0957
vn 0.8061 0.4813 0.3442
vn 0.8570 -0.4517 -0.2480
vn 0.4886 0.7841 0.3826
vn -0.9898 -0.1383 0.0337
vn -0.9224 -0.1248 -0.3656
vn -0.1381 0.9805 0.1401
vn 0.0095 0.9977 -0.0665
vn -0.1722 0.8617 0.4773
vn 0.4781 0.0120 0.8782
vn -0.3237 0.6823 0.6555
vn -0.6974 0.6987 0.1595
vn -0.9140 0.3966 0.0853
vn 0.5388 0.8236 -0.1771
vn -0.0835 0.9126 0.4003
vn 0.8696 0.1847 0.4579
vn 0.2394 0.8285 0.5062
vn 0.2445 0.7268 0.6418
vn 0.8453 0.5336 -0.0266
vn 0.8421 0.5252 0.1228
vn -0.4471 -0.1262 0.8855
vn 0.2085 0.9233 0.3226
vn 0.2592 0.5473 0.7958
vn 0.9737 0.1624 0.1599
vn 0.1716 0.9799 -0.1021
vn 0.1333 0.9367 0.3238
vn 0.3897 0.9018 -0.1869
vn 0.8316 0.5392 0.1334
vn 0.7994 0.5237 0.2946
vn 0.8241 0.4856 0.2915
vn 0.3072 0.9321 -0.1918
vn -0.1102 0.8772 0.4673
vn 0.0634 0.9976 -0.0261
vn -0.7762 0.5448 0.3174
vn -0.8548 -0.4213 0.3028
vn 0.8050 0.5870 -0.0860
vn 0.0435 0.9958 0.0803
vn 0.0291 0.9988 -0.0382
vn 0.8555 0.5133 -0.0683
vn 0.7156 0.4320 0.5489
vn 0.1455 0.8682 0.4744
vn 0.0897 0.9958 0.0205
vn 0.1795 0.9295 0.3221
vn 0.0001 0.9908 -0.1351
vn -0.4297 0.8981 -0.0941
vn -0.4536 0.8887 -0.0665
vn -0.5588 -0.2669 -0.7852
vn -0.8812 -0.3818 0.2789
vn -0.1555 0.9713 0.1800
vn 0.8414 0.3842 0.3801
vn 0.1660 0.7432 0.6481
vn 0.7045 0.6104 0.3620
vn 0.5918 0.7150 0.3721
vn 0.6644 0.5647 0.4896
vn 0.1596 -0.2135 -0.9638
vn 0.3800 -0.9075 -0.1791
vn 0.5314 0.7431 0.4068
vn -0.2743 0.8933 0.3560
vn -0.0384 0.8001 0.5986
vn 0.1236 0.9288 0.3494
vn -0.2303 0.9456 -0.2298
vn -0.6874 0.7162 0.1205
vn 0.8199 0.5438 0.1792
vn 0.8153 0.5776 -0.0407
vn 0.7997 0.6003 0.0124
vn 0.7666 0.6380 0.0726
vn -0.1684 0.3621 -0.9168
vn 0.8924 0.4035 0.2020
vn 0.3230 0.8648 0.3845
vn -0.4471 0.1360 0.8841
vn -0.9003 0.4202 0.1138
vn 0.7078 0.5362 0.4600
vn -0.2944 0.8927 0.3413
vn -0.1398 0.6241 0.7687
vn 0.7744 0.6321 0.0272
vn 0.7318 0.6737 0.1030
vn 0.6940 0.6413 0.3273
vn 0.2497 0.6380 0.7285
vn -0.5593 0.8272 0.0529
vn 0.4947 0.7948 0.3516
vn 0.1615 0.8776 0.4514
vn -0.0836 0.9957 -0.0409
vn 0.8239 0.5003 -0.2662
vn 0.7759 0.6130 -0.1493
vn 0.5003 0.6843 0.5306
vn 0.4625 0.8113 0.3575
vn -0.6080 0.6527 -0.4520
vn 0.5964 0.7149 0.3649
vn 0.4929 0.6948 0.5238
vn 0.2280 0.9736 0.0064
vn -0.3482 0.8647 0.3619
vn 0.3631 0.9222 0.1333
vn 0.7935 0.5919 -0.1412
vn 0.7173 0.6968 -0.0004
vn -0.4388 0.7738 0.4569
vn 0.4762 0.8102 0.3418
vn 0.8333 0.5359 0.1357
vn -0.4666 0.7721 0.4315
vn 0.7510 0.6537 0.0933
vn 0.5064 -0.6967 0.5081
vn 0.6800 0.7293 -0.0755
vn 0.6487 0.5853 0.4865
vn 0.1064 0.9494 0.2954
vn 0.5956 0.6488 0.4736
vn -0.9461 0.1799 -0.2693
vn 0.6532 0.7536 0.0735
vn 0.5431 0.8034 0.2443
vn 0.9309 -0.3581 -0.0723
vn -0.4153 0.6744 -0.6105
vn -0.9636 -0.1468 0.2236
vn -0.6366 -0.7474 0.1900
vn 0.6908 0.6672 -0.2787
vn -0.0720 0.6602 0.7476
vn 0.7988 0.5641 0.2091
vn 0.7992 0.5519 0.2381
vn 0.2329 0.9629 0.1365
vn 0.1873 0.5631 0.8049
vn -0.0622 0.1650 -0.9843
vn -0.2107 -0.6116 -0.7625
vn 0.6513 0.7561 0.0633
vn 0.7375 0.6651 0.1171
vn 0.8782 0.3199 0.3555
vn -0.1251 0.9858 -0.1122
vn -0.0605 0.9517 0.3011
vn 0.1673 -0.9753 -0.1439
vn 0.3390 0.7238 0.6010
vn -0.5037 0.7975 -0.3319
vn -0.2652 0.9564 0.1222
vn -0.9147 0.0479 -0.4013
vn -0.1346 -0.5526 -0.8225
vn 0.5272 0.7733 0.3521
vn 0.5092 0.7730 0.3785
vn -0.7290 0.6794 0.0838
vn 0.0405 -0.9415 0.3344
vn -0.9059 -0.1871 -0.3800
vn -0.9110 -0.3952 0.1183
vn 0.1800 -0.8979 -0.4016
vn -0.8059 -0.5472 -0.2260
vn 0.6100 0.7670 -0.1992
vn 0.6766 0.7321 -0.0785
vn 0.4231 0.8108 0.4044
vn 0.3467 0.6007 0.7204
vn -0.0504 0.8116 -0.5820
vn 0.8196 0.5537 0.1471
vn -0.0385 0.8138 0.5799
vn 0.1329 0.9352 0.3284
vn 0.5928 0.8051 0.0168
vn 0.5693 0.8075 0.1545
vn 0.3399 0.8502 0.4021
vn 0.0982 0.8183 0.5664
vn 0.2341 0.9203 0.3134
vn 0.8279 -0.0392 -0.5595
vn 0.0011 0.9187 0.3949
vn -0.0522 0.8498 0.5244
vn 0.7649 -0.3769 0.5223
vn 0.6008 0.7980 -0.0470
vn 0.0994 0.8358 0.5400
vn 0.4611 0.8688 -0.1803
vn 0.0403 0.2150 0.9758
vn 0.0975 0.9639 -0.2478
vn -0.0691 0.8460 0.5286
vn 0.4731 0.8433 -0.2548
vn 0.2940 0.8823 0.3676
vn 0.1744 0.9803 0.0928
vn 0.2880 0.8569 0.4276
vn 0.5193 0.8540 0.0312
vn 0.4908 0.8675 0.0808
vn -0.0823 0.9556 0.2829
vn -0.0450 0.9643 0.2610
vn -0.9100 0.2332 -0.3429
vn 0.6089 0.7553 -0.2424
vn 0.4988 0.6457 0.5781
vn -0.2566 0.9610 -0.1032
vn -0.3122 0.9465 -0.0814
vn -0.4837 0.8740 0.0468
vn -0.9877 -0.1437 -0.0611
vn 0.5480 0.8251 -0.1376
vn 0.4507 0.8873 0.0976
vn 0.2709 0.9137 0.3030
vn 0.4796 0.7929 0.3759
vn 0.4502 0.7122 0.5386
vn -0.4527 0.8065 0.3802
vn -0.6191 0.5646 -0.5458
vn 0.0280 0.7252 0.6880
vn 0.5266 0.8399 -0.1313
vn 0.4729 0.8811 -0.0090
vn 0.4964 0.8401 0.2188
vn 0.4779 0.7954 0.3728
vn -0.1982 0.7727 0.6031
vn -0.9773 -0.2096 0.0293
vn -0.8144 -0.0600 -0.5773
vn 0.4645 0.8831 -0.0664
vn -0.2952 0.8839 0.3628
vn -0.7928 -0.5620 0.2360
vn -0.1245 0.7057 0.6975
vn 0.4056 0.8405 0.3593
vn 0.3315 -0.9319 0.1472
vn -0.9031 -0.3947 -0.1690
vn 0.8029 -0.5136 -0.3026
vn 0.1930 0.6790 0.7083
vn -0.8440 -0.4313 -0.3188
vn -0.4414 0.8320 0.3362
vn 0.2259 0.8792 0.4195
vn 0.1895 0.9819 -0.0019
vn 0.1861 0.8841 0.4287
vn -0.2436 0.8184 0.5204
vn -0.0927 0.9945 -0.0477
vn 0.4081 0.9120 0.0405
vn 0.2169 0.7921 0.5706
vn 0.0841 0.7573 0.6476
vn -0.0415 -0.8336 -0.5508
vn 0.8441 0.5315 0.0703
vn 0.1758 0.8144 0.5530
vn 0.3785 0.9247 0.0408
vn 0.3313 0.9208 0.2058
vn 0.3682 0.9113 0.1843
vn 0.2878 0.9074 0.3064
vn 0.2591 0.9093 0.3258
vn -0.0740 -0.5661 -0.8210
vn 0.2575 0.8172 0.5156
vn -0.0915 0.6519 0.7528
vn -0.7135 -0.6479 -0.2668
vn -0.8656 -0.4904 0.1010
vn -0.8477 -0.5229 0.0892
vn -0.7958 0.1542 -0.5856
vn 0.4323 0.8978 -0.0835
vn -0.1979 0.9122 0.3589
vn 0.1040 0.1948 -0.9753
vn -0.8175 -0.3020 0.4904
vn -0.4753 0.8068 0.3508
vn -0.3289 0.7569 0.5647
vn -0.8495 0.4962 0.1792
vn -0.7657 0.4491 0.4604
vn -0.1376 -0.6417 -0.7545
vn -0.1448 0.6931 0.7062
vn 0.2332 -0.8143 -0.5315
vn -0.2587 -0.0165 0.9658
vn -0.4614 0.8854 0.0561
vn -0.6848 0.6108 0.3974
vn -0.7065 0.5906 0.3899
vn -0.4968 0.1456 0.8556
vn -0.2653 0.0588 0.9624
vn 0.0693 0.4419 0.8944
vn 0.1732 -0.8416 -0.5116
vn -0.9066 -0.0904 0.4122
vn -0.1456 0.7800 0.6086
vn -0.4285 0.7286 0.5344
vn -0.6292 0.3240 0.7065
vn 0.3154 -0.2645 -0.9114
vn -0.7880 -0.0919 0.6088
vn -0.8187 0.3917 0.4200
vn -0.2298 0.8345 0.5008
vn -0.3567 0.3399 0.8702
vn -0.3080 -0.6994 -0.6450
vn -0.1823 -0.7191 -0.6706
vn -0.8939 -0.0932 0.4386
vn -0.6263 -0.1976 0.7541
vn -0.5062 -0.5811 0.6373
vn -0.4779 0.8780 0.0283
vn -0.8638 -0.2749 0.4221
vn -0.6521 -0.1923 0.7333
vn -0.4815 -0.6193 -0.6201
vn -0.0576 -0.0136 -0.9982
vn -0.7537 -0.5578 0.3476
vn 0.8143 -0.1411 -0.5630
vn -0.9633 -0.2043 -0.1742
vn -0.7828 -0.1237 0.6099
vn -0.8161 -0.4286 0.3876
vn 0.1581 -0.2503 0.9552
vn -0.8151 -0.0894 0.5723
vn -0.1806 0.9250 0.3344
vn -0.3891 0.1892 0.9015
vn -0.1907 -0.5328 -0.8244
vn 0.6352 -0.5674 -0.5239
vn -0.8261 -0.0371 0.5623
vn -0.2036 0.0916 0.9748
vn -0.3657 0.4112 0.8350
vn -0.4969 -0.2534 0.8300
vn -0.4613 -0.0778 0.8838
vn 0.0544 0.0595 -0.9967
vn -0.7996 -0.1093 0.5904
vn -0.0601 0.1486 0.9871
vn -0.6772 0.6648 0.3153
vn -0.7989 -0.3295 0.5033
vn -0.8292 -0.0209 0.5586
vn -0.7390 -0.1979 0.6440
vn -0.7499 0.3078 0.5856
vn -0.7900 -0.3852 0.4770
vn -0.8513 -0.1264 0.5093
vn -0.5580 0.8136 0.1631
vn -0.5489 0.1662 0.8192
vn -0.8809 0.3630 0.3037
vn -0.8068 0.5169 0.2861
vn 0.4109 0.2126 0.8865
vn -0.7858 0.5086 0.3519
vn -0.5059 -0.6917 -0.5154
vn -0.6428 -0.0772 0.7622
vn -0.6125 0.1589 0.7743
vn 0.7351 -0.6352 -0.2368
vn 0.5559 -0.8290 -0.0603
vn -0.5886 0.6851 0.4291
vn -0.9138 0.1574 0.3745
vn -0.2377 0.8304 0.5040
vn -0.6690 0.6564 0.3486
vn -0.4689 -0.2249 0.8541
vn 0.8528 -0.4905 -0.1794
vn -0.8863 0.3629 0.2877
vn -0.4541 0.5962 0.6621
vn -0.5165 0.6968 0.4977
vn -0.8056 -0.3463 0.4807
vn 0.4559 -0.8840 -0.1036
vn -0.2616 -0.4092 -0.8742
vn -0.8253 -0.1027 0.5552
vn -0.5262 0.7874 0.3211
vn -0.7903 -0.3850 0.4767
vn -0.6575 -0.3656 0.6588
vn -0.8745 0.4136 0.2535
vn -0.7916 0.2247 0.5682
vn 0.1699 0.3517 -0.9206
vn -0.4424 -0.1599 -0.8825
vn -0.4572 -0.0951 0.8843
vn -0.5040 -0.4043 0.7632
vn 0.6374 -0.6874 0.3482
vn 0.5384 -0.8378 -0.0904
vn -0.6227 0.0894 0.7773
vn -0.0796 0.3829 0.9203
vn -0.9644 -0.2002 -0.1730
vn -0.4258 -0.8190 0.3847
vn -0.8542 -0.4961 0.1556
vn -0.2635 -0.8786 0.3982
vn -0.4440 -0.7917 0.4195
vn -0.0589 -0.9362 0.3464
vn -0.8475 -0.3375 0.4096
vn -0.6717 -0.1295 0.7294
vn -0.1113 -0.3825 -0.9172
vn 0.2286 0.3732 0.8992
vn 0.5188 -0.0926 0.8499
vn -0.8135 0.0104 0.5814
vn -0.9249 -0.0197 0.3796
vn -0.6615 0.5274 0.5331
vn -0.5283 0.0609 -0.8469
vn 0.0563 0.0076 -0.9984
vn 0.0677 -0.9428 -0.3263
vn -0.2980 0.0337 -0.9540
vn -0.9044 0.3645 -0.2218
vn -0.6628 0.4098 0.6267
vn -0.4518 0.4323 0.7804
vn -0.7068 -0.2138 0.6744
vn 0.3296 0.1822 0.9264
vn -0.3615 -0.5524 0.7511
vn 0.8358 0.5191 0.1788
vn -0.4841 0.7737 0.4088
vn -0.8415 -0.2467 0.4807
vn -0.5498 0.6761 0.4905
vn -0.1799 0.9342 0.3079
vn 0.2524 -0.3207 0.9129
vn -0.6817 -0.1639 0.7131
vn -0.5381 -0.2366 0.8090
vn -0.6306 0.6594 0.4094
vn -0.5131 0.4388 0.7377
vn -0.4232 -0.2892 0.8586
vn -0.6261 0.1056 0.7725
vn -0.6243 0.2985 0.7219
vn -0.2372 0.0415 0.9706
vn -0.6028 -0.2824 0.7463
vn -0.2420 0.8946 0.3758
vn -0.4972 -0.2086 0.8422
vn -0.2838 -0.1686 -0.9440
vn -0.6956 0.5726 0.4339
vn -0.3771 -0.0189 -0.9260
vn -0.5143 -0.2053 0.8327
vn -0.5745 0.1393 -0.8065
vn -0.4527 -0.0316 0.8911
vn -0.5389 -0.2857 -0.7924
vn 0.0909 -0.4674 -0.8794
vn -0.1371 -0.5361 0.8329
vn -0.5200 0.4983 0.6937
vn -0.5385 -0.4234 0.7285
vn -0.6128 -0.1536 0.7752
vn -0.5520 -0.1201 0.8251
vn -0.4979 -0.4504 0.7411
vn -0.8506 -0.2513 0.4619
vn -0.7096 0.4288 0.5591
vn -0.2939 0.9502 -0.1035
vn -0.4937 -0.4091 0.7674
vn -0.1218 0.0520 0.9912
vn -0.9094 -0.2279 -0.3480
vn -0.5311 0.0527 -0.8456
vn -0.6223 -0.3686 0.6906
vn 0.0914 -0.0468 0.9947
vn -0.1712 0.3269 -0.9294
vn -0.4388 -0.2550 -0.8616
vn -0.4642 -0.1210 0.8774
vn 0.2349 0.0157 0.9719
vn -0.8929 0.4360 -0.1125
vn -0.2656 0.4515 -0.8518
vn -0.4783 0.6301 0.6117
vn -0.5844 0.2925 0.7569
vn -0.4402 0.7071 0.5534
vn -0.5602 -0.2412 0.7924
vn -0.2252 -0.0150 0.9742
vn 0.3598 0.1726 0.9169
vn -0.7524 0.1884 0.6312
vn -0.6090 0.4331 0.6645
vn -0.7472 -0.0107 0.6645
vn -0.7672 0.0355 0.6404
vn -0.7074 -0.6699 0.2253
vn 0.3612 -0.8788 -0.3118
vn -0.6953 0.4078 0.5918
vn 0.0233 0.2786 -0.9601
vn -0.5575 -0.4388 0.7047
vn 0.0232 0.1735 -0.9846
vn 0.3361 0.2187 -0.9161
vn 0.1355 0.6998 0.7014
vn -0.2371 -0.4040 -0.8835
vn 0.0633 0.2037 -0.9770
vn -0.3730 -0.4369 0.8185
vn -0.9248 0.1813 -0.3346
vn -0.8182 0.5278 0.2282
vn -0.6296 -0.0050 0.7769
vn -0.6943 -0.0917 0.7138
vn -0.8296 -0.0208 0.5580
vn -0.5840 0.2969 0.7555
vn -0.1273 0.4348 -0.8915
vn -0.3568 0.9014 -0.2454
vn -0.6439 0.3196 -0.6952
vn -0.9155 0.3392 0.2162
vn -0.7749 0.5880 -0.2320
vn -0.6326 0.2782 -0.7228
vn -0.7131 0.4090 0.5694
vn -0.9917 0.1152 0.0565
vn -0.2981 0.8877 0.3509
vn -0.3071 -0.0281 0.9513
vn -0.8014 -0.0091 0.5981
vn -0.8449 0.1027 0.5249
vn -0.5882 -0.0105 0.8086
vn -0.8480 0.2118 0.4857
vn -0.9023 0.3317 0.2752
vn -0.7594 0.5600 -0.3311
vn -0.4164 0.0024 0.9092
vn -0.6120 0.1009 0.7844
vn -0.4241 -0.0174 0.9055
vn -0.6388 0.7299 0.2432
vn -0.5691 -0.5418 -0.6185
vn -0.9175 0.0662 -0.3921
vn -0.7571 -0.4798 0.4435
vn -0.2886 -0.8112 0.5086
vn -0.7038 0.5957 0.3870
vn -0.5022 -0.3813 0.7762
vn -0.1392 -0.6840 0.7160
vn -0.8390 -0.0399 0.5427
vn -0.0550 -0.0531 0.9971
vn -0.4033 -0.3198 0.8574
vn -0.2493 0.2654 -0.9314
vn -0.1797 -0.0458 0.9826
vn 0.1797 -0.0475 0.9826
vn -0.9012 0.2629 0.3445
vn -0.0528 -0.4783 0.8766
vn -0.5272 0.7032 0.4770
vn -0.9886 0.0940 -0.1173
vn -0.5860 0.2071 0.7834
vn -0.8428 -0.2696 0.4658
vn -0.8324 -0.5307 0.1595
vn -0.5932 0.6456 0.4810
vn -0.1322 0.1161 0.9844
vn -0.1238 0.3881 -0.9133
vn -0.5798 0.5749 0.5774
vn -0.7433 0.1133 0.6593
vn -0.5255 0.5586 0.6418
vn -0.6042 0.6673 0.4354
vn -0.8282 0.1371 0.5434
vn -0.3613 0.9317 0.0382
vn -0.5623 0.0061 0.8269
vn -0.6965 0.2328 0.6787
vn -0.6693 0.3445 0.6583
vn -0.2830 0.8896 0.3586
vn -0.8022 -0.3286 0.4986
vn -0.8799 0.1185 0.4601
vn 0.0979 -0.2916 -0.9515
vn -0.4112 -0.2565 -0.8747
vn -0.8860 0.0376 0.4622
vn -0.9384 0.3101 0.1528
vn -0.1846 0.9249 0.3323
vn 0.2227 0.3571 0.9071
vn -0.9314 0.3470 -0.1104
vn -0.2931 -0.2249 0.9293
vn -0.9147 0.1343 0.3812
vn -0.8993 0.2023 0.3878
vn -0.7621 0.5107 0.3980
vn -0.8117 -0.2547 0.5256
vn -0.1145 -0.1046 0.9879
vn -0.6042 0.4061 0.6856
vn -0.7901 0.0224 0.6126
vn -0.7894 0.0551 0.6115
vn -0.7587 -0.0061 0.6514
vn -0.6588 -0.4359 -0.6132
vn -0.5775 0.3549 -0.7352
vn 0.5054 -0.5371 -0.6754
vn -0.8608 0.1730 0.4787
vn 0.9170 -0.1058 0.3847
vn -0.8581 -0.3282 0.3949
vn -0.4713 -0.1308 0.8722
vn -0.1827 -0.4025 -0.8970
vn 0.2884 0.2171 0.9326
vn -0.5953 -0.0693 0.8005
vn -0.0921 0.0421 -0.9949
vn -0.4974 0.6159 0.6110
vn -0.0522 0.7617 0.6458
vn -0.5718 -0.0977 0.8146
vn -0.2043 -0.0343 -0.9783
vn -0.3419 -0.1684 -0.9245
vn -0.7626 0.0248 0.6463
vn -0.6426 0.6427 0.4171
vn -0.7279 0.1341 0.6725
vn -0.8850 0.3761 0.2745
vn -0.0148 -0.9261 0.3770
vn -0.9471 -0.1071 0.3024
vn -0.6982 0.5572 0.4494
vn -0.7257 0.4629 0.5090
vn -0.5266 0.5579 0.6414
vn 0.0641 0.1000 -0.9929
vn -0.8229 -0.2400 0.5150
vn -0.8031 0.2026 0.5603
vn 0.3847 0.0084 0.9230
vn -0.7205 0.2806 0.6342
vn 0.1909 0.3615 -0.9126
vn -0.3886 0.2204 0.8947
vn -0.8716 0.2033 0.4460
vn -0.7893 0.4237 0.4443
vn 0.1805 -0.7216 0.6684
vn -0.7748 0.5023 0.3839
vn -0.7599 0.4562 0.4631
vn -0.4991 0.3338 0.7996
vn -0.3336 0.6494 0.6833
vn -0.5771 0.2449 0.7791
vn -0.6381 -0.3336 -0.6940
vn -0.5426 -0.2918 -0.7877
vn -0.7979 -0.2198 0.5613
vn -0.7770 -0.0799 0.6244
vn -0.7799 -0.0180 0.6256
vn -0.7661 0.3493 0.5396
vn -0.5731 0.6568 0.4901
vn -0.1908 0.6255 0.7566
vn -0.5195 0.2662 0.8120
vn -0.5734 0.2465 0.7813
vn -0.5242 0.2085 0.8257
vn -0.8515 -0.2760 0.4458
vn -0.7043 -0.5193 0.4841
vn -0.7280 0.5622 0.3923
vn -0.4133 0.8145 0.4071
vn -0.8945 -0.0777 0.4402
vn -0.7832 -0.0275 0.6212
vn -0.7673 0.1833 0.6145
vn -0.4605 0.1473 0.8753
vn -0.4575 0.6811 0.5717
vn -0.8876 -0.2969 -0.3521
vn -0.2453 0.6009 0.7607
vn 0.7045 0.4299 0.5646
vn -0.8144 -0.3878 0.4317
vn -0.5495 -0.6021 0.5793
vn -0.4511 0.6663 0.5938
vn -0.6598 -0.1941 -0.7260
vn -0.4976 -0.2508 0.8303
vn -0.2266 -0.8764 0.4250
vn 0.1971 0.1251 -0.9724
vn -0.7000 -0.1899 0.6884
vn -0.9106 0.3523 0.2159
vn -0.6018 0.6893 0.4034
vn -0.2412 0.7203 0.6503
vn -0.5364 0.4594 0.7080
vn -0.8042 -0.3370 0.4895
vn -0.8284 -0.0750 0.5551
vn -0.7050 0.2542 0.6621
vn -0.7056 0.2524 0.6621
vn -0.3616 0.7164 0.5967
vn 0.2141 -0.9464 -0.2419
vn -0.7302 0.5254 0.4368
vn -0.1318 0.5987 0.7901
vn -0.3706 0.7579 0.5369
vn -0.2343 -0.8371 0.4943
vn -0.5264 0.4652 0.7117
vn -0.3793 0.7313 0.5669
vn -0.3724 0.7552 0.5394
vn -0.2986 0.8473 0.4393
vn -0.5628 0.7440 0.3602
vn -0.0004 -0.0982 -0.9952
vn -0.4158 0.0238 -0.9091
vn -0.0832 -0.9958 -0.0375
vn -0.8903 0.4553 -0.0087
vn -0.4687 -0.3921 0.7916
vn -0.9028 -0.0771 0.4232
vn -0.5812 0.5291 0.6183
vn -0.7438 0.4779 0.4674
vn -0.7515 0.2608 0.6060
vn -0.8536 0.2803 0.4391
vn -0.3451 -0.1303 -0.9295
vn 0.1900 -0.5514 -0.8123
vn -0.7399 0.3082 -0.5980
vn -0.7707 -0.2757 0.5745
vn -0.3444 -0.2160 0.9136
vn -0.8596 -0.4903 0.1439
vn -0.6355 0.1988 0.7461
vn -0.8006 0.4650 0.3779
vn -0.7582 0.5359 0.3714
vn -0.0509 0.1297 0.9903
vn -0.4486 0.7798 0.4367
vn -0.6947 -0.0665 0.7162
vn -0.6490 0.4681 0.5997
vn -0.5230 0.7449 0.4142
vn 0.0794 -0.1048 -0.9913
vn -0.1558 -0.5323 0.8321
vn -0.0577 -0.0191 -0.9982
vn -0.7862 -0.1847 0.5897
vn -0.8092 0.0018 0.5875
vn -0.7048 0.2526 0.6629
vn -0.8973 0.0106 0.4413
vn -0.1017 0.1500 -0.9834
vn -0.9299 0.2273 0.2891
vn -0.8734 0.3402 0.3485
vn 0.2688 -0.5593 -0.7842
vn -0.8071 0.4372 0.3969
vn -0.4173 0.5129 0.7502
vn -0.7334 0.4268 0.5290
vn -0.2312 -0.4880 -0.8417
vn 0.3571 0.3038 -0.8833
vn -0.5720 -0.1381 -0.8085
vn -0.0174 -0.4814 -0.8763
vn -0.5474 0.1071 -0.8300
vn -0.7846 -0.0191 0.6197
vn -0.8210 0.0544 0.5684
vn -0.9072 0.2646 0.3272
vn -0.8930 0.2287 0.3877
vn -0.6197 0.6002 0.5057
vn -0.2018 0.2711 -0.9412
vn -0.4738 0.7568 0.4503
vn -0.4265 0.5103 0.7467
vn -0.5471 0.5708 0.6122
vn -0.4047 0.7469 0.5276
vn 0.1392 0.0582 -0.9885
vn -0.6831 0.2130 0.6986
vn -0.7523 0.2490 0.6100
vn -0.7859 0.3444 0.5136
vn -0.7751 0.4172 0.4745
vn -0.4647 0.7060 0.5344
vn -0.6120 0.4854 0.6244
vn -0.8390 -0.1224 0.5301
vn -0.2213 0.3200 0.9212
vn -0.8513 -0.2826 0.4420
vn -0.3647 0.7780 0.5116
vn -0.3057 0.0498 -0.9508
vn -0.7288 0.1340 0.6714
vn -0.7762 0.0211 0.6302
vn -0.6065 -0.0131 0.7949
vn -0.6562 0.2630 0.7073
vn -0.8456 0.2019 0.4942
vn -0.8594 0.2565 0.4423
vn -0.7108 0.4495 0.5411
vn -0.5969 0.5772 0.5573
vn -0.0689 0.0837 0.9941
vn -0.4580 0.8070 0.3729
vn -0.6796 -0.2312 0.6962
vn -0.6109 0.7233 -0.3221
vn -0.5880 0.5881 0.5553
vn -0.5815 0.5488 0.6006
vn -0.6802 0.2049 0.7038
vn -0.6025 -0.4486 0.6601
vn -0.7191 -0.1369 0.6813
vn 0.0294 -0.9989 -0.0364
vn -0.4380 -0.0657 -0.8966
vn 0.1282 0.7579 -0.6397
vn -0.1148 0.2714 -0.9556
vn -0.6131 0.3651 -0.7006
vn -0.5555 0.3699 -0.7447
vn 0.1997 0.8866 -0.4172
vn -0.8959 -0.0959 -0.4338
vn 0.2626 0.7909 -0.5527
vn -0.8353 0.0062 -0.5498
vn -0.7955 -0.1875 -0.5763
vn -0.2719 0.5345 -0.8002
vn -0.5010 -0.3848 -0.7752
vn -0.9911 0.1264 0.0428
vn -0.9987 0.0480 -0.0152
vn -0.6807 0.1371 -0.7196
vn -0.9389 0.0523 -0.3402
vn -0.5635 -0.4036 -0.7208
vn 0.2114 0.8531 -0.4771
vn -0.9401 -0.0161 -0.3405
vn -0.8549 -0.2510 -0.4541
vn -0.9046 -0.0935 -0.4159
vn -0.3690 -0.5523 -0.7475
vn -0.6269 -0.5751 -0.5256
vn -0.9456 0.0385 -0.3232
vn -0.8597 -0.2458 -0.4478
vn -0.6777 -0.4629 -0.5714
vn -0.9806 0.0320 -0.1935
vn -0.8533 0.1280 -0.5055
vn -0.7494 -0.4603 -0.4759
vn -0.9818 0.1883 0.0244
vn -0.9730 0.1293 -0.1914
vn -0.4189 -0.6950 -0.5844
vn -0.4129 -0.7030 -0.5790
vn 0.3633 0.6089 -0.7052
vn -0.9789 0.0260 -0.2027
vn -0.9421 -0.1442 -0.3028
vn -0.9374 -0.1576 -0.3107
vn -0.8889 -0.2914 -0.3534
vn -0.7428 -0.5084 -0.4357
vn -0.9872 0.1563 0.0307
vn -0.9653 0.1484 -0.2148
vn -0.9429 -0.1428 -0.3009
vn -0.9158 -0.2471 -0.3166
vn -0.7663 -0.4923 -0.4128
vn -0.4117 -0.6753 -0.6119
vn -0.8454 -0.3803 -0.3752
vn -0.9802 0.1562 -0.1213
vn -0.9802 0.0231 0.1968
vn -0.3974 -0.7087 -0.5829
vn -0.9863 0.1636 -0.0193
vn -0.7750 -0.4988 -0.3879
vn -0.8170 -0.4631 -0.3435
vn -0.4468 -0.7480 -0.4908
vn -0.8095 -0.4466 -0.3811
vn -0.7885 0.5458 0.2835
vn -0.9691 0.1857 -0.1624
vn -0.9821 0.0465 -0.1826
vn -0.9638 -0.1604 -0.2130
vn -0.4679 -0.7144 -0.5203
vn -0.7793 -0.2591 -0.5705
vn -0.9275 -0.2751 -0.2532
vn -0.9051 -0.2869 -0.3137
vn -0.4899 0.8646 -0.1117
vn -0.9366 -0.2604 -0.2346
vn -0.9667 -0.1884 -0.1733
vn -0.9268 0.2618 0.2694
vn -0.0958 0.8508 -0.5166
vn -0.2944 0.6873 -0.6641
vn -0.5884 -0.7958 -0.1432
vn -0.9707 0.2160 -0.1052
vn -0.9836 -0.0461 -0.1743
vn -0.4914 -0.7475 -0.4470
vn -0.9809 0.1351 0.1402
vn 0.2442 0.1890 0.9511
vn -0.1230 0.7640 -0.6334
vn -0.8150 -0.4755 -0.3312
vn -0.4960 -0.7378 -0.4579
vn 0.2373 0.4358 -0.8682
vn -0.0561 0.8725 -0.4854
vn -0.8516 0.4607 0.2500
vn -0.8571 -0.4029 -0.3209
vn -0.9933 -0.1050 0.0473
vn 0.1756 0.5871 -0.7903
vn -0.7561 0.0482 -0.6527
vn -0.9836 0.0236 -0.1789
vn -0.7423 -0.3970 -0.5398
vn -0.7961 -0.4073 -0.4476
vn -0.8004 0.0647 -0.5960
vn -0.7728 0.1015 -0.6265
vn -0.8575 0.2447 -0.4526
vn -0.7262 0.4198 -0.5445
vn -0.9170 -0.0670 0.3933
vn -0.9376 0.3010 -0.1739
vn -0.9968 -0.0753 -0.0260
vn -0.7123 -0.2651 0.6499
vn -0.8776 0.4310 0.2100
vn -0.2928 0.8574 -0.4232
vn 0.0370 0.8689 -0.4936
vn -0.7779 -0.3535 -0.5195
vn -0.8514 0.2767 -0.4456
vn -0.6710 0.5680 -0.4766
vn -0.5715 -0.7445 -0.3453
vn -0.9987 -0.0147 0.0482
vn -0.0602 0.7828 -0.6193
vn -0.7939 -0.3554 -0.4933
vn -0.4960 0.6096 -0.6183
vn -0.9677 -0.1925 -0.1627
vn -0.8576 -0.4518 -0.2459
vn -0.2980 0.9546 -0.0043
vn -0.9586 -0.2352 0.1603
vn -0.7317 -0.2028 -0.6508
vn -0.7218 -0.2535 -0.6440
vn -0.9237 -0.2942 -0.2455
vn -0.9725 0.0027 -0.2330
vn -0.7750 0.2175 -0.5934
vn 0.4483 0.5147 0.7308
vn -0.9164 0.1913 0.3515
vn -0.9273 0.3578 -0.1101
vn -0.8343 -0.4798 -0.2714
vn 0.6267 -0.3375 -0.7024
vn -0.4436 0.8582 -0.2583
vn -0.7815 -0.1900 -0.5942
vn -0.8549 -0.2777 -0.4383
vn -0.9637 -0.0203 -0.2663
vn -0.7818 0.2557 -0.5688
vn -0.6965 0.6088 -0.3798
vn -0.4867 0.8179 -0.3068
vn -0.5692 0.8176 0.0872
vn -0.9857 -0.0365 -0.1642
vn -0.5901 -0.7144 -0.3762
vn -0.5719 -0.7344 -0.3655
vn -0.9851 -0.1668 0.0431
vn -0.2216 -0.9670 0.1259
vn -0.9800 0.0997 0.1721
vn -0.7987 -0.3265 -0.5054
vn -0.8847 -0.3569 -0.2999
vn -0.8698 0.3762 -0.3192
vn -0.8693 0.3768 -0.3199
vn -0.9826 -0.1388 -0.1230
vn -0.9815 -0.0637 -0.1806
vn 0.3046 0.8274 -0.4718
vn 0.1979 -0.3866 0.9008
vn -0.4355 0.8662 -0.2451
vn -0.8181 -0.2961 -0.4930
vn -0.9619 -0.2719 0.0276
vn -0.8978 -0.3516 -0.2653
vn -0.9378 -0.1468 -0.3145
vn -0.9252 -0.1772 -0.3355
vn -0.7163 -0.4818 -0.5048
vn -0.9667 -0.0193 -0.2551
vn -0.8538 0.4374 -0.2822
vn -0.8350 -0.3717 0.4058
vn -0.8695 0.1754 -0.4618
vn 0.1244 0.6986 -0.7046
vn -0.7369 -0.1554 -0.6579
vn -0.8978 -0.4148 -0.1479
vn -0.8355 0.1411 -0.5311
vn 0.1964 0.6411 -0.7419
vn -0.9180 0.2226 0.3283
vn -0.8476 -0.4731 -0.2405
vn -0.5895 -0.7103 -0.3846
vn -0.9589 0.1974 0.2038
vn -0.9570 0.2250 0.1829
vn -0.9001 0.1765 -0.3984
vn -0.6888 0.6153 -0.3834
vn -0.9096 -0.1204 -0.3976
vn -0.8866 -0.2916 -0.3590
vn -0.9284 -0.3251 -0.1799
vn -0.9748 -0.1426 -0.1714
vn -0.9568 0.0701 -0.2822
vn -0.6928 0.3073 -0.6523
vn -0.9788 -0.1991 -0.0479
vn -0.0656 0.7474 -0.6612
vn -0.9510 -0.2163 0.2210
vn -0.8387 0.5072 -0.1984
vn -0.7577 -0.0122 -0.6524
vn -0.9477 -0.1959 -0.2518
vn -0.9281 -0.3718 0.0220
vn -0.9773 -0.1972 -0.0777
vn -0.0744 0.0101 -0.9972
vn -0.6324 -0.7728 -0.0543
vn -0.9935 0.0490 -0.1026
vn -0.9667 -0.1726 -0.1891
vn -0.6071 -0.7050 -0.3666
vn -0.9898 -0.1422 0.0104
vn -0.8859 0.3671 0.2835
vn 0.0499 0.1689 -0.9844
vn -0.8542 -0.3619 0.3733
vn -0.6346 0.3448 -0.6917
vn -0.6352 0.3471 -0.6900
vn -0.2366 0.4007 -0.8852
vn -0.3151 0.8569 -0.4079
vn -0.9282 -0.2025 -0.3123
vn -0.9918 -0.0542 -0.1156
vn -0.9081 0.4064 -0.1014
vn -0.9400 0.3311 -0.0824
vn -0.9595 -0.2238 -0.1708
vn -0.8099 0.1322 -0.5715
vn -0.7842 0.5097 -0.3538
vn -0.4439 0.8525 -0.2761
vn -0.6654 0.5894 -0.4580
vn -0.7079 -0.2255 -0.6693
vn -0.9487 -0.0290 -0.3148
vn -0.9340 0.0566 -0.3529
vn -0.8809 -0.2827 -0.3797
vn -0.9026 -0.3177 -0.2904
vn -0.9272 -0.1988 -0.3173
vn -0.8589 -0.1336 -0.4945
vn -0.7217 -0.6790 -0.1343
vn -0.9887 -0.1347 -0.0661
vn -0.0523 0.6972 -0.7150
vn -0.5174 0.6308 -0.5782
vn -0.7052 0.4828 -0.5192
vn 0.1240 -0.7990 -0.5885
vn -0.9215 -0.1516 -0.3576
vn -0.8993 -0.2749 -0.3403
vn -0.9214 -0.2337 -0.3105
vn -0.8934 -0.0617 -0.4450
vn -0.9347 -0.3532 -0.0404
vn -0.8939 -0.2279 0.3861
vn 0.1216 -0.7539 -0.6456
vn -0.6465 0.1750 -0.7426
vn -0.5990 -0.7031 -0.3833
vn -0.6839 -0.0053 -0.7296
vn -0.5987 0.7548 -0.2682
vn -0.7035 0.6785 -0.2115
vn -0.3219 0.9247 -0.2032
vn -0.4036 0.8669 -0.2927
vn -0.5102 0.5450 -0.6653
vn -0.4050 0.7558 -0.5144
vn -0.9336 0.3556 -0.0454
vn -0.7133 0.6135 -0.3388
vn -0.9968 -0.0196 0.0776
vn -0.7868 -0.5550 -0.2701
vn 0.2801 -0.9494 0.1419
vn -0.7386 0.2668 -0.6191
vn -0.7096 0.4773 -0.5184
vn -0.9698 0.1122 -0.2165
vn -0.9844 -0.0979 -0.1463
vn -0.9773 -0.1460 -0.1533
vn -0.7730 -0.3032 -0.5573
vn 0.0607 0.8454 -0.5307
vn -0.9845 0.0544 0.1668
vn 0.0316 -0.9995 0.0019
vn -0.8495 0.5251 0.0516
vn -0.6279 -0.5785 -0.5206
vn -0.9487 0.2601 0.1796
vn -0.4256 0.8775 -0.2210
vn 0.3611 -0.8765 -0.3185
vn -0.8774 0.4568 -0.1468
vn -0.8565 0.4839 -0.1798
vn -0.7104 0.6748 -0.1998
vn -0.5101 0.8567 -0.0762
vn -0.8985 0.2883 -0.3311
vn -0.8746 -0.2248 -0.4295
vn -0.8476 -0.2664 -0.4588
vn -0.7125 -0.4456 -0.5421
vn -0.8416 0.5190 0.1495
vn -0.6930 -0.6631 -0.2828
vn -0.7228 -0.6490 -0.2373
vn 0.4651 0.2887 -0.8368
vn -0.9180 0.1207 -0.3778
vn -0.0986 -0.9946 0.0323
vn -0.9371 -0.2335 -0.2596
vn 0.5886 0.1587 -0.7927
vn 0.0480 0.4141 -0.9090
vn -0.8208 0.5481 -0.1608
vn -0.9326 0.3521 0.0795
vn -0.7649 0.5377 -0.3548
vn -0.8192 -0.1831 0.5436
vn -0.4701 -0.1159 -0.8750
vn -0.7155 -0.6884 -0.1189
vn -0.9269 -0.3697 -0.0653
vn -0.9953 0.0591 0.0773
vn -0.8738 0.4730 -0.1132
vn -0.8991 -0.2126 -0.3828
vn -0.9442 0.2506 -0.2135
vn -0.8171 0.4786 -0.3214
vn -0.5015 0.8093 -0.3058
vn -0.9456 0.2405 -0.2190
vn -0.9567 -0.1901 -0.2204
vn -0.9411 -0.2723 -0.2005
vn -0.0434 0.7664 -0.6409
vn -0.0380 0.8220 -0.5683
vn -0.9516 0.2240 -0.2105
vn -0.9170 0.3928 0.0700
vn -0.7787 -0.5975 -0.1914
vn -0.9917 -0.0481 -0.1193
vn -0.7302 0.6178 -0.2918
vn -0.9330 -0.0550 0.3556
vn -0.8859 -0.0895 -0.4551
vn 0.0752 0.9638 -0.2557
vn -0.9793 0.0727 0.1890
vn -0.9422 -0.1287 -0.3093
vn -0.5551 0.7568 -0.3452
vn -0.9496 0.2131 -0.2297
vn -0.8445 0.4467 -0.2953
vn -0.7059 0.6396 -0.3044
vn -0.9225 -0.0332 -0.3846
vn -0.9608 -0.0727 -0.2676
vn -0.8852 -0.3105 -0.3465
vn -0.3188 0.5419 -0.7776
vn -0.2583 -0.9413 0.2172
vn -0.8880 0.4291 0.1655
vn 0.4301 0.1616 -0.8882
vn -0.0283 0.9370 -0.3481
vn -0.9070 0.2976 -0.2979
vn -0.9816 0.1847 -0.0492
vn -0.7661 -0.1351 -0.6284
vn -0.9053 0.1597 -0.3936
vn -0.3257 -0.8723 -0.3646
vn -0.9590 0.2579 0.1173
vn -0.8527 0.5159 0.0820
vn -0.6953 -0.6559 -0.2939
vn -0.6871 0.5518 -0.4726
vn -0.6294 0.6759 -0.3835
vn -0.0676 0.2650 -0.9619
vn -0.6418 -0.5962 -0.4823
vn 0.4307 0.8605 -0.2719
vn -0.7449 -0.3839 -0.5457
vn -0.7088 -0.0091 -0.7054
vn -0.6954 -0.0217 -0.7183
vn 0.5391 0.6440 -0.5428
vn -0.5649 -0.8213 -0.0796
vn -0.8661 -0.4719 0.1646
vn -0.9161 -0.3994 0.0358
vn -0.7815 -0.5987 -0.1754
vn -0.9047 -0.3050 0.2974
vn 0.6832 0.4453 -0.5787
vn -0.9993 -0.0361 -0.0038
vn -0.9806 0.1540 0.1210
vn 0.6431 -0.2568 -0.7215
vn -0.7431 -0.3832 -0.5485
vn -0.9840 -0.1428 -0.1067
vn -0.2524 0.0746 -0.9647
vn -0.8878 -0.4097 -0.2095
vn -0.8007 -0.5553 -0.2246
vn -0.9953 0.0887 0.0383
vn -0.9037 0.4281 -0.0003
vn -0.7600 -0.0877 -0.6440
vn -0.8321 -0.0261 -0.5539
vn -0.8515 0.4341 0.2940
vn -0.2550 -0.4739 -0.8429
vn -0.8327 -0.5476 -0.0824
vn -0.9958 -0.0919 -0.0046
vn -0.9631 -0.2691 -0.0051
vn -0.6002 0.4746 -0.6438
vn 0.5817 -0.0118 -0.8133
vn -0.9446 -0.0919 0.3152
vn 0.0083 -0.9989 0.0465
vn 0.2744 0.8306 -0.4845
vn 0.3151 0.2565 -0.9137
vn -0.1864 0.7413 -0.6447
vn -0.8318 -0.0235 -0.5545
vn -0.6694 0.6493 0.3610
vn -0.6164 0.7128 0.3346
vn -0.9559 -0.2340 0.1773
vn -0.8580 0.3856 0.3393
vn -0.5346 0.8450 -0.0139
vn -0.5286 0.8487 -0.0175
vn -0.9911 0.1314 0.0211
vn 0.0793 0.8795 -0.4692
vn -0.2296 0.6092 -0.7590
vn -0.7169 -0.0963 -0.6905
vn -0.6756 -0.1663 -0.7182
vn -0.7213 0.2610 -0.6416
vn -0.6895 0.3110 -0.6541
vn -0.8181 -0.5540 -0.1545
vn -0.3578 -0.3702 -0.8573
vn -0.7607 -0.5451 -0.3524
vn -0.9228 0.3252 -0.2063
vn -0.8841 -0.4176 -0.2098
vn -0.9742 0.2132 0.0733
vn -0.8728 -0.3720 0.3160
vn -0.9540 0.1082 0.2796
vn -0.8820 0.4649 -0.0768
vn 0.2165 0.4638 -0.8591
vn -0.1486 0.7284 -0.6688
vn 0.4149 0.3915 -0.8214
vn 0.3375 0.6637 -0.6676
vn -0.5095 0.7252 -0.4631
vn 0.0793 -0.9014 0.4257
vn -0.8367 -0.3116 -0.4503
vn -0.8719 -0.0373 -0.4883
vn -0.7108 0.1525 -0.6867
vn -0.1670 -0.9494 -0.2662
vn -0.1210 0.7256 -0.6774
vn -0.8603 -0.4341 -0.2671
vn -0.5741 0.8061 0.1437
vn -0.6327 0.6758 -0.3782
vn -0.9524 -0.2470 -0.1785
vn 0.1269 0.7528 -0.6459
vn 0.1316 0.0124 0.9912
vn 0.5704 0.2973 -0.7657
vn -0.6465 -0.4281 -0.6315
vn -0.7017 -0.1094 -0.7040
vn -0.7608 0.2449 -0.6010
vn -0.6913 0.1463 -0.7076
vn -0.6590 0.3370 -0.6725
vn -0.8605 0.0610 -0.5057
vn -0.2559 0.0756 -0.9638
vn 0.3670 0.2939 -0.8826
vn 0.2420 0.4168 -0.8762
vn -0.9802 0.1892 0.0586
vn -0.6091 0.7232 -0.3255
vn -0.3697 -0.0850 -0.9253
vn -0.6332 0.3236 -0.7031
vn -0.6769 0.3413 -0.6522
vn -0.6162 0.0776 -0.7837
vn -0.8186 -0.2129 -0.5335
vn -0.7794 -0.2968 -0.5517
vn -0.8210 0.2195 -0.5271
vn -0.1979 0.7821 -0.5909
vn 0.1761 0.4456 -0.8777
vn 0.3984 0.8552 -0.3316
vn -0.4783 -0.3538 -0.8038
vn 0.1875 0.6479 -0.7383
vn -0.9672 0.1461 -0.2077
vn -0.8003 -0.5218 -0.2954
vn -0.8393 0.0747 -0.5385
vn -0.7435 -0.0872 -0.6630
vn -0.6641 0.6578 -0.3553
vn -0.7295 0.3723 -0.5737
vn 0.2767 -0.8237 -0.4949
vn -0.7897 -0.3202 -0.5233
vn -0.7192 -0.3387 -0.6066
vn -0.7457 -0.1158 -0.6562
vn -0.6728 -0.2370 -0.7009
vn -0.7879 0.1879 -0.5864
vn -0.7670 -0.0257 -0.6412
vn 0.3282 0.3417 -0.8806
vn 0.2612 -0.1159 -0.9583
vn 0.1019 0.8623 -0.4961
vn -0.7489 -0.0310 -0.6620
vn -0.8574 0.2499 -0.4498
vn -0.9270 -0.2794 -0.2500
vn -0.9224 -0.2542 -0.2908
vn -0.4657 -0.8409 -0.2757
vn -0.4957 -0.8337 -0.2432
vn -0.4624 -0.8428 -0.2754
vn -0.7690 -0.3694 -0.5217
vn -0.8855 -0.2431 -0.3960
vn -0.7582 -0.5553 -0.3417
vn -0.8471 -0.0770 -0.5259
vn -0.7807 -0.2963 -0.5502
vn -0.7103 0.2957 -0.6388
vn -0.6436 0.4805 -0.5958
vn 0.1098 0.5889 -0.8007
vn 0.0763 0.9106 -0.4063
vn 0.0760 0.5810 -0.8103
vn -0.5413 0.3003 -0.7854
vn -0.6015 0.1334 -0.7877
vn -0.9866 0.0582 -0.1524
vn -0.9617 -0.0081 -0.2740
vn -0.9311 0.3546 0.0861
vn -0.9784 0.1428 -0.1496
vn -0.7587 0.5432 -0.3595
vn -0.6788 0.6875 -0.2581
vn -0.7986 -0.4188 0.4322
vn -0.2372 0.2044 -0.9497
vn -0.7278 0.6635 0.1734
vn 0.1584 0.7288 -0.6662
vn -0.6242 0.6826 -0.3802
vn -0.7259 -0.6878 -0.0053
vn -0.7230 0.4431 -0.5300
vn -0.8800 0.0038 -0.4750
vn -0.8783 -0.3247 -0.3511
vn -0.6061 -0.6094 -0.5111
vn -0.5992 -0.6145 -0.5132
vn -0.9326 -0.0821 -0.3515
vn -0.2529 0.9236 -0.2881
vn -0.9634 -0.1284 0.2355
vn -0.0948 -0.7729 0.6274
vn 0.6411 0.5732 -0.5103
vn -0.7790 0.6227 0.0731
vn 0.6052 0.5798 0.5455
vn 0.5676 0.0509 -0.8217
vn -0.9060 0.0757 -0.4165
vn -0.4936 -0.8319 -0.2535
vn -0.8393 -0.4905 -0.2346
vn -0.8060 -0.3037 -0.5081
vn -0.9397 -0.1481 -0.3082
vn -0.8988 0.1423 -0.4146
vn -0.8977 0.1444 -0.4162
vn -0.8966 0.1702 -0.4089
vn -0.9772 0.0745 -0.1991
vn -0.8240 0.3340 -0.4576
vn -0.6906 0.5256 -0.4967
vn -0.7532 0.0253 -0.6573
vn 0.5329 0.4007 -0.7453
vn -0.6953 0.2054 -0.6887
vn -0.9619 0.0705 -0.2643
vn -0.7537 0.4905 -0.4374
vn -0.7311 0.5408 -0.4161
vn -0.9365 -0.0195 0.3502
vn -0.6264 0.3814 -0.6798
vn -0.6230 0.7324 -0.2749
vn -0.8894 0.2804 -0.3610
vn -0.6017 -0.6141 -0.5107
vn -0.7611 -0.6467 0.0504
vn -0.9050 -0.2597 -0.3369
vn -0.8094 -0.5559 -0.1893
vn -0.6537 0.2229 -0.7232
vn -0.8127 0.0390 -0.5814
vn -0.6564 0.3105 -0.6875
vn -0.8264 0.2280 -0.5149
vn -0.6893 0.3225 -0.6488
vn -0.6678 0.3474 -0.6583
vn -0.9949 0.0612 -0.0796
vn -0.5676 0.5585 -0.6049
vn -0.7382 0.3724 -0.5625
vn -0.3840 0.8571 -0.3434
vn -0.5952 -0.6072 -0.5264
vn -0.9188 -0.2459 -0.3087
vn -0.9934 -0.0480 -0.1039
vn -0.9921 -0.0722 -0.1021
vn -0.8297 0.1438 -0.5393
vn -0.8160 0.3367 -0.4698
vn -0.9150 0.2346 -0.3282
vn -0.6595 0.2276 -0.7165
vn -0.8135 0.2947 -0.5014
vn -0.7852 -0.0000 -0.6193
vn -0.7282 0.5922 -0.3450
vn -0.6495 0.7487 0.1325
vn -0.5455 0.8355 0.0660
vn -0.8540 0.4866 -0.1840
vn -0.5929 0.6520 -0.4726
vn -0.8578 0.5057 -0.0921
vn -0.9971 0.0470 -0.0600
vn -0.6500 -0.5860 -0.4839
vn -0.8312 -0.4439 -0.3347
vn -0.8102 -0.5528 -0.1946
vn -0.9117 -0.0541 -0.4073
vn -0.8670 0.2429 -0.4351
vn -0.9355 0.1235 -0.3312
vn -0.8571 0.3206 -0.4033
vn -0.8854 0.2629 -0.3833
vn -0.9182 -0.0723 -0.3894
vn -0.8912 0.0038 -0.4536
vn -0.8650 0.2066 -0.4572
vn -0.6774 0.1410 -0.7219
vn -0.7976 0.3312 -0.5042
vn -0.6400 0.6515 -0.4073
vn -0.7684 0.5036 -0.3950
vn -0.9830 -0.0559 -0.1748
vn -0.9547 0.2013 -0.2190
vn -0.9066 -0.3994 -0.1361
vn -0.9965 0.0813 -0.0178
vn -0.7668 -0.6342 -0.0989
vn -0.8693 -0.3179 -0.3785
vn -0.8467 0.2583 -0.4652
vn -0.6855 -0.4812 -0.5463
vn -0.9394 0.1377 -0.3138
vn -0.6244 0.5398 -0.5645
vn -0.8330 0.2846 -0.4745
vn -0.7113 0.7018 -0.0390
vn -0.9026 -0.3583 0.2386
vn -0.6935 0.7187 -0.0496
vn -0.6271 0.7783 0.0310
vn 0.0392 0.3437 -0.9382
vn -0.3945 0.8932 -0.2157
vn -0.8860 0.0250 -0.4630
vn -0.6290 -0.7332 -0.2584
vn -0.8948 -0.1435 -0.4229
vn -0.9138 -0.1844 -0.3620
vn -0.9088 -0.1961 -0.3682
vn -0.9444 0.1811 -0.2744
vn -0.5850 -0.4608 -0.6674
vn -0.8126 -0.2739 -0.5145
vn -0.6715 -0.4289 -0.6042
vn -0.9442 0.0803 -0.3195
vn -0.7055 0.3951 -0.5884
vn -0.8407 0.1165 -0.5288
vn -0.8714 0.0408 -0.4888
vn -0.7512 0.6553 0.0800
vn 0.2297 -0.8568 -0.4616
vn -0.9038 0.4082 0.1282
vn -0.9544 0.2382 0.1801
vn 0.2624 0.2878 -0.9210
vn -0.8415 -0.4789 -0.2499
vn -0.8131 -0.5505 -0.1893
vn -0.7405 -0.6410 -0.2019
vn -0.9221 -0.1378 -0.3617
vn -0.8603 0.2103 -0.4644
vn -0.8780 0.2535 -0.4060
vn -0.7250 -0.4351 -0.5339
vn -0.5954 -0.5449 -0.5904
vn -0.9027 0.0819 -0.4225
vn 0.6008 0.5807 -0.5494
vn 0.5606 0.6744 -0.4806
vn 0.1651 0.2170 -0.9621
vn -0.6184 0.5476 -0.5638
vn 0.2428 0.8156 -0.5252
vn 0.0386 -0.9369 -0.3473
vn 0.1443 0.8331 -0.5339
vn 0.6877 0.4569 -0.5642
vn 0.1392 0.1795 -0.9739
vn 0.0839 -0.7617 -0.6424
vn -0.1508 0.4631 -0.8734
vn 0.6680 0.5005 -0.5507
vn 0.5052 0.3254 -0.7993
vn 0.1241 -0.7991 -0.5882
vn 0.3571 0.5437 -0.7595
vn 0.0683 0.6384 -0.7667
vn -0.2613 0.6479 -0.7156
vn 0.2622 0.7383 -0.6214
vn 0.7773 0.5017 -0.3796
vn 0.2114 0.5567 -0.8033
vn -0.3960 0.4820 -0.7816
vn -0.1449 0.8096 -0.5688
vn 0.5297 0.3407 -0.7768
vn 0.6401 0.0902 -0.7630
vn -0.1399 0.9326 -0.3326
vn -0.1932 0.4257 -0.8840
vn -0.3535 0.7930 -0.4963
vn 0.4697 -0.8272 -0.3085
vn 0.6151 0.1464 -0.7747
vn 0.0246 0.7866 -0.6170
vn 0.5713 0.2284 -0.7883
vn -0.0235 0.5207 -0.8534
vn 0.0466 -0.9978 0.0467
vn 0.0853 -0.9760 -0.2002
vn -0.1024 0.5964 -0.7961
vn -0.1320 0.7366 -0.6633
vn -0.0431 0.7712 -0.6351
vn -0.1812 0.7375 -0.6506
vn 0.5252 0.3655 -0.7685
vn 0.1564 0.2907 -0.9439
vn 0.3725 0.6603 -0.6521
vn 0.1636 -0.7302 0.6634
vn 0.5279 0.6505 -0.5461
vn 0.8935 -0.0392 -0.4473
vn 0.7185 0.3073 -0.6240
vn 0.5835 0.4090 -0.7016
vn 0.7088 0.4662 -0.5294
vn 0.6644 0.6281 -0.4050
vn -0.0830 0.7321 -0.6762
vn 0.0310 0.3225 -0.9460
vn -0.2443 0.6143 -0.7503
vn -0.3634 0.2380 -0.9007
vn 0.3562 0.7139 -0.6029
vn 0.2203 0.5123 -0.8300
vn 0.6455 0.3718 -0.6671
vn -0.2106 0.6035 -0.7690
vn 0.5291 0.6549 -0.5396
vn 0.6060 0.7454 -0.2777
vn 0.5495 0.3722 -0.7480
vn -0.2471 0.6451 -0.7230
vn 0.8549 0.0470 -0.5167
vn 0.7952 0.0232 -0.6059
vn 0.3616 0.4746 -0.8025
vn 0.7155 0.6055 -0.3486
vn 0.4544 0.2344 -0.8594
vn 0.4052 0.4596 -0.7903
vn -0.5535 0.7745 0.3063
vn -0.2152 -0.1189 -0.9693
vn 0.0129 0.6181 -0.7860
vn 0.5252 0.6517 -0.5472
vn 0.5943 0.6655 -0.4515
vn 0.3899 0.2809 -0.8770
vn 0.4301 0.6145 -0.6614
vn 0.0813 0.5936 -0.8006
vn 0.5963 0.7965 -0.1003
vn 0.1510 -0.8716 0.4664
vn 0.8199 0.4979 -0.2824
vn 0.6354 -0.1989 -0.7461
vn 0.2475 0.5620 -0.7892
vn 0.5100 0.5486 -0.6625
vn 0.5407 0.3398 -0.7695
vn 0.6933 0.2017 -0.6919
vn 0.4486 0.7862 -0.4251
vn 0.2923 0.8850 -0.3625
vn -0.1279 0.5807 -0.8040
vn 0.7655 0.2442 -0.5953
vn -0.2372 0.9479 -0.2128
vn 0.7592 0.4095 -0.5059
vn 0.7704 0.3473 -0.5347
vn 0.3753 0.2242 -0.8994
vn 0.6392 0.0949 -0.7632
vn 0.8789 0.3958 -0.2663
vn -0.1324 0.8977 -0.4203
vn 0.4440 0.2777 -0.8519
vn 0.9031 -0.4202 -0.0882
vn 0.7532 0.1688 -0.6358
vn -0.0182 0.8819 -0.4710
vn 0.7552 -0.5958 0.2735
vn 0.6143 0.1608 -0.7725
vn 0.2458 0.5742 -0.7810
vn -0.1175 0.4468 -0.8869
vn -0.0054 0.8672 -0.4979
vn 0.6746 0.5371 -0.5065
vn 0.1927 0.9793 0.0625
vn 0.5997 0.5098 -0.6168
vn -0.0171 0.8745 -0.4847
vn 0.2755 0.7849 -0.5550
vn 0.8736 0.4316 -0.2248
vn 0.1939 0.1387 -0.9712
vn -0.0017 0.8549 -0.5187
vn -0.0210 0.9104 -0.4132
vn -0.2973 0.8698 -0.3937
vn 0.4223 0.4629 -0.7793
vn -0.2671 0.6860 -0.6768
vn 0.2614 -0.3287 -0.9076
vn 0.3678 0.6888 -0.6246
vn 0.4011 0.5707 -0.7166
vn -0.2306 0.5228 -0.8207
vn -0.2859 0.8388 -0.4634
vn 0.4528 0.4285 -0.7819
vn 0.4063 0.4844 -0.7748
vn -0.2104 0.8250 -0.5246
vn -0.9166 -0.1683 -0.3626
vn 0.5570 0.5091 -0.6561
vn -0.9577 0.1823 0.2227
vn -0.1199 0.9529 -0.2785
vn 0.6342 0.4790 -0.6069
vn 0.0182 0.6322 -0.7746
vn 0.3350 0.2494 -0.9086
vn 0.3801 0.7415 -0.5529
vn 0.3799 0.6827 -0.6242
vn -0.1855 0.5290 -0.8281
vn 0.0790 0.7556 -0.6503
vn 0.0847 0.4079 -0.9091
vn 0.2964 0.8165 -0.4954
vn -0.1693 0.4638 -0.8696
vn -0.2053 -0.5659 0.7985
vn 0.5359 0.3908 -0.7484
vn -0.5838 0.6260 -0.5171
vn 0.1295 0.4803 -0.8675
vn -0.3071 0.2511 -0.9180
vn -0.1283 0.3956 -0.9094
vn -0.0446 0.6030 -0.7965
vn -0.1260 0.8333 -0.5383
vn -0.6915 0.0435 -0.7211
vn -0.2567 0.9098 -0.3261
vn -0.2037 0.6053 -0.7695
vn 0.4921 0.6716 -0.5538
vn 0.6317 0.1380 -0.7628
vn 0.3591 0.7502 -0.5552
vn 0.4102 0.4781 -0.7767
vn -0.1053 0.2736 -0.9561
vn -0.3371 0.4704 -0.8155
vn 0.1384 0.1899 -0.9720
vn 0.7366 0.1668 -0.6554
vn 0.8967 0.0216 0.4421
vn -0.0760 0.5089 -0.8575
vn -0.1701 0.8651 -0.4718
vn 0.6926 -0.0325 -0.7206
vn -0.1423 0.5595 -0.8165
vn -0.6322 0.2978 -0.7153
vn 0.3603 0.5925 -0.7205
vn 0.3059 0.3968 -0.8655
vn 0.4109 0.4953 -0.7654
vn -0.1360 0.8372 -0.5298
vn -0.0653 -0.5887 -0.8057
vn -0.1701 0.5091 -0.8437
vn 0.5388 0.3040 0.7857
vn 0.7039 0.6595 -0.2639
vn 0.0640 0.2650 -0.9621
vn 0.2896 0.1400 -0.9469
vn -0.3779 0.6815 -0.6267
vn -0.3610 0.6682 -0.6505
vn -0.2323 0.8262 -0.5132
vn 0.0331 0.6677 -0.7437
vn -0.2072 0.7377 -0.6425
vn -0.2175 0.9198 -0.3266
vn -0.0296 0.5703 -0.8209
vn -0.0787 0.5586 -0.8257
vn 0.5134 0.3972 -0.7607
vn 0.0891 0.4723 -0.8769
vn -0.1444 0.9396 -0.3104
vn 0.3498 0.4176 -0.8386
vn -0.1939 0.4627 -0.8651
vn -0.0428 0.6977 -0.7151
vn 0.2680 0.3958 -0.8783
vn 0.0945 0.9076 -0.4090
vn -0.1549 0.7176 -0.6790
vn 0.1961 0.9022 -0.3842
vn 0.4506 0.3071 -0.8382
vn -0.0938 0.6565 -0.7485
vn -0.1531 0.5023 -0.8511
vn -0.1072 0.5888 -0.8011
vn 0.4064 0.8146 -0.4139
vn 0.0079 0.1163 -0.9932
vn -0.1135 0.3480 -0.9306
vn 0.0208 0.9235 -0.3830
vn 0.2917 0.5636 -0.7728
vn 0.2478 0.6686 -0.7011
vn 0.7164 0.1968 -0.6694
vn 0.1379 -0.1123 -0.9841
vn 0.6521 0.2265 -0.7235
vn -0.3032 0.2828 -0.9100
vn 0.2915 0.5626 -0.7736
vn -0.2065 0.8019 -0.5606
vn 0.0477 0.4151 -0.9085
vn -0.2298 0.6961 -0.6801
vn 0.0113 0.9611 0.2760
vn 0.3007 0.5616 -0.7708
vn 0.4369 0.4340 -0.7879
vn 0.7249 0.1128 -0.6796
vn 0.4088 0.4712 -0.7815
vn 0.3772 0.1898 -0.9065
vn -0.0920 0.6079 -0.7887
vn -0.3113 0.6242 -0.7166
vn -0.0267 0.8160 -0.5775
vn 0.3801 0.2437 -0.8923
vn -0.2303 0.8757 -0.4244
vn -0.0432 0.7032 -0.7097
vn 0.5861 0.2888 0.7570
vn 0.7886 0.4841 -0.3791
vn -0.6363 0.5158 -0.5736
vn -0.0546 0.5364 -0.8422
vn 0.7814 0.5294 -0.3304
vn -0.0610 0.4961 -0.8661
vn -0.4130 -0.1366 0.9004
vn 0.5697 -0.8217 0.0188
vn 0.0139 0.6691 -0.7430
vn -0.2681 0.6720 -0.6904
vn -0.2591 0.5378 -0.8023
vn 0.2232 0.0749 -0.9719
vn -0.5976 0.6843 0.4179
vn 0.6664 0.4367 -0.6043
vn -0.2020 0.4322 -0.8789
vn -0.1934 0.9081 -0.3713
vn -0.5609 0.3323 -0.7583
vn 0.4584 0.0299 -0.8882
vn 0.0554 0.8320 -0.5520
vn 0.4353 0.4849 -0.7585
vn -0.1892 0.5249 -0.8298
vn 0.0083 0.7851 -0.6193
vn 0.1524 0.3180 -0.9358
vn 0.2192 0.8843 -0.4123
vn 0.0444 0.9245 -0.3785
vn 0.3737 0.5302 -0.7610
vn -0.2860 0.9214 -0.2631
vn 0.5827 0.4390 -0.6839
vn 0.3905 0.1093 -0.9141
vn 0.1799 0.5982 -0.7809
vn 0.0615 0.4573 -0.8872
vn -0.0141 0.5900 -0.8073
vn -0.2799 0.7203 -0.6347
vn 0.1285 0.3451 -0.9297
vn -0.1201 0.7647 -0.6331
vn 0.1164 0.7281 -0.6755
vn 0.9070 0.4202 -0.0295
vn -0.0926 0.8141 -0.5732
vn 0.1135 0.8557 -0.5048
vn 0.3074 0.7518 -0.5833
vn 0.0535 0.5554 -0.8299
vn 0.6252 0.1758 -0.7604
vn -0.5254 0.8331 -0.1727
vn 0.1270 0.4974 -0.8582
vn 0.1909 0.5290 -0.8269
vn 0.2081 0.5536 -0.8063
vn 0.3205 0.6679 -0.6717
vn 0.6692 0.4349 -0.6026
vn -0.2197 0.6492 -0.7282
vn -0.1842 0.5348 -0.8247
vn -0.3348 0.8270 -0.4517
vn 0.6810 0.2734 -0.6793
vn -0.4155 0.8431 -0.3415
vn 0.8090 0.5151 -0.2830
vn -0.1675 0.9222 -0.3487
vn 0.7538 0.3814 -0.5351
vn 0.7171 0.2870 -0.6351
vn 0.4706 0.4902 -0.7337
vn -0.1329 0.8176 -0.5602
vn -0.1696 0.7568 -0.6313
vn -0.1127 0.7007 -0.7045
vn 0.6916 0.4793 -0.5403
vn -0.1621 0.8052 -0.5704
vn 0.5532 0.7756 0.3040
vn 0.0940 0.9626 -0.2540
vn 0.0572 0.3800 -0.9232
vn 0.1113 0.4615 -0.8801
vn 0.0597 0.7626 -0.6442
vn 0.1902 0.9352 -0.2987
vn 0.2038 0.9235 -0.3248
vn -0.0536 0.8483 -0.5268
vn 0.1338 0.4823 -0.8658
vn 0.6143 0.4309 -0.6610
vn -0.2225 0.7776 -0.5880
vn -0.6896 0.2175 -0.6908
vn -0.1825 0.9200 -0.3468
vn -0.3356 -0.0288 0.9416
vn 0.0113 -0.9967 0.0803
vn 0.6263 0.2766 -0.7289
vn 0.5866 0.6298 -0.5093
vn -0.0744 0.4988 -0.8635
vn 0.1063 0.4694 -0.8766
vn -0.0063 0.6771 -0.7359
vn -0.7362 -0.6016 -0.3099
vn -0.0585 0.3959 -0.9164
vn -0.0155 0.1063 -0.9942
vn 0.4129 0.2211 -0.8835
vn -0.6140 0.4630 -0.6392
vn -0.5846 0.6240 -0.5184
vn -0.6792 0.1451 -0.7195
vn 0.2233 0.5243 -0.8217
vn -0.2295 0.5303 -0.8161
vn 0.5660 0.2549 -0.7840
vn -0.0285 0.6698 -0.7420
vn -0.0139 0.5475 -0.8367
vn -0.1302 0.2043 -0.9702
vn -0.3047 0.8046 -0.5097
vn -0.0011 0.0714 -0.9974
vn 0.3882 -0.9012 0.1927
vn -0.3170 0.7032 0.6364
vn 0.7466 0.6480 -0.1508
vn -0.0666 0.9879 -0.1397
vn 0.1034 0.2887 -0.9518
vn 0.5511 0.1450 -0.8218
vn 0.3277 0.8852 -0.3303
vn 0.2126 0.9511 -0.2240
vn 0.0669 0.9201 -0.3860
vn 0.0789 0.2552 -0.9637
vn -0.1699 0.9521 -0.2543
vn -0.0233 0.5135 -0.8578
vn 0.2413 0.4125 -0.8784
vn 0.3178 0.2365 -0.9182
vn 0.2988 0.8238 -0.4817
vn 0.5187 0.0906 -0.8501
vn 0.4371 0.7384 -0.5135
vn 0.3962 0.8050 -0.4416
vn 0.0983 0.8551 -0.5090
vn -0.3977 -0.2219 0.8903
vn 0.0836 0.7259 -0.6827
vn -0.0328 0.3462 -0.9376
vn 0.8804 -0.0994 -0.4638
vn 0.0402 0.7223 0.6904
vn 0.1611 0.8321 -0.5308
vn 0.4979 0.3317 -0.8013
vn 0.5258 0.4338 -0.7317
vn 0.0702 0.7033 -0.7074
vn 0.2101 0.4164 -0.8846
vn -0.0365 0.6096 -0.7919
vn 0.2432 0.5407 0.8053
vn -0.0114 0.5463 -0.8375
vn 0.5268 0.3167 -0.7888
vn -0.3427 0.7727 -0.5343
vn -0.1387 0.7258 -0.6737
vn 0.1865 0.4103 -0.8927
vn 0.5856 0.2277 -0.7779
vn -0.2080 0.8316 -0.5149
vn 0.1329 0.8384 -0.5286
vn 0.1076 0.4250 -0.8988
vn -0.0893 0.5814 -0.8087
vn -0.3248 0.5811 -0.7462
vn 0.1548 0.7266 0.6694
vn 0.0467 0.6776 -0.7339
vn -0.0225 0.7178 -0.6959
vn -0.2224 0.8675 -0.4450
vn 0.0142 0.5050 -0.8630
vn -0.2602 0.4867 -0.8339
vn -0.0963 0.8886 -0.4484
vn -0.2700 0.7109 -0.6494
vn -0.0269 0.8915 -0.4522
vn 0.2370 0.3618 -0.9016
vn 0.9928 0.0459 -0.1107
vn -0.4308 0.1849 -0.8833
vn 0.4373 -0.7062 -0.5569
vn 0.6414 0.6955 -0.3240
vn 0.3162 0.5722 -0.7567
vn 0.1870 0.8522 -0.4886
vn 0.2527 0.4534 -0.8548
vn 0.6500 0.7546 -0.0893
vn 0.1624 0.5529 -0.8173
vn 0.4468 0.7600 -0.4721
vn 0.5572 0.5114 -0.6543
vn 0.2694 -0.7398 -0.6166
vn 0.2228 0.9171 -0.3305
vn 0.2801 0.5434 -0.7913
vn 0.2813 0.5162 -0.8090
vn -0.0953 0.5333 -0.8406
vn -0.1022 0.4215 -0.9010
vn -0.0024 0.3365 -0.9417
vn 0.4886 0.7733 -0.4041
vn -0.0761 0.6818 -0.7275
vn 0.5511 0.1449 -0.8218
vn -0.4760 0.5916 -0.6507
vn 0.0837 0.5953 -0.7991
vn 0.1453 0.4415 -0.8854
vn 0.1863 0.6060 -0.7733
vn -0.1254 0.5206 -0.8446
vn -0.0752 -0.4587 -0.8854
vn -0.0958 0.9382 -0.3326
vn -0.0141 0.7174 -0.6965
vn 0.1836 0.2811 -0.9420
vn 0.3506 0.6409 -0.6829
vn -0.0183 -0.9982 0.0565
vn 0.2866 0.4057 -0.8679
vn 0.3747 0.4627 -0.8034
vn -0.2935 0.2299 -0.9279
vn -0.3089 0.3448 -0.8864
vn -0.2436 0.9324 -0.2671
vn 0.2860 0.9085 -0.3045
vn 0.4851 0.6408 -0.5950
vn 0.1102 0.7717 -0.6264
vn 0.3755 0.4889 -0.7874
vn -0.0918 0.5948 -0.7986
vn 0.2204 0.4996 -0.8377
vn 0.0193 0.5460 -0.8375
vn -0.3358 0.2604 -0.9052
vn -0.3128 0.9285 -0.2002
vn -0.5353 0.4410 -0.7204
vn 0.2959 0.4595 -0.8375
vn 0.4763 0.2803 -0.8334
vn 0.3060 0.6795 -0.6669
vn 0.0296 0.5322 -0.8461
vn 0.3456 0.6229 -0.7018
vn 0.1172 0.2562 -0.9595
vn 0.0460 0.7703 -0.6360
vn 0.4488 0.2558 -0.8562
vn 0.3076 0.3562 -0.8823
vn -0.5574 0.5248 -0.6433
vn -0.1599 0.5391 -0.8269
vn 0.3278 0.4441 -0.8338
vn 0.1834 0.9042 -0.3858
vn 0.2975 0.7060 -0.6427
vn 0.1394 0.7877 -0.6001
vn 0.1670 -0.5693 -0.8050
vn -0.1730 0.2492 -0.9529
vn -0.0546 0.1728 -0.9834
vn -0.3347 -0.2347 -0.9126
vn -0.4020 0.0971 -0.9105
vn -0.3202 0.2189 -0.9217
vn -0.3460 0.3184 -0.8826
vn 0.0792 -0.4822 -0.8725
vn -0.4383 0.4976 -0.7485
vn -0.2821 0.2613 -0.9231
vn -0.4531 0.0036 -0.8915
vn 0.5872 -0.1434 -0.7966
vn -0.2151 -0.8056 -0.5520
vn -0.6134 -0.6333 -0.4718
vn -0.5404 -0.8281 0.1495
vn 0.4094 0.3654 -0.8360
vn 0.8183 0.4927 0.2959
vn -0.0674 0.0568 -0.9961
vn 0.5258 -0.2934 -0.7984
vn 0.3616 0.0872 -0.9282
vn 0.3317 0.1496 -0.9315
vn 0.1424 0.2005 -0.9693
vn -0.4576 0.2245 -0.8603
vn -0.6252 0.4673 -0.6251
vn -0.6006 0.0945 -0.7940
vn 0.4127 -0.2729 -0.8690
vn 0.2749 -0.0290 -0.9610
vn -0.2840 -0.4485 -0.8474
vn -0.6713 -0.7412 -0.0028
vn 0.4053 -0.2912 -0.8666
vn -0.2471 -0.1718 -0.9536
vn 0.2750 0.1247 -0.9533
vn -0.4141 0.0575 -0.9084
vn 0.2034 0.0273 -0.9787
vn -0.3477 0.3483 -0.8705
vn 0.0713 0.0653 -0.9953
vn -0.5344 -0.6570 -0.5317
vn -0.1954 0.1640 -0.9669
vn -0.2452 0.2484 -0.9371
vn -0.7466 -0.3637 -0.5571
vn -0.1602 0.3218 -0.9332
vn -0.3542 0.1019 -0.9296
vn -0.3087 -0.6617 -0.6833
vn -0.2276 -0.1179 -0.9666
vn -0.4590 0.0189 -0.8882
vn 0.0900 -0.6115 -0.7861
vn -0.1949 -0.2539 -0.9474
vn -0.1733 -0.7164 -0.6758
vn -0.0921 0.2178 -0.9716
vn -0.2690 0.2402 -0.9327
vn 0.0926 -0.8837 -0.4589
vn -0.2680 0.4409 -0.8566
vn 0.1618 -0.5310 -0.8318
vn 0.1752 -0.4918 -0.8529
vn -0.0570 0.3984 -0.9155
vn 0.0239 0.4503 -0.8925
vn 0.2471 -0.8881 -0.3876
vn -0.0970 0.7022 -0.7053
vn -0.2884 0.2954 -0.9108
vn 0.1684 -0.7948 -0.5831
vn -0.1962 0.0859 -0.9768
vn 0.0344 -0.9988 -0.0338
vn 0.5231 -0.6842 -0.5082
vn -0.0585 -0.0957 -0.9937
vn -0.0123 0.0504 -0.9987
vn -0.0905 0.3106 -0.9462
vn 0.0624 -0.9980 0.0038
vn -0.6258 -0.4256 -0.6537
vn -0.4387 -0.5914 -0.6766
vn 0.2832 -0.4548 -0.8443
vn -0.4957 -0.0503 -0.8670
vn -0.5155 -0.7176 -0.4684
vn 0.2252 0.1463 -0.9633
vn 0.2474 0.0741 -0.9661
vn -0.3912 0.5122 -0.7646
vn 0.0099 -0.0039 -0.9999
vn -0.8205 0.3862 -0.4213
vn -0.7960 0.5369 -0.2795
vn -0.3114 -0.1537 -0.9378
vn 0.3653 -0.6284 -0.6868
vn 0.2952 -0.4571 -0.8390
vn 0.5541 0.0744 -0.8291
vn 0.1186 -0.0519 -0.9916
vn -0.5322 -0.0665 -0.8440
vn -0.1635 0.1528 -0.9746
vn -0.4010 -0.0435 -0.9150
vn 0.2947 0.1797 -0.9385
vn -0.0873 0.0435 -0.9952
vn -0.5067 -0.3819 -0.7729
vn 0.3447 0.0769 -0.9356
vn -0.5230 0.1729 -0.8346
vn -0.5553 0.2014 -0.8069
vn -0.6958 -0.6908 -0.1964
vn -0.5822 -0.3701 -0.7240
vn -0.1878 0.2248 -0.9561
vn -0.5293 0.1200 -0.8399
vn 0.0154 -0.1594 -0.9871
vn 0.0377 -0.0288 -0.9989
vn -0.7798 -0.5962 -0.1911
vn 0.3059 0.0916 -0.9476
vn 0.6415 -0.0693 -0.7640
vn -0.3934 -0.3443 -0.8525
vn -0.4470 0.3148 -0.8373
vn -0.4485 0.1552 -0.8802
vn -0.1698 0.0706 -0.9829
vn -0.1619 0.0752 -0.9839
vn 0.1430 -0.1703 -0.9750
vn -0.1870 0.1241 -0.9745
vn 0.3500 0.1644 -0.9222
vn -0.3052 0.0119 -0.9522
vn 0.0980 -0.5553 -0.8259
vn 0.0642 -0.9898 0.1272
vn -0.3666 0.3236 -0.8723
vn -0.8176 -0.2593 -0.5142
vn 0.1466 -0.4016 -0.9040
vn -0.4397 -0.0218 -0.8979
vn -0.0162 -0.1762 -0.9842
vn -0.4878 0.8640 0.1248
vn 0.1261 -0.5646 -0.8157
vn -0.5182 -0.1028 -0.8491
vn 0.0692 0.1230 -0.9900
vn -0.1825 -0.2490 -0.9512
vn -0.3955 0.2873 -0.8724
vn 0.2204 -0.6969 -0.6824
vn 0.1194 -0.5227 -0.8441
vn 0.1021 -0.3197 -0.9420
vn -0.6285 -0.2314 -0.7426
vn 0.2658 0.5146 0.8152
vn 0.7501 0.6019 0.2740
vn 0.2810 -0.8905 -0.3578
vn 0.3845 -0.3052 -0.8712
vn 0.0774 -0.5842 -0.8079
vn 0.4239 0.5905 -0.6867
vn 0.2711 0.0581 -0.9608
vn 0.4090 0.0362 -0.9118
vn 0.8235 0.4652 0.3246
vn -0.4008 0.2990 -0.8660
vn 0.0684 -0.5903 -0.8043
vn 0.3270 -0.2258 -0.9176
vn -0.4267 -0.6895 -0.5853
vn 0.0170 -0.5089 -0.8607
vn -0.0438 -0.9003 0.4331
vn 0.4323 0.1416 -0.8906
vn 0.2184 -0.2265 -0.9492
vn -0.2298 -0.1364 -0.9636
vn -0.4157 0.0584 -0.9076
vn 0.2545 -0.5764 -0.7765
vn -0.3952 0.3856 -0.8337
vn -0.4177 -0.1682 -0.8929
vn -0.5767 0.3165 -0.7531
vn 0.1168 -0.9252 -0.3610
vn 0.5317 -0.1144 -0.8392
vn 0.4430 0.1500 -0.8839
vn -0.7496 -0.5637 -0.3470
vn 0.1408 -0.3100 -0.9402
vn 0.1528 -0.4665 -0.8712
vn -0.2429 -0.4550 -0.8567
vn -0.4037 0.1869 -0.8956
vn -0.4331 0.3326 -0.8377
vn -0.1178 -0.5556 -0.8231
vn -0.3778 0.0118 -0.9258
vn -0.2082 -0.1391 -0.9681
vn -0.3654 -0.2982 -0.8818
vn -0.2211 -0.2126 -0.9518
vn -0.5090 -0.8608 -0.0018
vn -0.4013 -0.2443 -0.8828
vn -0.5067 -0.3815 -0.7731
vn 0.2270 -0.3139 -0.9219
vn 0.1505 -0.4718 -0.8688
vn -0.4817 0.7530 0.4481
vn -0.2576 -0.2843 -0.9235
vn 0.7231 0.1689 -0.6698
vn 0.6648 -0.0119 -0.7469
vn 0.1967 0.1543 -0.9683
vn -0.1444 0.0036 -0.9895
vn -0.3089 0.2748 -0.9105
vn -0.2529 -0.0475 -0.9663
vn -0.0688 -0.6379 -0.7670
vn -0.1866 0.0608 -0.9806
vn -0.1172 -0.1762 -0.9774
vn 0.3820 -0.7625 -0.5222
vn 0.4098 -0.7499 -0.5193
vn -0.5638 -0.5181 -0.6432
vn -0.4407 -0.6844 -0.5809
vn -0.0692 -0.2257 -0.9717
vn -0.7448 -0.6077 0.2756
vn 0.1213 -0.9429 -0.3103
vn 0.5775 0.0568 -0.8144
vn -0.0506 -0.2746 -0.9602
vn -0.0916 -0.4833 -0.8706
vn -0.2168 -0.3100 -0.9257
vn 0.2167 -0.4755 -0.8526
vn 0.4664 -0.7299 -0.4998
vn 0.4918 -0.8221 -0.2868
vn -0.6808 -0.0632 -0.7298
vn -0.1454 0.4294 -0.8914
vn 0.4784 -0.1948 -0.8562
vn 0.4512 0.0643 -0.8901
vn -0.9109 -0.2616 -0.3191
vn -0.1085 -0.1665 -0.9801
vn 0.3496 0.3667 0.8622
vn -0.7922 0.5309 -0.3010
vn -0.2846 -0.4495 -0.8467
vn -0.3727 -0.1842 -0.9095
vn 0.0069 -0.9987 0.0502
vn -0.0060 0.0136 -0.9999
vn 0.7600 -0.2337 -0.6065
vn 0.4754 0.0851 -0.8757
vn 0.0320 -0.9989 -0.0333
vn -0.1283 0.4121 -0.9021
vn -0.2779 0.2222 -0.9346
vn -0.4453 0.1694 -0.8792
vn 0.3008 -0.7572 -0.5797
vn -0.5599 0.2598 -0.7868
vn 0.2512 0.3102 -0.9169
vn 0.1573 -0.9835 -0.0893
vn 0.7920 -0.1366 -0.5951
vn 0.5146 -0.0131 -0.8573
vn 0.4434 0.0292 -0.8959
vn -0.4410 0.8081 -0.3906
vn -0.3617 -0.2869 -0.8870
vn -0.4429 -0.2821 -0.8510
vn -0.3660 -0.2515 -0.8960
vn -0.7748 -0.1137 -0.6219
vn -0.5799 -0.6356 -0.5097
vn -0.7206 -0.4002 -0.5662
vn 0.3827 -0.6420 -0.6643
vn 0.3733 -0.6000 -0.7075
vn 0.2890 0.1051 -0.9515
vn 0.1108 -0.1899 -0.9755
vn -0.3825 0.1360 -0.9139
vn 0.0367 -0.9735 0.2259
vn 0.5008 -0.5037 -0.7039
vn 0.3737 0.1229 -0.9194
vn 0.6274 -0.0136 -0.7786
vn 0.4470 0.0296 -0.8940
vn 0.4487 0.0267 -0.8933
vn -0.5590 0.0351 -0.8284
vn 0.0448 0.2060 -0.9775
vn -0.6542 -0.0085 -0.7563
vn -0.0711 -0.0296 -0.9970
vn -0.1827 -0.8378 -0.5145
vn -0.7877 0.5371 -0.3018
vn 0.6107 0.0758 -0.7882
vn 0.4307 -0.6245 -0.6515
vn 0.4505 -0.0415 -0.8918
vn 0.5236 -0.2467 -0.8154
vn 0.4335 -0.0308 -0.9006
vn -0.4259 0.3315 -0.8418
vn -0.2040 -0.7418 -0.6388
vn 0.6057 0.0661 -0.7929
vn 0.0017 0.1382 -0.9904
vn -0.2892 -0.2052 -0.9350
vn 0.2202 -0.6697 -0.7092
vn 0.4130 -0.4281 -0.8039
vn 0.3098 -0.1451 -0.9397
vn 0.3367 0.1675 -0.9266
vn 0.4439 -0.1927 -0.8751
vn 0.4628 0.2032 -0.8629
vn 0.4308 0.1516 -0.8896
vn 0.4599 -0.0188 -0.8878
vn -0.6934 0.7181 -0.0597
vn 0.1300 -0.1295 -0.9830
vn -0.4266 0.3658 -0.8272
vn -0.2188 -0.8656 -0.4503
vn 0.3942 0.0216 -0.9188
vn 0.2918 -0.1761 -0.9401
vn -0.0527 -0.3550 -0.9334
vn 0.0955 0.2339 -0.9676
vn -0.1152 0.4520 -0.8846
vn -0.1598 -0.8451 -0.5102
vn 0.0459 -0.9984 0.0325
vn 0.1518 -0.1022 -0.9831
vn 0.5405 0.0122 -0.8412
vn 0.5049 -0.3986 -0.7657
vn 0.1977 -0.6572 -0.7273
vn 0.2154 -0.5598 -0.8001
vn 0.3153 -0.2803 -0.9066
vn 0.4118 -0.1514 -0.8986
vn 0.2358 -0.6517 -0.7209
vn 0.4202 0.1812 -0.8891
vn 0.1207 -0.0468 -0.9916
vn -0.0980 -0.1985 0.9752
vn 0.1169 0.2328 -0.9655
vn 0.1004 0.1988 -0.9749
vn -0.7551 -0.0706 -0.6518
vn -0.4111 -0.3204 -0.8534
vn -0.0722 0.1042 -0.9919
vn -0.4229 -0.2717 -0.8645
vn 0.5153 -0.0594 -0.8549
vn 0.1065 -0.1987 -0.9743
vn 0.6942 0.0578 -0.7175
vn -0.2335 0.2615 -0.9365
vn -0.3616 0.4834 -0.7972
vn 0.1859 -0.1701 -0.9677
vn 0.5493 -0.4867 -0.6793
vn 0.5912 -0.3497 -0.7268
vn 0.1110 -0.4687 -0.8764
vn 0.2422 -0.0967 -0.9654
vn 0.4355 -0.1658 -0.8848
vn 0.4395 0.0296 -0.8977
vn 0.4828 0.1448 -0.8637
vn 0.4453 0.0075 -0.8953
vn 0.4605 -0.0019 -0.8877
vn -0.0786 -0.2835 -0.9558
vn 0.0534 0.4076 -0.9116
vn -0.2108 -0.0932 -0.9731
vn -0.1748 -0.5472 -0.8186
vn 0.2990 -0.4337 -0.8500
vn 0.3105 -0.2363 -0.9207
vn 0.1894 0.1006 -0.9767
vn 0.3730 0.2157 -0.9024
vn 0.3829 -0.1965 -0.9026
vn -0.4043 0.6262 -0.6666
vn -0.2276 0.3574 -0.9058
vn -0.0959 -0.7745 0.6253
vn -0.4134 -0.0780 -0.9072
vn -0.1842 -0.4710 -0.8627
vn -0.5260 -0.4165 -0.7415
vn 0.4940 -0.2197 -0.8412
vn 0.2881 -0.4192 -0.8609
vn 0.0893 -0.2409 -0.9664
vn 0.4007 -0.2089 -0.8921
vn 0.1698 -0.0456 0.9844
vn -0.0627 0.3059 -0.9500
vn -0.5526 -0.2459 -0.7964
vn 0.1683 -0.1306 -0.9770
vn 0.2913 0.1955 -0.9364
vn 0.3057 0.1337 -0.9427
vn 0.2550 -0.0186 -0.9668
vn 0.2551 -0.0187 -0.9667
vn -0.5559 0.0498 -0.8298
vn 0.5086 -0.7724 -0.3806
vn 0.2314 0.1852 -0.9551
vn -0.6158 -0.4434 -0.6513
vn -0.7969 -0.5098 0.3243
vn 0.2373 -0.6216 -0.7465
vn 0.2487 -0.6072 -0.7546
vn 0.2676 -0.1679 -0.9488
vn 0.3384 -0.3432 -0.8762
vn 0.2632 0.0673 -0.9624
vn 0.2399 -0.3004 -0.9232
vn 0.3054 0.0546 -0.9506
vn -0.0666 -0.1748 -0.9824
vn 0.0871 -0.4293 -0.8989
vn 0.2513 0.2655 -0.9308
vn 0.3734 0.2116 -0.9032
vn 0.2991 -0.3270 -0.8964
vn 0.2336 0.0412 -0.9715
vn 0.3021 -0.3941 -0.8680
vn 0.3443 0.0147 -0.9387
vn 0.6258 -0.0111 -0.7799
vn 0.3803 0.1781 -0.9076
vn -0.1633 -0.4459 -0.8801
vn -0.6739 0.2094 -0.7085
vn 0.0699 -0.3515 -0.9336
vn 0.0118 -0.4368 -0.8995
vn 0.0793 -0.6451 -0.7599
vn 0.6354 -0.0111 -0.7721
vn 0.4437 0.1512 -0.8833
vn 0.4294 0.0150 -0.9030
vn -0.2478 0.0256 -0.9685
vn -0.3219 0.1062 -0.9408
vn -0.3456 -0.1187 -0.9308
vn -0.3870 -0.3603 0.8488
vn -0.4523 0.3800 -0.8069
vn -0.4973 -0.0456 -0.8664
vn 0.1565 0.0816 -0.9843
vn 0.2132 -0.1555 -0.9646
vn -0.0330 -0.4532 -0.8908
vn 0.2002 -0.4063 -0.8915
vn 0.4804 0.1158 -0.8694
vn 0.5557 0.2096 -0.8046
vn 0.4250 0.0190 -0.9050
vn -0.0248 -0.9997 0.0033
vn -0.0603 -0.0193 -0.9980
vn 0.2355 0.1600 -0.9586
vn 0.2341 0.0409 -0.9714
vn -0.0974 0.0549 -0.9937
vn 0.6463 -0.7579 -0.0892
vn -0.0138 -0.4058 -0.9139
vn -0.0223 -0.2832 -0.9588
vn 0.1655 -0.5538 -0.8160
vn 0.1344 -0.4625 -0.8764
vn 0.1876 0.0555 -0.9807
vn 0.3956 0.0156 -0.9183
vn 0.3319 0.1059 -0.9373
vn 0.3501 -0.3936 -0.8500
vn 0.3592 -0.1864 -0.9144
vn -0.2474 -0.0186 -0.9687
vn -0.5966 0.3125 -0.7392
vn 0.6114 -0.0043 -0.7913
vn -0.5794 0.3170 -0.7509
vn 0.3670 0.2525 -0.8953
vn -0.4926 -0.1121 -0.8630
vn 0.1408 -0.3516 -0.9255
vn 0.1437 0.0715 -0.9870
vn -0.0016 -0.8302 -0.5575
vn -0.1479 -0.2769 -0.9495
vn -0.3006 -0.0594 -0.9519
vn -0.5871 -0.0200 -0.8092
vn 0.1814 -0.2700 -0.9456
vn 0.1591 0.0788 -0.9841
vn 0.0843 -0.3317 -0.9396
vn -0.1280 -0.2763 -0.9525
vn -0.0225 -0.0158 -0.9996
vn 0.1821 0.0179 -0.9831
vn 0.1585 -0.4279 -0.8898
vn 0.3346 -0.3734 -0.8652
vn -0.3006 0.1388 -0.9436
vn -0.2662 -0.2493 -0.9311
vn -0.2242 -0.2592 -0.9394
vn -0.0637 0.0151 -0.9979
vn 0.3420 -0.5759 -0.7425
vn 0.3253 -0.5595 -0.7624
vn 0.3961 -0.2807 -0.8743
vn 0.3589 0.2466 -0.9002
vn 0.2011 -0.0270 -0.9792
vn 0.0075 0.2998 -0.9540
vn 0.0262 -0.0492 -0.9984
vn 0.2617 0.2509 -0.9320
vn 0.3733 -0.2536 -0.8924
vn 0.4846 -0.1665 -0.8587
vn 0.1099 -0.3756 -0.9202
vn 0.2076 -0.1200 -0.9708
vn 0.1833 -0.0725 -0.9804
vn 0.2094 -0.0867 -0.9740
vn 0.3252 0.2186 -0.9200
vn 0.0835 0.2194 -0.9721
vn 0.0848 0.0775 -0.9934
vn 0.0976 -0.0173 -0.9951
vn -0.0601 -0.9907 0.1224
vn -0.2443 0.2214 -0.9441
vn 0.4125 -0.6294 -0.6586
vn -0.2740 0.4447 -0.8527
vn 0.1112 -0.2584 -0.9596
vn 0.2601 -0.4997 -0.8262
vn 0.5740 -0.3245 -0.7519
vn 0.3118 0.2056 -0.9277
vn 0.2827 0.1753 -0.9430
vn 0.3970 0.2085 -0.8938
vn 0.0213 -0.9996 -0.0188
vn -0.0292 0.3767 -0.9259
vn -0.2652 -0.2773 -0.9235
vn -0.6746 -0.4044 -0.6175
vn -0.2391 0.4343 -0.8685
vn 0.0663 -0.3035 -0.9505
vn 0.0419 -0.6738 -0.7377
vn 0.1147 -0.7697 -0.6280
vn 0.1475 -0.6918 -0.7069
vn 0.2776 0.0894 -0.9565
vn 0.3384 -0.2175 -0.9155
vn 0.3279 -0.0015 -0.9447
vn 0.5675 -0.3863 -0.7271
vn -0.0476 -0.0347 -0.9983
vn -0.5691 0.2949 -0.7676
vn -0.1249 0.2610 -0.9572
vn -0.0114 0.0872 -0.9961
vn 0.1145 -0.1838 -0.9763
vn 0.1621 0.0803 -0.9835
vn 0.2325 -0.2427 -0.9418
vn 0.2168 0.0125 -0.9761
vn 0.5510 -0.1568 -0.8196
vn 0.3910 0.1993 -0.8985
vn -0.5895 0.0378 -0.8069
vn -0.1257 0.2564 -0.9584
vn -0.1870 0.6105 -0.7697
vn -0.2399 -0.3693 -0.8978
vn -0.2506 -0.0034 -0.9681
vn 0.0388 -0.9989 0.0254
vn 0.1067 -0.5761 -0.8103
vn 0.0755 -0.2612 -0.9623
vn 0.1754 0.0612 -0.9826
vn 0.0779 -0.4363 -0.8964
vn 0.0979 -0.3266 -0.9401
vn -0.0720 -0.0308 -0.9969
vn 0.2799 0.2161 -0.9354
vn 0.2161 -0.3720 -0.9027
vn 0.4713 0.3750 -0.7983
vn 0.3173 0.1590 -0.9349
vn 0.6231 0.1548 -0.7666
vn -0.5670 -0.2296 -0.7910
vn -0.5220 0.0308 -0.8524
vn -0.5525 -0.2507 -0.7949
vn -0.7656 -0.6409 -0.0546
vn -0.5595 -0.2616 -0.7864
vn 0.1654 0.0682 -0.9839
vn 0.1621 -0.1339 -0.9777
vn 0.0480 -0.5368 -0.8423
vn 0.0899 -0.3844 -0.9188
vn 0.0707 -0.2782 -0.9579
vn 0.1317 -0.2808 -0.9507
vn 0.1418 -0.1917 -0.9712
vn -0.3257 -0.5731 -0.7520
vn -0.4127 -0.7338 -0.5396
vn -0.2434 -0.4738 -0.8463
vn -0.3093 -0.5265 -0.7919
vn 0.1432 -0.3040 -0.9419
vn 0.0276 -0.1891 -0.9816
vn 0.2314 -0.3302 -0.9151
vn 0.1941 -0.7516 -0.6305
vn 0.3134 -0.2082 -0.9265
vn 0.3194 -0.3134 -0.8943
vn 0.3505 0.2147 -0.9116
vn 0.1729 0.0020 -0.9849
vn 0.2919 -0.1960 -0.9362
vn 0.2516 -0.1503 -0.9561
vn 0.3257 0.3210 -0.8893
vn -0.0209 0.0753 -0.9969
vn -0.5018 0.0162 -0.8648
vn -0.6747 0.0753 -0.7343
vn -0.5365 0.1312 0.8336
vn 0.0740 0.0865 -0.9935
vn -0.6104 0.1852 -0.7701
vn 0.2228 -0.7590 -0.6118
vn 0.1790 -0.5012 -0.8466
vn 0.2168 -0.3459 -0.9129
vn 0.3799 -0.1612 -0.9109
vn 0.3493 -0.0491 -0.9357
vn 0.1857 0.2519 -0.9498
vn 0.3424 0.0608 -0.9376
vn 0.3836 0.1115 -0.9168
vn 0.1923 -0.4197 -0.8871
vn 0.0254 0.1980 -0.9799
vn -0.4838 -0.1097 -0.8683
vn 0.2876 -0.3146 -0.9046
vn 0.3626 -0.2870 -0.8867
vn 0.2545 -0.2480 -0.9347
vn 0.2324 -0.2191 -0.9476
vn 0.3521 -0.0477 -0.9347
vn 0.8632 -0.4861 -0.1367
vn -0.4136 -0.3089 -0.8565
vn -0.3400 -0.3168 -0.8854
vn -0.1743 0.1387 -0.9749
vn 0.2548 0.1941 -0.9473
vn 0.1205 -0.1845 -0.9754
vn 0.1616 -0.4716 -0.8669
vn 0.2004 -0.0425 -0.9788
vn 0.1952 0.1067 -0.9749
vn 0.0908 -0.1512 -0.9843
vn 0.1329 0.3748 -0.9175
vn 0.1311 0.3717 -0.9190
vn -0.5300 -0.1549 -0.8337
vn 0.1404 0.0370 -0.9894
vn -0.0791 0.0058 -0.9968
vn -0.3658 -0.2704 -0.8905
vn 0.0884 -0.4489 -0.8892
vn 0.0060 -0.3014 -0.9535
vn 0.0109 -0.2104 -0.9776
vn 0.0582 -0.0392 -0.9975
vn -0.3540 -0.3693 -0.8593
vn 0.2330 -0.2648 -0.9357
vn -0.0429 -0.8015 -0.5964
vn 0.2566 -0.1429 -0.9559
vn -0.0297 -0.4311 -0.9018
vn 0.1019 0.1147 -0.9882
vn 0.1008 -0.3223 -0.9413
vn 0.1538 0.2226 -0.9627
vn -0.0670 0.1258 -0.9898
vn -0.8733 0.2299 -0.4296
vn 0.1142 0.0656 -0.9913
vn 0.0486 -0.2192 -0.9745
vn 0.0261 -0.7713 -0.6359
vn 0.0542 -0.3434 -0.9376
vn 0.0812 -0.5438 -0.8353
vn 0.2246 -0.1112 -0.9681
vn 0.0895 -0.1930 -0.9771
vn -0.0545 -0.3765 -0.9248
vn 0.1994 -0.0290 -0.9795
vn 0.0564 -0.1646 -0.9847
vn 0.3691 -0.1733 -0.9131
vn -0.0202 0.0680 -0.9975
vn -0.1629 0.2629 -0.9510
vn -0.3538 0.4651 -0.8115
vn -0.4869 0.3279 -0.8096
vn 0.0286 -0.9986 -0.0442
vn -0.2111 0.0360 -0.9768
vn -0.2804 0.4051 -0.8702
vn 0.1242 -0.6316 -0.7653
vn 0.2838 -0.3002 -0.9107
vn -0.0897 -0.0589 -0.9942
vn 0.3503 0.3503 -0.8687
vn 0.0392 -0.9992 -0.0014
vn -0.4227 -0.2719 -0.8645
vn 0.0916 -0.2476 -0.9645
vn 0.0765 -0.0944 -0.9926
vn 0.1928 -0.0721 -0.9786
vn 0.1077 -0.0208 -0.9940
vn -0.1197 0.1847 -0.9755
vn 0.2816 0.1796 -0.9426
vn 0.1203 -0.9927 -0.0026
vn 0.4431 0.8674 -0.2266
vn -0.6854 -0.6374 -0.3520
vn -0.8050 -0.5644 0.1828
vn 0.3049 -0.3617 -0.8810
vn 0.2687 -0.3477 -0.8983
vn 0.2375 -0.0255 -0.9711
vn 0.5014 -0.2706 -0.8218
vn 0.2018 -0.0534 -0.9780
vn 0.1205 0.0887 -0.9887
vn 0.2567 -0.0749 -0.9636
vn 0.1758 0.0682 -0.9821
vn -0.1646 0.1029 -0.9810
vn -0.4262 0.3624 -0.8289
vn -0.5010 0.2881 -0.8161
vn 0.5892 -0.0355 -0.8072
vn -0.0576 -0.8300 -0.5549
vn -0.4104 0.2274 -0.8831
vn -0.7473 -0.5938 0.2982
vn 0.1171 0.0545 -0.9916
vn -0.0555 -0.7199 -0.6919
vn -0.0434 -0.4281 -0.9027
vn -0.2813 -0.4697 -0.8368
vn 0.3386 -0.0941 -0.9362
vn 0.4141 -0.3425 -0.8433
vn 0.2771 -0.1752 -0.9447
vn -0.0946 -0.6562 0.7487
vn -0.4459 -0.2840 -0.8488
vn 0.0248 0.7545 0.6558
vn 0.0392 0.0377 -0.9985
vn 0.0996 -0.2548 0.9618
vn -0.1829 -0.6262 -0.7579
vn 0.0920 -0.4570 -0.8847
vn -0.3579 0.6900 -0.6291
vn 0.2000 -0.2439 -0.9489
vn -0.0433 0.4083 -0.9118
vn 0.7060 -0.6714 0.2252
vn -0.2585 -0.9345 -0.2447
vn 0.9868 -0.1107 0.1181
vn -0.5633 -0.2314 -0.7932
vn -0.2067 0.3557 -0.9114
vn -0.0003 -0.4556 -0.8902
vn 0.0080 -0.1095 -0.9940
vn 0.0511 0.1364 -0.9893
vn -0.9589 0.1080 -0.2623
vn -0.1417 0.0832 -0.9864
vn -0.3054 0.7099 -0.6346
vn -0.0052 0.1621 -0.9868
vn -0.3407 -0.1263 -0.9317
vn -0.4932 -0.4533 -0.7425
vn -0.5838 -0.0823 -0.8077
vn 0.2460 0.0442 -0.9683
vn 0.1245 -0.6547 -0.7455
vn 0.0069 -0.4290 -0.9033
vn 0.0671 -0.3888 -0.9189
vn 0.2540 -0.1552 -0.9547
vn -0.2653 0.4747 -0.8392
vn -0.5903 0.1732 -0.7883
vn -0.2421 -0.2790 -0.9293
vn 0.4433 -0.8958 -0.0327
vn 0.4717 0.3124 -0.8245
vn -0.1959 0.1459 -0.9697
vn -0.2022 -0.2413 -0.9491
vn -0.6741 -0.1291 -0.7273
vn 0.0221 -0.9950 0.0969
vn 0.7320 -0.6779 0.0684
vn -0.4617 -0.5534 -0.6932
vn -0.5831 -0.2793 -0.7629
vn -0.1229 -0.5921 -0.7964
vn 0.0153 -0.4326 -0.9015
vn 0.0543 -0.2076 -0.9767
vn 0.1428 0.0915 -0.9855
vn -0.0260 -0.3313 -0.9432
vn -0.4767 -0.4508 -0.7547
vn -0.5127 -0.3259 -0.7943
vn 0.2505 -0.2173 -0.9434
vn -0.2352 -0.4608 -0.8558
vn -0.3280 -0.5200 -0.7887
vn -0.1711 -0.2320 -0.9575
vn 0.0667 -0.1696 -0.9832
vn -0.0586 -0.1298 -0.9898
vn -0.0101 -0.2264 -0.9740
vn 0.1023 0.1099 -0.9887
vn -0.1353 -0.2750 -0.9519
vn -0.7259 0.1733 -0.6656
vn -0.5486 -0.2441 -0.7996
vn -0.2181 0.9596 -0.1780
vn -0.7848 0.3153 -0.5336
vn 0.0205 -0.9954 0.0934
vn -0.1373 0.2673 -0.9538
vn -0.5615 0.4236 -0.7109
vn 0.2382 -0.1236 -0.9633
vn 0.2534 0.1010 -0.9621
vn 0.2688 0.0649 -0.9610
vn -0.1734 -0.4581 -0.8718
vn -0.3301 -0.4134 -0.8486
vn -0.2339 -0.4430 -0.8655
vn 0.0573 0.4148 -0.9081
vn -0.3492 -0.2604 -0.9002
vn -0.5347 0.4072 -0.7404
vn -0.8197 -0.2735 -0.5032
vn -0.6871 -0.2491 -0.6825
vn -0.7838 0.5145 0.3478
vn -0.6541 -0.0317 -0.7557
vn -0.6551 -0.0410 -0.7545
vn -0.3111 0.2763 -0.9093
vn -0.2969 -0.3985 -0.8678
vn -0.3295 -0.3522 -0.8760
vn 0.0343 0.0920 -0.9952
vn -0.0365 0.1102 -0.9932
vn -0.0576 0.4916 -0.8689
vn -0.3102 0.0527 -0.9492
vn 0.2491 0.3032 -0.9198
vn -0.0729 0.1963 -0.9778
vn -0.4694 0.2649 -0.8423
vn -0.8114 -0.0559 -0.5818
vn 0.0098 -0.9985 0.0539
vn -0.3577 -0.7540 -0.5509
vn 0.1678 -0.0524 -0.9844
vn 0.0961 -0.2509 -0.9632
vn -0.2545 0.6803 -0.6873
vn -0.0641 0.1637 -0.9844
vn 0.2583 0.1016 -0.9607
vn -0.3742 0.8260 -0.4217
vn -0.3646 -0.4880 -0.7931
vn -0.3871 -0.2921 -0.8745
vn -0.2900 -0.3647 -0.8848
vn -0.1055 0.0083 -0.9944
vn -0.1453 0.2358 -0.9609
vn -0.1974 0.1859 -0.9625
vn -0.5937 -0.4151 -0.6893
vn -0.3666 0.3485 -0.8627
vn -0.8354 -0.1970 -0.5132
vn -0.1224 0.4495 -0.8849
vn -0.1376 -0.6783 -0.7218
vn -0.6220 0.3122 -0.7181
vn -0.4915 -0.1381 -0.8599
vn 0.3349 0.1303 -0.9332
vn -0.1309 -0.5006 0.8557
vn -0.2115 -0.3923 -0.8952
vn -0.4721 0.1068 -0.8751
vn -0.4918 0.3064 -0.8150
vn 0.1243 0.2271 -0.9659
vn -0.2937 -0.1713 -0.9404
vn -0.0335 0.3932 -0.9188
vn -0.5110 -0.0893 -0.8549
vn 0.1440 0.2495 -0.9576
vn -0.0696 -0.8244 0.5617
vn -0.5142 -0.1883 -0.8368
vn -0.7970 0.4521 -0.4005
vn -0.4367 -0.3408 -0.8325
vn -0.5252 -0.4134 -0.7438
vn -0.5653 -0.3031 -0.7671
vn -0.7382 -0.0969 -0.6676
vn -0.5670 -0.5178 -0.6406
vn -0.1686 0.0908 -0.9815
vn -0.4114 0.2513 -0.8761
vn 0.0287 -0.9996 -0.0076
vn -0.1067 -0.4841 -0.8685
vn -0.3281 -0.2920 -0.8984
vn -0.5482 0.1030 -0.8300
vn -0.5134 -0.4256 -0.7451
vn -0.5425 -0.2808 -0.7917
vn -0.5473 -0.4049 -0.7325
vn -0.5105 -0.3605 -0.7807
vn 0.1007 -0.0231 -0.9947
vn -0.0295 -0.0020 -0.9996
vn 0.6871 -0.3027 -0.6605
vn -0.0786 0.9406 -0.3302
vn -0.4609 0.1558 -0.8737
vn -0.5177 0.7630 -0.3869
vn -0.1178 -0.6033 -0.7888
vn -0.4318 0.1035 -0.8960
vn -0.0003 0.2263 -0.9741
vn -0.5334 0.2929 -0.7936
vn -0.0112 0.2703 -0.9627
vn -0.5073 -0.2222 -0.8326
vn -0.5205 -0.2776 -0.8075
vn -0.2735 0.1479 -0.9504
vn -0.4302 -0.0905 -0.8982
vn -0.3736 -0.0210 -0.9274
vn -0.3399 0.1588 -0.9270
vn -0.5196 0.0547 -0.8527
vn 0.4695 -0.8830 -0.0008
vn 0.0050 0.3429 -0.9393
vn 0.1644 -0.1315 -0.9776
vn -0.7590 0.5219 -0.3893
vn 0.1397 -0.0767 -0.9872
vn 0.1093 0.3318 -0.9370
vn 0.3136 0.0535 -0.9480
vn -0.3921 0.4364 -0.8099
vn -0.4019 0.4263 -0.8104
vn -0.0585 0.1531 -0.9865
vn -0.9170 -0.1588 -0.3659
vn -0.6360 0.2797 -0.7192
vn -0.5219 0.2335 -0.8204
vn -0.5767 -0.2121 -0.7889
vn -0.3877 0.0934 -0.9171
vn -0.0393 0.2777 -0.9598
vn -0.9120 0.3431 0.2250
vn -0.2611 0.4954 -0.8285
vn -0.2240 0.0993 -0.9695
vn 0.0792 -0.9958 -0.0468
vn 0.0455 -0.9983 0.0351
vn 0.0607 -0.9962 0.0627
vn -0.3630 -0.7461 -0.5582
vn -0.4962 -0.6407 0.5859
vn -0.0959 -0.6826 0.7245
vn -0.1250 -0.7539 0.6450
vn -0.6142 -0.6702 0.4166
vn -0.6485 -0.6941 0.3125
vn 0.0177 -0.9994 0.0308
vn 0.2297 -0.9056 -0.3567
vn 0.2469 -0.8947 -0.3722
vn -0.4553 -0.7652 0.4552
vn 0.1988 -0.7285 0.6555
vn 0.0153 -0.9997 -0.0167
vn -0.5122 -0.8565 0.0636
vn 0.2245 -0.7517 0.6202
vn -0.8908 -0.1834 0.4158
vn -0.5588 -0.7708 -0.3059
vn -0.3883 -0.8725 -0.2964
vn 0.5282 -0.4276 0.7336
vn 0.0411 -0.9986 -0.0321
vn 0.2699 0.2396 0.9326
vn -0.8932 -0.2089 -0.3983
vn 0.0571 -0.9982 0.0198
vn 0.0983 -0.9921 0.0774
vn 0.0203 -0.9964 0.0827
vn -0.5886 -0.7406 0.3240
vn 0.0620 -0.9976 0.0313
vn -0.0882 -0.9934 -0.0731
vn -0.2779 -0.8748 -0.3969
vn 0.1924 -0.8484 0.4931
vn 0.4867 -0.8725 0.0429
vn 0.2659 -0.8937 -0.3614
vn 0.0889 -0.9931 -0.0760
vn -0.5413 -0.8324 0.1186
vn -0.4831 -0.8738 0.0557
vn 0.0084 -0.9894 -0.1451
vn -0.5775 -0.7985 -0.1701
vn 0.1387 -0.9901 -0.0203
vn 0.4319 -0.8583 -0.2770
vn -0.0107 -0.9922 -0.1243
vn -0.9620 0.0695 -0.2639
vn -0.1008 -0.9657 -0.2392
vn -0.0352 -0.5456 -0.8373
vn -0.2357 -0.9712 -0.0344
vn -0.4791 -0.8550 -0.1987
vn -0.1699 -0.9806 -0.0977
vn -0.0893 -0.9365 0.3390
vn 0.2041 -0.8724 0.4441
vn 0.2605 -0.3598 0.8959
vn 0.0069 -0.9924 0.1231
vn 0.0191 -0.9989 0.0421
vn 0.1747 -0.8664 -0.4679
vn -0.5634 -0.6502 0.5098
vn 0.1014 -0.9925 -0.0681
vn 0.8025 -0.5680 0.1826
vn 0.0032 -0.9962 0.0876
vn -0.1727 -0.9813 0.0853
vn -0.3940 -0.8757 0.2792
vn 0.0611 -0.9678 0.2443
vn -0.0711 -0.9967 0.0391
vn -0.7969 -0.4510 -0.4019
vn 0.0290 -0.9971 0.0698
vn -0.5713 -0.6804 0.4590
vn 0.0496 -0.9964 0.0688
vn -0.1354 -0.4958 0.8578
vn -0.5543 -0.8112 0.1864
vn -0.0311 -0.9989 0.0345
vn 0.0684 -0.9703 0.2320
vn -0.2131 -0.9702 -0.1151
vn 0.0463 -0.9981 0.0397
vn 0.0883 -0.8438 0.5293
vn -0.1135 -0.9903 0.0801
vn -0.0350 -0.9992 0.0202
vn 0.1025 -0.8571 0.5048
vn 0.1432 -0.9877 -0.0625
vn 0.2361 -0.9662 0.1033
vn 0.1076 -0.6530 0.7497
vn 0.0202 -0.9997 -0.0169
vn 0.6073 -0.7361 0.2990
vn -0.7942 -0.6025 0.0794
vn -0.3368 -0.9211 0.1953
vn 0.1059 -0.8288 0.5495
vn -0.3303 -0.9224 -0.2002
vn 0.2429 0.2031 0.9485
vn 0.2028 -0.8429 0.4984
vn 0.0097 -0.9994 -0.0336
vn -0.2062 -0.9756 0.0756
vn -0.0172 -0.9906 -0.1356
vn 0.1280 -0.9899 0.0607
vn 0.1375 0.1034 0.9851
vn -0.5541 -0.7860 0.2741
vn -0.8767 -0.4716 0.0953
vn 0.5033 0.4482 0.7388
vn 0.1237 -0.9921 0.0188
vn -0.1919 -0.9772 0.0908
vn 0.0776 -0.9939 0.0785
vn 0.1346 -0.9895 0.0526
vn -0.5549 -0.7833 0.2802
vn -0.1567 -0.4344 0.8870
vn -0.0397 -0.9962 -0.0774
vn 0.1021 -0.9899 0.0983
vn -0.0228 -0.9985 0.0499
vn 0.1683 -0.9838 0.0621
vn 0.0882 -0.9960 0.0169
vn 0.4040 -0.7965 0.4498
vn -0.6336 -0.7517 -0.1830
vn 0.0100 -0.9988 0.0488
vn 0.7533 0.4662 -0.4639
vn -0.5928 -0.8008 0.0856
vn -0.6975 -0.7159 0.0305
vn -0.0235 -0.7446 0.6671
vn 0.4527 -0.8443 0.2867
vn 0.0193 -0.9993 -0.0334
vn 0.0201 -0.9996 -0.0181
vn -0.5491 -0.7785 -0.3040
vn -0.6646 -0.7080 -0.2390
vn -0.1906 -0.8784 0.4382
vn -0.6763 -0.6090 -0.4145
vn -0.0333 -0.9965 -0.0763
vn -0.6440 -0.5940 -0.4821
vn -0.7489 -0.1527 0.6449
vn 0.1327 -0.9885 -0.0722
vn -0.6183 -0.7704 0.1558
vn -0.6778 -0.6372 0.3668
vn -0.0025 -0.9980 0.0635
vn -0.7012 -0.7110 0.0531
vn 0.0162 -0.9995 -0.0256
vn 0.0169 -0.9995 -0.0257
vn -0.1051 -0.9922 0.0669
vn 0.2664 -0.6626 -0.7000
vn -0.6724 -0.7394 -0.0323
vn -0.2895 -0.9316 -0.2197
vn 0.0884 -0.8292 0.5519
vn 0.0803 -0.8163 0.5720
vn -0.3478 -0.9253 -0.1514
vn 0.0456 -0.9986 -0.0255
vn -0.3617 -0.9132 -0.1876
vn -0.4917 -0.8700 -0.0356
vn -0.2558 -0.9105 0.3248
vn 0.0138 -0.9987 0.0482
vn 0.0814 -0.9926 -0.0897
vn 0.0210 -0.9914 0.1290
vn 0.0166 -0.9995 -0.0270
vn 0.0201 -0.9993 -0.0325
vn -0.3573 -0.9177 -0.1735
vn -0.6090 -0.7505 0.2568
vn 0.0636 0.6190 0.7828
vn 0.2726 -0.8467 0.4568
vn -0.2581 -0.7471 0.6126
vn -0.0385 -0.5898 0.8066
vn 0.0047 -0.9862 0.1655
vn 0.2732 -0.8874 0.3713
vn -0.4684 -0.8687 0.1609
vn -0.6258 -0.6895 0.3646
vn -0.1628 -0.8393 0.5187
vn 0.0502 -0.9970 0.0584
vn -0.2656 -0.5443 0.7958
vn 0.0362 -0.9988 0.0332
vn -0.6570 -0.7537 -0.0174
vn -0.0065 -0.9890 0.1476
vn -0.3830 -0.9014 0.2018
vn -0.5094 -0.5752 0.6401
vn 0.0172 -0.9996 0.0234
vn -0.1781 -0.9746 0.1361
vn -0.0558 -0.9923 -0.1103
vn -0.0830 -0.9668 0.2417
vn 0.0287 -0.9996 -0.0041
vn 0.3011 -0.9377 0.1732
vn -0.4584 0.8835 0.0966
vn 0.0375 -0.9989 -0.0287
vn 0.0373 -0.9989 -0.0293
vn 0.3987 -0.8966 0.1925
vn -0.2964 -0.9446 -0.1409
vn -0.5054 -0.6936 0.5134
vn -0.6273 -0.3867 0.6760
vn 0.3868 -0.8985 0.2076
vn -0.4270 -0.8233 0.3740
vn -0.5826 -0.7772 -0.2377
vn 0.2655 -0.8879 -0.3756
vn 0.2983 -0.3740 0.8781
vn 0.0004 -0.9949 0.1004
vn 0.1140 -0.9923 0.0477
vn 0.1235 -0.9892 0.0784
vn -0.0136 -0.9008 0.4340
vn -0.3598 -0.8229 0.4398
vn -0.3674 0.8269 0.4257
vn -0.4555 -0.6753 0.5801
vn 0.0035 -0.9984 -0.0564
vn -0.1610 -0.5391 0.8267
vn 0.3220 -0.9292 -0.1814
vn 0.2546 -0.8010 0.5418
vn -0.9316 -0.2555 -0.2586
vn -0.0201 -0.9997 0.0109
vn -0.3851 -0.3935 0.8348
vn 0.0348 -0.9959 0.0837
vn 0.0048 -1.0000 -0.0065
vn -0.0127 -0.9972 0.0742
vn 0.0218 -0.9987 0.0471
vn -0.3238 -0.5664 0.7579
vn 0.1402 -0.4710 0.8709
vn 0.4608 -0.4637 0.7568
vn -0.7802 -0.0883 0.6193
vn -0.8124 -0.5826 0.0249
vn -0.7081 -0.6810 0.1864
vn -0.0649 -0.9583 0.2782
vn -0.6033 -0.7820 0.1562
vn -0.8216 -0.3378 0.4591
vn -0.5361 -0.8442 0.0021
vn -0.1864 -0.9809 0.0559
vn -0.2491 -0.9516 0.1800
vn -0.2387 -0.4063 0.8820
vn -0.8211 -0.4539 0.3460
vn -0.8416 0.2999 0.4492
vn -0.7171 -0.6904 -0.0958
vn 0.1323 -0.9912 0.0064
vn -0.6713 0.7088 0.2166
vn -0.5307 -0.8468 0.0363
vn -0.2637 -0.3745 0.8889
vn 0.0213 -0.9992 -0.0345
vn 0.4699 -0.8827 -0.0006
vn -0.5874 -0.7508 -0.3021
vn 0.4077 -0.2028 0.8903
vn -0.5798 -0.8044 -0.1294
vn -0.6175 -0.7830 -0.0743
vn -0.7914 -0.5108 0.3358
vn 0.0309 -0.9961 0.0827
vn 0.1840 -0.7360 0.6515
vn -0.1715 -0.9572 0.2330
vn -0.2478 -0.8491 0.4665
vn -0.1581 -0.6886 0.7077
vn 0.1191 -0.3687 0.9219
vn 0.0202 -0.9995 0.0240
vn 0.4136 -0.8498 0.3267
vn 0.4756 -0.8370 0.2706
vn 0.0023 -0.9992 0.0392
vn -0.8345 -0.5507 0.0180
vn -0.6758 -0.7097 -0.1991
vn -0.7160 -0.6975 -0.0304
vn -0.7770 -0.6286 -0.0342
vn -0.7927 -0.5956 0.1299
vn -0.7138 -0.6762 0.1823
vn -0.4328 -0.8338 0.3426
vn -0.2260 -0.9491 0.2194
vn -0.2414 -0.8555 0.4581
vn 0.1128 -0.5777 0.8084
vn -0.0018 -0.9999 -0.0109
vn 0.5216 -0.8435 0.1282
vn 0.5377 -0.8257 0.1709
vn 0.5234 -0.8301 0.1923
vn 0.0513 -0.9937 0.1000
vn -0.7912 -0.0555 0.6091
vn -0.5647 -0.8248 0.0280
vn -0.6926 -0.7099 -0.1274
vn 0.6114 -0.2708 -0.7436
vn -0.0634 -0.9976 0.0281
vn 0.1392 -0.7415 0.6564
vn -0.6719 -0.2913 0.6810
vn -0.6823 -0.3698 0.6307
vn -0.2003 -0.9609 0.1911
vn 0.4474 -0.8903 0.0842
vn -0.5722 -0.7687 -0.2859
vn -0.5943 -0.7846 0.1767
vn -0.6902 -0.5985 0.4067
vn -0.0165 -0.9993 0.0336
vn -0.3515 -0.4827 0.8021
vn 0.6722 -0.6806 0.2915
vn -0.6563 -0.7344 -0.1732
vn -0.7450 -0.6662 0.0326
vn -0.6014 -0.7829 0.1594
vn -0.6078 -0.7589 0.2340
vn -0.7650 -0.5763 0.2877
vn -0.7842 -0.5252 0.3305
vn -0.5873 -0.6321 0.5055
vn -0.2590 -0.9461 -0.1946
vn -0.5280 -0.6393 0.5591
vn -0.7935 -0.6024 0.0865
vn -0.4852 -0.8664 -0.1179
vn -0.7224 -0.6508 0.2335
vn -0.4651 -0.1628 0.8702
vn -0.4885 0.8448 -0.2182
vn -0.6598 -0.7447 -0.1005
vn -0.6711 -0.7327 0.1131
vn 0.1576 -0.0117 0.9874
vn 0.0310 -0.9981 0.0530
vn -0.1057 -0.6115 0.7841
vn 0.1210 -0.9634 0.2390
vn -0.1481 -0.7894 0.5958
vn -0.1539 -0.7424 0.6521
vn -0.2727 -0.9605 -0.0548
vn -0.7452 -0.6661 0.0317
vn -0.6237 -0.7796 -0.0563
vn -0.7732 -0.5962 0.2162
vn -0.6248 -0.7512 0.2130
vn -0.7422 -0.4482 0.4983
vn 0.0231 -0.9994 -0.0253
vn 0.0853 -0.9882 0.1269
vn 0.1587 -0.9873 0.0015
vn 0.1211 -0.8630 0.4905
vn -0.4387 -0.3690 0.8194
vn 0.0490 -0.9598 0.2764
vn 0.0547 -0.8868 0.4588
vn -0.3111 -0.8396 0.4454
vn -0.3590 -0.7631 0.5374
vn -0.0658 0.7356 0.6742
vn -0.0449 -0.9975 -0.0547
vn 0.0380 -0.9737 -0.2245
vn -0.4855 -0.8674 -0.1091
vn -0.4231 -0.8504 -0.3128
vn -0.6395 -0.7664 0.0606
vn -0.7234 -0.6877 -0.0609
vn -0.5971 -0.7722 0.2171
vn -0.6874 -0.6591 0.3052
vn 0.1378 -0.5492 0.8243
vn -0.5227 -0.8448 0.1141
vn 0.6448 -0.7036 -0.2985
vn -0.8377 0.1855 0.5137
vn 0.0046 -0.9977 0.0679
vn 0.4278 -0.8594 0.2802
vn 0.2502 0.0870 0.9643
vn -0.3684 -0.9218 -0.1207
vn -0.6318 -0.5436 0.5526
vn -0.7110 -0.6088 0.3518
vn -0.5913 -0.6902 0.4171
vn -0.7829 -0.3897 -0.4849
vn -0.0213 -0.8617 0.5069
vn 0.0554 -0.8863 0.4598
vn -0.3797 -0.9129 -0.1497
vn -0.6411 -0.7673 -0.0142
vn -0.8967 0.4054 0.1778
vn -0.4099 -0.8608 -0.3018
vn -0.3459 -0.9211 -0.1786
vn -0.3565 -0.9230 -0.1447
vn -0.5130 -0.8031 0.3033
vn -0.2973 -0.8696 0.3942
vn -0.0460 -0.8409 0.5392
vn 0.1567 -0.9841 0.0837
vn 0.2445 -0.9378 0.2465
vn 0.0070 -0.8987 0.4386
vn -0.0514 -0.7022 0.7101
vn 0.2282 -0.9566 0.1813
vn -0.3040 -0.9368 -0.1730
vn -0.3143 -0.9487 -0.0360
vn -0.5579 -0.8297 0.0170
vn -0.5647 -0.8246 0.0340
vn 0.3462 0.2125 0.9138
vn -0.9226 0.1671 0.3478
vn -0.4562 -0.8551 -0.2464
vn -0.5731 -0.8026 0.1654
vn -0.5387 -0.8422 0.0234
vn -0.6495 -0.5151 0.5593
vn -0.7003 -0.4336 0.5670
vn -0.0242 -0.6524 0.7575
vn -0.0598 -0.9961 -0.0646
vn -0.7819 -0.1794 0.5970
vn -0.5299 -0.7531 0.3899
vn -0.5815 -0.7071 0.4023
vn -0.4989 -0.7801 0.3777
vn -0.5445 -0.7213 0.4282
vn 0.0393 -0.9991 0.0126
vn 0.7073 -0.6497 0.2786
vn 0.3121 -0.9080 0.2797
vn 0.2454 -0.8885 0.3877
vn 0.2949 -0.8484 0.4397
vn -0.0433 -0.9962 -0.0753
vn -0.2294 -0.9417 -0.2462
vn -0.2597 -0.9457 -0.1955
vn -0.4528 -0.8687 0.2009
vn -0.5650 -0.5707 0.5959
vn 0.0217 -0.9996 -0.0166
vn -0.9802 0.1349 0.1450
vn 0.4859 -0.8375 0.2499
vn 0.2063 -0.7118 0.6714
vn 0.4173 -0.9076 0.0461
vn -0.5565 -0.0744 0.8275
vn -0.1539 -0.9527 0.2621
vn 0.1218 -0.5001 -0.8573
vn -0.0626 -0.9978 0.0235
vn -0.3168 -0.9307 0.1829
vn -0.4390 -0.4634 -0.7698
vn 0.5683 -0.5573 0.6053
vn -0.2120 -0.9460 -0.2454
vn -0.2550 -0.9536 -0.1600
vn -0.3344 -0.9355 -0.1139
vn -0.3449 -0.9377 -0.0421
vn -0.3392 -0.9087 0.2435
vn -0.2688 -0.7244 0.6348
vn -0.0376 -0.9851 0.1679
vn -0.0219 -0.9995 -0.0224
vn 0.3150 0.0020 0.9491
vn -0.0060 -0.9969 0.0785
vn -0.4841 -0.3255 -0.8122
vn -0.0522 0.2121 -0.9759
vn -0.0734 -0.9940 -0.0809
vn -0.0386 -0.9992 -0.0057
vn -0.3807 -0.8574 0.3464
vn -0.2962 -0.9337 -0.2011
vn -0.2879 -0.9464 -0.1464
vn -0.4837 -0.6858 0.5438
vn 0.1267 0.0137 0.9918
vn -0.6206 -0.5837 0.5236
vn 0.4431 -0.7005 0.5594
vn 0.0651 -0.9965 0.0521
vn -0.0448 -0.9973 0.0580
vn -0.4716 -0.8636 -0.1783
vn -0.3202 -0.9082 0.2695
vn -0.3239 -0.8760 0.3574
vn -0.4198 -0.8037 0.4218
vn 0.3471 -0.9234 -0.1641
vn -0.7824 -0.1786 0.5966
vn -0.3240 0.5811 -0.7465
vn -0.0430 -0.9877 0.1501
vn 0.2692 -0.9020 0.3376
vn 0.0013 -0.9988 -0.0496
vn -0.0433 -0.9974 0.0584
vn 0.2614 -0.9013 0.3454
vn -0.3833 -0.4630 0.7992
vn -0.2744 0.5051 -0.8183
vn -0.3832 -0.8226 0.4200
vn 0.0633 -0.9975 -0.0324
vn -0.0526 -0.9981 -0.0331
vn -0.0393 -0.9977 -0.0556
vn -0.0016 -1.0000 -0.0018
vn 0.0645 -0.7824 -0.6195
vn -0.7149 -0.6820 -0.1540
vn -0.4267 -0.7055 0.5659
vn -0.3655 -0.4688 0.8042
vn -0.0273 -0.9968 -0.0747
vn -0.0748 -0.9955 0.0586
vn -0.4074 -0.8619 0.3020
vn 0.0177 -0.9996 -0.0231
vn -0.2787 -0.9554 0.0973
vn -0.2831 -0.9432 0.1741
vn -0.4235 -0.8046 0.4163
vn -0.4222 -0.8061 0.4146
vn -0.3956 -0.4323 0.8103
vn -0.3604 -0.4572 0.8131
vn -0.0555 -0.8314 0.5529
vn -0.0014 -0.9900 0.1408
vn 0.0652 -0.9940 -0.0884
vn 0.0283 -0.9992 0.0290
vn 0.6139 -0.7806 0.1171
vn -0.3991 -0.7849 0.4740
vn -0.7428 -0.0169 0.6693
vn -0.1147 -0.9902 0.0800
vn -0.6315 -0.1393 -0.7627
vn 0.4495 -0.7113 0.5403
vn -0.2138 -0.9769 -0.0040
vn -0.2563 -0.9583 -0.1262
vn -0.2562 -0.9302 0.2629
vn -0.3247 -0.6519 0.6853
vn -0.3054 -0.6272 0.7165
vn -0.3696 -0.8676 0.3326
vn -0.0268 -0.9995 0.0177
vn -0.5058 -0.0267 -0.8622
vn -0.2521 -0.8699 0.4240
vn -0.2343 -0.8830 0.4067
vn -0.0206 -0.9913 -0.1303
vn -0.0397 -0.9931 -0.1107
vn 0.0016 -0.9995 0.0302
vn 0.0471 -0.9988 -0.0161
vn -0.0535 -0.9963 0.0679
vn 0.0762 -0.3422 0.9365
vn -0.2581 -0.9302 0.2609
vn -0.2215 -0.9141 0.3398
vn -0.2731 -0.8704 0.4097
vn -0.1030 -0.9854 -0.1356
vn 0.3995 -0.7877 0.4689
vn -0.1303 -0.9871 -0.0926
vn 0.0362 -0.9991 0.0236
vn -0.0308 -0.9994 0.0182
vn 0.3855 0.9216 0.0462
vn -0.2563 -0.8503 0.4596
vn -0.2764 -0.8117 0.5145
vn 0.0485 -0.9987 -0.0173
vn 0.1490 -0.7748 -0.6144
vn -0.7293 -0.6612 0.1759
vn -0.1590 -0.9844 0.0748
vn -0.8357 -0.5455 -0.0641
vn -0.9354 -0.2535 -0.2464
vn -0.8323 -0.4068 0.3765
vn -0.0211 -0.9934 0.1125
vn -0.8148 -0.5794 -0.0223
vn -0.2562 -0.7808 0.5699
vn -0.1855 -0.8381 -0.5130
vn 0.0112 -0.9999 -0.0000
vn 0.0335 -0.9972 0.0661
vn 0.0323 -0.9990 -0.0296
vn -0.4479 -0.8671 -0.2181
vn -0.4537 -0.8638 -0.2191
vn -0.7334 -0.6675 -0.1289
vn -0.7937 -0.3945 -0.4630
vn -0.0266 -0.9995 0.0173
vn -0.1620 -0.9865 0.0256
vn 0.5841 -0.8088 -0.0685
vn -0.3750 -0.9151 -0.1482
vn -0.5238 -0.8504 0.0506
vn -0.2828 -0.6295 0.7237
vn -0.6743 -0.6747 -0.3001
vn -0.1678 -0.9855 -0.0251
vn 0.0101 -0.9888 -0.1492
vn -0.0155 -0.9998 0.0084
vn -0.1473 -0.9890 -0.0105
vn -0.1420 -0.9892 -0.0364
vn -0.2072 -0.9783 -0.0012
vn -0.1848 -0.9529 -0.2406
vn -0.2696 -0.6222 0.7349
vn 0.0203 -0.9997 -0.0164
vn 0.0426 -0.9980 0.0459
vn 0.1333 -0.9910 0.0094
vn -0.0663 -0.9958 -0.0639
vn -0.0665 -0.9957 -0.0637
vn 0.0817 -0.9966 -0.0127
vn 0.0283 -0.9995 -0.0147
vn -0.1355 -0.9895 0.0496
vn -0.6447 -0.7091 0.2856
vn -0.3560 -0.9340 -0.0289
vn 0.0237 -0.9989 0.0402
vn -0.0240 -0.9997 0.0043
vn 0.0969 -0.9951 -0.0192
vn -0.0165 -0.9998 0.0101
vn -0.0236 -0.9996 -0.0152
vn -0.3400 -0.9285 0.1492
vn -0.4708 -0.7625 0.4438
vn -0.1925 -0.8722 0.4497
vn -0.2029 -0.7510 0.6284
vn -0.2165 -0.6905 0.6902
vn -0.2025 -0.9695 -0.1384
vn -0.0722 -0.9953 -0.0638
vn 0.0798 -0.9968 0.0067
vn 0.0519 -0.9986 0.0133
vn -0.0126 -0.9989 0.0447
vn -0.0111 -0.9997 0.0200
vn -0.6039 -0.3453 0.7184
vn -0.3607 -0.8006 0.4785
vn 0.0311 -0.9992 0.0233
vn 0.0855 -0.9963 -0.0043
vn 0.3726 -0.8004 0.4696
vn 0.3809 -0.9174 -0.1149
vn -0.0254 -0.9997 0.0041
vn -0.9549 -0.1969 -0.2223
vn -0.0299 -0.9987 0.0414
vn -0.0396 -0.9989 0.0251
vn -0.3691 -0.9184 0.1428
vn -0.6311 -0.7556 0.1756
vn -0.4982 -0.7733 0.3922
vn -0.1453 -0.8426 0.5186
vn 0.0076 -0.6235 0.7818
vn 0.4597 -0.2232 0.8596
vn -0.7558 -0.3578 0.5484
vn 0.0208 -0.9996 -0.0167
vn -0.0297 -0.9991 -0.0309
vn 0.2470 -0.8898 0.3837
vn 0.2489 -0.7584 0.6024
vn -0.0399 -0.9980 0.0489
vn -0.0005 -0.9997 0.0262
vn 0.1086 -0.9941 0.0074
vn -0.1705 -0.7696 0.6153
vn -0.0730 -0.5107 0.8566
vn 0.3663 -0.9189 -0.1463
vn 0.0414 -0.9991 -0.0039
vn 0.0088 -0.9992 0.0384
vn 0.4249 -0.8936 0.1445
vn -0.4310 -0.8843 0.1797
vn -0.0163 -0.9978 0.0650
vn -0.0204 -0.9996 0.0208
vn 0.2935 -0.9315 0.2149
vn -0.0002 -0.6977 0.7164
vn 0.3409 -0.6767 0.6526
vn 0.0926 -0.6536 0.7511
vn 0.2997 -0.9386 0.1707
vn -0.0063 -0.9898 0.1422
vn 0.1996 -0.9465 0.2534
vn 0.5467 -0.8034 0.2361
vn 0.6948 -0.7170 0.0565
vn 0.4538 -0.7910 0.4103
vn 0.3848 -0.7200 0.5776
vn -0.1372 -0.9723 0.1893
vn -0.0847 -0.9960 0.0291
vn -0.6104 -0.0095 0.7920
vn 0.0505 -0.5224 0.8512
vn 0.0697 -0.5141 0.8549
vn -0.6683 -0.7355 -0.1113
vn 0.1700 -0.7074 0.6860
vn 0.3963 -0.6751 0.6222
vn 0.4801 -0.8027 0.3539
vn 0.3146 -0.8941 0.3189
vn 0.5542 -0.6197 0.5557
vn 0.5846 -0.6754 0.4496
vn 0.7143 -0.6528 0.2521
vn 0.0573 -0.9982 0.0186
vn 0.0660 -0.9958 0.0632
vn 0.0362 -0.9992 0.0184
vn -0.3140 -0.5460 0.7767
vn 0.5183 -0.7495 0.4118
vn 0.5808 -0.2615 0.7709
vn -0.0227 -0.9997 0.0086
vn 0.7154 -0.6509 0.2541
vn 0.0188 -0.9967 -0.0785
vn -0.0000 -0.9991 -0.0413
vn 0.0562 -0.9956 0.0751
vn -0.0796 -0.6491 0.7565
vn -0.2610 -0.9004 0.3482
vn -0.1813 -0.9350 0.3049
vn -0.0431 -0.7178 0.6949
vn 0.0189 -0.9998 0.0007
vn 0.1817 -0.8172 0.5469
vn -0.6468 -0.7218 0.2464
vn -0.0209 -0.9997 0.0092
vn 0.4178 -0.6943 0.5861
vn 0.0125 -0.9910 0.1329
vn -0.1148 -0.6894 0.7152
vn -0.0185 -0.9997 0.0187
vn -0.0016 -1.0000 0.0082
vn -0.1212 -0.9833 0.1357
vn 0.1018 -0.9943 -0.0326
vn 0.1853 -0.9809 -0.0590
vn -0.4276 -0.4897 0.7598
vn -0.4817 -0.3736 0.7927
vn 0.0027 -0.9994 0.0357
vn 0.0123 -0.9972 0.0739
vn 0.1508 -0.6556 0.7399
vn 0.3872 -0.8415 0.3767
vn -0.1088 -0.9749 0.1943
vn 0.1704 -0.9845 -0.0413
vn -0.8499 0.1704 0.4986
vn -0.4618 -0.3497 0.8151
vn 0.0208 -0.9970 0.0751
vn -0.1566 -0.9818 -0.1077
vn 0.0841 -0.6050 0.7918
vn 0.0146 -0.9981 0.0592
vn 0.1000 -0.9275 0.3601
vn 0.0354 -0.8517 0.5228
vn 0.3205 -0.5688 0.7575
vn 0.0880 -0.9961 -0.0071
vn 0.0005 -1.0000 0.0061
vn 0.0363 -0.9965 -0.0756
vn -0.1088 -0.9748 0.1947
vn 0.0062 -0.9999 0.0125
vn -0.1878 -0.9699 0.1549
vn -0.3564 -0.7934 0.4934
vn 0.4332 -0.8998 0.0529
vn 0.0458 -0.9066 0.4195
vn -0.0649 -0.9936 0.0919
vn -0.3209 -0.6373 0.7006
vn 0.0255 -0.9994 0.0238
vn -0.0084 -0.9163 0.4004
vn -0.4991 -0.6500 0.5730
vn 0.0197 -0.9980 0.0606
vn 0.0603 -0.9937 0.0944
vn 0.0686 -0.9974 -0.0218
vn 0.2423 -0.9099 0.3368
vn -0.0338 -0.5810 0.8132
vn -0.0167 -0.9995 -0.0283
vn 0.0355 -0.9992 0.0195
vn -0.3054 -0.6518 0.6942
vn 0.0022 -0.9011 0.4337
vn -0.0023 -0.8751 0.4840
vn 0.0333 -0.9918 -0.1237
vn -0.1162 -0.9844 0.1323
vn 0.0512 -0.9985 0.0192
vn -0.1589 0.4482 -0.8797
vn 0.0096 -0.9983 0.0577
vn -0.0615 -0.8575 0.5108
vn -0.0121 -0.9994 -0.0312
vn 0.0110 -0.9999 0.0117
vn -0.8783 0.2188 -0.4250
vn 0.6284 -0.5086 0.5886
vn -0.2572 -0.9468 -0.1932
vn -0.4961 -0.6408 0.5859
vn 0.0446 -0.9872 0.1533
vn 0.0023 -0.9970 0.0773
vn -0.0016 -0.9980 0.0639
vn 0.0117 -0.5487 0.8360
vn -0.0010 -0.9999 -0.0121
vn -0.0124 -0.9722 0.2337
vn 0.0030 -0.9997 0.0257
vn 0.0210 -0.9997 0.0136
vn -0.7755 -0.6177 -0.1307
vn 0.0155 -0.7135 0.7005
vn -0.0358 -0.8236 0.5661
vn -0.0117 -0.9061 0.4228
vn -0.0078 -0.9003 0.4352
vn 0.3988 -0.7962 0.4550
vn 0.1410 -0.9895 -0.0320
vn 0.0257 -0.9996 -0.0148
vn -0.0150 -0.9998 -0.0157
vn -0.0164 -0.9961 0.0869
vn 0.0222 -0.9990 -0.0395
vn -0.5677 -0.6510 0.5038
vn -0.5686 -0.6605 0.4904
vn 0.0205 -0.9796 0.1997
vn 0.0198 -0.9793 0.2016
vn 0.0136 -0.9999 0.0075
vn 0.0736 -0.9803 0.1835
vn 0.0262 -0.9973 0.0687
vn -0.0052 -0.9984 0.0570
vn -0.1086 -0.7638 0.6362
vn -0.0729 -0.4602 0.8848
vn -0.0019 -1.0000 0.0069
vn -0.2711 -0.9622 -0.0248
vn 0.0171 -0.9997 -0.0173
vn 0.4110 -0.8900 0.1977
vn -0.8247 -0.5360 0.1805
vn -0.0289 -0.9993 0.0236
vn 0.2062 -0.9250 0.3193
vn -0.9935 -0.0385 0.1068
vn 0.1079 -0.8633 -0.4930
vn -0.3967 -0.7941 0.4605
vn -0.5931 -0.7184 0.3636
vn -0.2557 -0.9560 0.1435
vn 0.1440 -0.9894 0.0178
vn 0.0728 -0.9333 -0.3515
vn 0.2352 -0.9718 0.0153
vn 0.0066 -0.9883 0.1521
vn -0.4457 -0.7796 0.4400
vn 0.1378 -0.9898 -0.0351
vn 0.1626 -0.9705 -0.1779
vn 0.2902 -0.9445 -0.1539
vn -0.3368 -0.8311 -0.4425
vn 0.1221 -0.9891 -0.0827
vn 0.1913 -0.9486 -0.2522
vn -0.3984 -0.9138 0.0789
vn -0.2231 -0.9385 0.2634
vn -0.2736 -0.9616 -0.0190
vn 0.7119 -0.6831 0.1632
vn 0.7298 -0.6672 -0.1489
vn 0.7763 0.2930 -0.5581
vn 0.4163 -0.8760 -0.2434
vn 0.7509 -0.6409 -0.1594
vn 0.5608 -0.7528 -0.3446
vn 0.5490 -0.7315 -0.4043
vn 0.9614 -0.0604 -0.2683
vn 0.2404 -0.9238 -0.2978
vn 0.4972 -0.8170 -0.2921
vn 0.1168 -0.8773 -0.4656
vn 0.0397 -0.9948 0.0934
vn -0.2246 -0.6614 -0.7156
vn -0.3953 -0.5047 -0.7675
vn -0.2245 -0.5683 -0.7916
vn -0.2416 -0.6008 -0.7620
vn -0.2013 -0.4273 -0.8814
vn 0.0746 0.7034 -0.7068
vn -0.0127 -0.9998 -0.0180
vn 0.0095 -0.9994 -0.0339
vn 0.0161 -0.9984 0.0540
vn 0.0207 -0.9959 0.0885
vn -0.1813 -0.4626 -0.8678
vn 0.0100 -0.9993 0.0358
vn 0.5974 -0.7768 -0.1992
vn 0.1467 -0.9892 -0.0063
vn 0.5282 -0.6768 -0.5127
vn 0.5227 -0.6189 -0.5863
vn 0.1387 -0.7833 -0.6060
vn 0.1495 -0.7088 -0.6894
vn 0.1597 -0.5708 -0.8054
vn 0.0100 -0.9989 0.0465
vn 0.4721 -0.8813 0.0191
vn 0.3862 -0.9212 -0.0481
vn 0.0549 -0.9903 -0.1280
vn 0.0126 -0.9996 -0.0237
vn 0.3772 -0.8260 -0.4189
vn 0.0206 -0.9994 0.0294
vn 0.0776 -0.9875 -0.1373
vn 0.3605 -0.9328 0.0053
s 0
f 277//1 322//1 2143//1
f 186//2 288//2 374//2
f 1338//3 1333//3 1365//3
f 288//4 1477//4 299//4
f 1477//5 1448//5 319//5
f 2783//6 2768//6 2753//6
f 410//7 150//7 439//7
f 2022//8 1301//8 1343//8
f 1321//9 1334//9 1162//9
f 149//10 124//10 248//10
f 1525//11 1537//11 103//11
f 493//12 319//12 161//12
f 2786//13 2772//13 2760//13
f 997//14 756//14 1516//14
f 1994//15 2015//15 1993//15
f 689//16 988//16 276//16
f 1446//17 37//17 750//17
f 2055//18 1758//18 2496//18
f 488//19 1648//19 1618//19
f 899//20 419//20 337//20
f 1453//21 1509//21 1499//21
f 1525//22 103//22 69//22
f 1536//23 1525//23 69//23
f 1446//24 1880//24 593//24
f 1999//25 2000//25 2013//25
f 661//26 927//26 1303//26
f 186//27 203//27 288//27
f 322//28 340//28 2143//28
f 2563//29 1767//29 1265//29
f 150//30 699//30 316//30
f 340//31 74//31 618//31
f 74//32 63//32 618//32
f 1503//33 1502//33 197//33
f 1154//34 1490//34 1417//34
f 664//35 40//35 308//35
f 275//36 1518//36 1285//36
f 74//37 322//37 185//37
f 281//38 410//38 439//38
f 299//39 1477//39 319//39
f 699//40 288//40 299//40
f 1452//41 81//41 275//41
f 150//42 367//42 45//42
f 322//43 74//43 340//43
f 2038//44 81//44 2037//44
f 81//45 1452//45 2037//45
f 1490//46 1453//46 1499//46
f 281//47 439//47 341//47
f 1165//48 575//48 1221//48
f 769//49 1251//49 1391//49
f 439//50 150//50 45//50
f 341//51 439//51 45//51
f 1471//52 281//52 341//52
f 68//53 281//53 1471//53
f 1192//54 508//54 676//54
f 1367//55 1681//55 1639//55
f 131//56 35//56 130//56
f 597//57 204//57 580//57
f 425//58 307//58 39//58
f 80//59 45//59 662//59
f 257//60 679//60 914//60
f 78//61 1449//61 1448//61
f 1154//62 1417//62 469//62
f 704//63 538//63 419//63
f 580//64 278//64 44//64
f 479//65 1189//65 1305//65
f 1094//66 1650//66 1677//66
f 108//67 149//67 248//67
f 1435//68 1443//68 1434//68
f 317//69 270//69 141//69
f 240//70 317//70 141//70
f 204//71 665//71 580//71
f 3//72 341//72 710//72
f 710//73 341//73 80//73
f 2228//74 1724//74 399//74
f 1436//75 1444//75 1454//75
f 1444//76 1474//76 1454//76
f 369//77 468//77 402//77
f 277//78 186//78 185//78
f 142//79 36//79 1503//79
f 1343//80 1167//80 511//80
f 1432//81 1341//81 1436//81
f 1831//82 1830//82 1516//82
f 103//83 1537//83 53//83
f 6//84 405//84 1468//84
f 44//85 623//85 70//85
f 689//86 1321//86 988//86
f 318//87 239//87 268//87
f 268//88 239//88 269//88
f 200//89 240//89 141//89
f 33//90 1585//90 243//90
f 1468//91 405//91 710//91
f 405//92 3//92 710//92
f 102//93 79//93 1585//93
f 1422//94 118//94 995//94
f 1861//95 2254//95 2263//95
f 1959//96 1960//96 1970//96
f 2000//97 2014//97 2013//97
f 1985//98 2000//98 1999//98
f 450//99 689//99 1518//99
f 1518//100 689//100 276//100
f 239//101 23//101 269//101
f 23//102 200//102 141//102
f 269//103 23//103 141//103
f 1095//104 425//104 678//104
f 419//105 1447//105 257//105
f 1539//106 108//106 248//106
f 665//107 278//107 580//107
f 1706//108 1878//108 1687//108
f 1541//109 340//109 618//109
f 874//110 876//110 907//110
f 200//111 92//111 240//111
f 1253//112 1280//112 1252//112
f 118//113 1095//113 678//113
f 195//114 118//114 678//114
f 149//115 636//115 124//115
f 1467//116 665//116 1795//116
f 23//117 92//117 200//117
f 92//118 146//118 240//118
f 146//119 33//119 240//119
f 42//120 1585//120 33//120
f 512//121 1476//121 1004//121
f 288//122 443//122 1477//122
f 5//123 519//123 499//123
f 1527//124 80//124 662//124
f 1613//125 1445//125 1690//125
f 1534//126 1523//126 1535//126
f 2300//127 2301//127 2313//127
f 196//128 239//128 96//128
f 196//129 23//129 239//129
f 23//130 219//130 92//130
f 2775//131 2767//131 2761//131
f 618//132 286//132 1534//132
f 1198//133 1307//133 1879//133
f 96//134 465//134 196//134
f 88//135 242//135 96//135
f 1712//136 103//136 53//136
f 1214//137 1173//137 1264//137
f 68//138 405//138 63//138
f 710//139 80//139 1527//139
f 684//140 710//140 1527//140
f 1646//141 1637//141 1374//141
f 2770//142 785//142 860//142
f 2332//143 2353//143 2322//143
f 1419//144 984//144 963//144
f 1186//145 1212//145 513//145
f 2022//146 1912//146 1881//146
f 1400//147 1407//147 1383//147
f 2103//148 2110//148 1926//148
f 2345//149 2755//149 2754//149
f 1541//150 618//150 1534//150
f 618//151 63//151 286//151
f 2759//152 2777//152 1103//152
f 752//153 771//153 770//153
f 2264//154 2285//154 2277//154
f 2393//155 2394//155 2408//155
f 438//156 196//156 465//156
f 23//157 438//157 219//157
f 507//158 545//158 532//158
f 605//159 621//159 659//159
f 344//160 403//160 434//160
f 138//161 388//161 325//161
f 146//162 22//162 33//162
f 33//163 22//163 42//163
f 195//164 678//164 890//164
f 2620//165 2609//165 2637//165
f 1298//166 2005//166 1319//166
f 1885//167 2295//167 1892//167
f 1314//168 1223//168 1158//168
f 1281//169 1255//169 2287//169
f 1686//170 831//170 807//170
f 1579//171 1564//171 1580//171
f 1697//172 294//172 1474//172
f 2277//173 2285//173 2284//173
f 736//174 748//174 707//174
f 242//175 494//175 465//175
f 494//176 438//176 465//176
f 196//177 438//177 23//177
f 1241//178 1240//178 1197//178
f 2344//179 2308//179 2380//179
f 2699//180 2712//180 2685//180
f 1926//181 2110//181 2049//181
f 289//182 256//182 241//182
f 625//183 652//183 681//183
f 713//184 771//184 752//184
f 158//185 215//185 214//185
f 2227//186 1742//186 2426//186
f 1255//187 1281//187 1254//187
f 497//188 678//188 467//188
f 1004//189 1476//189 37//189
f 40//190 1778//190 695//190
f 166//191 710//191 684//191
f 713//192 1621//192 681//192
f 772//193 771//193 713//193
f 194//194 254//194 267//194
f 963//195 984//195 661//195
f 325//196 388//196 387//196
f 481//197 482//197 512//197
f 2477//198 2491//198 2484//198
f 2013//199 2014//199 2021//199
f 1384//200 1368//200 1335//200
f 2027//201 2028//201 2038//201
f 405//202 68//202 3//202
f 1123//203 1959//203 1964//203
f 726//204 772//204 713//204
f 772//205 795//205 771//205
f 2660//206 2673//206 2665//206
f 366//207 26//207 346//207
f 949//208 254//208 194//208
f 381//209 344//209 345//209
f 302//210 315//210 266//210
f 194//211 215//211 158//211
f 159//212 194//212 158//212
f 90//213 159//213 137//213
f 159//214 158//214 137//214
f 90//215 137//215 89//215
f 1317//216 1333//216 1338//216
f 678//217 39//217 467//217
f 3//218 68//218 1471//218
f 625//219 588//219 652//219
f 2162//220 2169//220 2158//220
f 691//221 681//221 652//221
f 691//222 713//222 681//222
f 446//223 520//223 491//223
f 283//224 265//224 252//224
f 344//225 381//225 403//225
f 545//226 573//226 572//226
f 345//227 344//227 315//227
f 345//228 315//228 302//228
f 1186//229 513//229 1130//229
f 2227//230 2426//230 769//230
f 39//231 307//231 408//231
f 288//232 203//232 443//232
f 340//233 2144//233 2143//233
f 1471//234 341//234 3//234
f 593//235 1880//235 1045//235
f 1577//236 598//236 588//236
f 598//237 653//237 652//237
f 653//238 691//238 652//238
f 726//239 713//239 691//239
f 520//240 533//240 491//240
f 284//241 315//241 324//241
f 2527//242 1176//242 1175//242
f 708//243 736//243 707//243
f 302//244 266//244 267//244
f 492//245 546//245 520//245
f 194//246 267//246 215//246
f 446//247 492//247 520//247
f 435//248 492//248 446//248
f 661//249 1303//249 513//249
f 162//250 956//250 1422//250
f 447//251 382//251 364//251
f 2183//252 1187//252 1242//252
f 305//253 1527//253 387//253
f 253//254 283//254 252//254
f 433//255 445//255 444//255
f 1870//256 2689//256 1889//256
f 410//257 374//257 150//257
f 71//258 1430//258 140//258
f 1430//259 898//259 140//259
f 689//260 1334//260 1321//260
f 804//261 1554//261 440//261
f 2611//262 2617//262 2587//262
f 549//263 589//263 1577//263
f 589//264 598//264 1577//264
f 780//265 792//265 765//265
f 757//266 758//266 780//266
f 686//267 675//267 707//267
f 1213//268 1022//268 1371//268
f 66//269 688//269 687//269
f 757//270 780//270 765//270
f 1240//271 1254//271 1231//271
f 1994//272 1993//272 906//272
f 1446//273 802//273 1880//273
f 714//274 726//274 691//274
f 714//275 753//275 726//275
f 753//276 772//276 726//276
f 753//277 787//277 772//277
f 2015//278 2014//278 2000//278
f 799//279 382//279 310//279
f 310//280 382//280 447//280
f 620//281 685//281 674//281
f 31//282 8//282 37//282
f 750//283 756//283 997//283
f 1624//284 1656//284 1804//284
f 501//285 528//285 527//285
f 2355//286 501//286 527//286
f 528//287 549//287 527//287
f 528//288 589//288 549//288
f 640//289 653//289 598//289
f 653//290 692//290 691//290
f 692//291 714//291 691//291
f 621//292 675//292 686//292
f 135//293 193//293 192//293
f 765//294 792//294 779//294
f 199//295 64//295 198//295
f 149//296 597//296 636//296
f 1977//297 1985//297 1999//297
f 291//298 164//298 2212//298
f 599//299 598//299 589//299
f 598//300 599//300 640//300
f 666//301 653//301 640//301
f 666//302 692//302 653//302
f 352//303 14//303 425//303
f 267//304 266//304 215//304
f 687//305 722//305 737//305
f 608//306 644//306 635//306
f 68//307 410//307 281//307
f 74//308 185//308 68//308
f 563//309 589//309 528//309
f 563//310 599//310 589//310
f 692//311 727//311 714//311
f 727//312 753//312 714//312
f 787//313 811//313 820//313
f 581//314 779//314 764//314
f 214//315 253//315 213//315
f 1231//316 1230//316 1196//316
f 1356//317 712//317 1625//317
f 350//318 368//318 256//318
f 736//319 766//319 758//319
f 501//320 2355//320 1418//320
f 599//321 654//321 640//321
f 784//322 820//322 811//322
f 659//323 686//323 685//323
f 1046//324 381//324 345//324
f 325//325 387//325 366//325
f 283//326 284//326 324//326
f 501//327 540//327 528//327
f 563//328 614//328 599//328
f 614//329 600//329 599//329
f 599//330 600//330 654//330
f 654//331 666//331 640//331
f 491//332 462//332 434//332
f 694//333 748//333 735//333
f 722//334 799//334 759//334
f 289//335 350//335 256//335
f 1739//336 1330//336 2772//336
f 49//337 127//337 1575//337
f 38//338 1774//338 72//338
f 2034//339 411//339 164//339
f 2191//340 690//340 825//340
f 738//341 877//341 2213//341
f 528//342 540//342 563//342
f 753//343 760//343 787//343
f 760//344 811//344 787//344
f 434//345 433//345 363//345
f 137//346 158//346 157//346
f 350//347 394//347 406//347
f 95//348 1929//348 408//348
f 1929//349 371//349 408//349
f 8//350 1306//350 1402//350
f 1443//351 1473//351 1479//351
f 2380//352 2752//352 2756//352
f 2176//353 2177//353 2189//353
f 877//354 738//354 1174//354
f 502//355 501//355 1418//355
f 815//356 502//356 1418//356
f 540//357 600//357 563//357
f 563//358 600//358 614//358
f 654//359 667//359 666//359
f 666//360 667//360 692//360
f 692//361 700//361 727//361
f 266//362 315//362 284//362
f 380//363 434//363 363//363
f 688//364 723//364 722//364
f 284//365 283//365 253//365
f 1291//366 1320//366 1290//366
f 49//367 73//367 127//367
f 2787//368 2759//368 1103//368
f 1927//369 2365//369 2333//369
f 540//370 582//370 600//370
f 582//371 626//371 600//371
f 692//372 667//372 700//372
f 727//373 728//373 753//373
f 728//374 760//374 753//374
f 760//375 796//375 811//375
f 212//376 213//376 252//376
f 444//377 445//377 507//377
f 303//378 302//378 254//378
f 403//379 491//379 434//379
f 369//380 350//380 309//380
f 369//381 394//381 350//381
f 608//382 635//382 607//382
f 1194//383 271//383 216//383
f 2284//384 2285//384 2313//384
f 1582//385 109//385 1565//385
f 515//386 501//386 502//386
f 515//387 540//387 501//387
f 564//388 582//388 540//388
f 600//389 626//389 654//389
f 654//390 626//390 667//390
f 700//391 728//391 727//391
f 801//392 920//392 811//392
f 193//393 213//393 192//393
f 581//394 765//394 779//394
f 148//395 674//395 685//395
f 324//396 344//396 363//396
f 151//397 206//397 171//397
f 206//398 205//398 171//398
f 831//399 1174//399 2293//399
f 2715//400 2712//400 2699//400
f 564//401 540//401 515//401
f 590//402 582//402 564//402
f 626//403 655//403 667//403
f 728//404 700//404 667//404
f 728//405 754//405 760//405
f 796//406 801//406 811//406
f 1022//407 985//407 1371//407
f 781//408 799//408 722//408
f 644//409 688//409 635//409
f 136//410 137//410 157//410
f 557//411 573//411 533//411
f 363//412 344//412 380//412
f 799//413 798//413 759//413
f 1154//414 1453//414 1490//414
f 1306//415 58//415 1831//415
f 2055//416 2134//416 1785//416
f 502//417 485//417 515//417
f 485//418 516//418 515//418
f 615//419 582//419 590//419
f 615//420 626//420 582//420
f 655//421 668//421 667//421
f 701//422 728//422 667//422
f 701//423 754//423 728//423
f 760//424 754//424 796//424
f 796//425 788//425 801//425
f 403//426 446//426 491//426
f 620//427 605//427 659//427
f 186//428 374//428 410//428
f 373//429 1708//429 400//429
f 2774//430 2785//430 2757//430
f 1917//431 1924//431 2312//431
f 626//432 615//432 655//432
f 668//433 701//433 667//433
f 754//434 788//434 796//434
f 577//435 801//435 788//435
f 1421//436 2762//436 2781//436
f 265//437 323//437 314//437
f 594//438 605//438 573//438
f 135//439 158//439 193//439
f 266//440 284//440 253//440
f 463//441 325//441 346//441
f 223//442 241//442 256//442
f 62//443 138//443 325//443
f 954//444 290//444 241//444
f 557//445 533//445 520//445
f 1105//446 448//446 390//446
f 181//447 241//447 223//447
f 185//448 186//448 410//448
f 47//449 244//449 295//449
f 1556//450 1568//450 2580//450
f 516//451 564//451 515//451
f 701//452 740//452 754//452
f 740//453 788//453 754//453
f 316//454 326//454 304//454
f 369//455 423//455 394//455
f 1096//456 1097//456 1108//456
f 151//457 128//457 172//457
f 189//458 206//458 172//458
f 189//459 231//459 206//459
f 2014//460 2038//460 2028//460
f 2771//461 2775//461 2773//461
f 58//462 1685//462 1831//462
f 1509//463 1536//463 1543//463
f 476//464 516//464 485//464
f 583//465 590//465 564//465
f 615//466 641//466 655//466
f 641//467 668//467 655//467
f 761//468 788//468 740//468
f 820//469 920//469 971//469
f 1516//470 1306//470 1831//470
f 128//471 189//471 172//471
f 232//472 231//472 189//472
f 232//473 246//473 231//473
f 541//474 564//474 516//474
f 541//475 583//475 564//475
f 615//476 590//476 583//476
f 669//477 668//477 641//477
f 668//478 702//478 701//478
f 701//479 702//479 740//479
f 577//480 448//480 1076//480
f 644//481 723//481 688//481
f 621//482 633//482 675//482
f 36//483 91//483 182//483
f 1223//484 2779//484 1137//484
f 813//485 138//485 62//485
f 491//486 533//486 490//486
f 74//487 68//487 63//487
f 341//488 45//488 80//488
f 583//489 616//489 615//489
f 615//490 616//490 641//490
f 668//491 669//491 702//491
f 761//492 740//492 702//492
f 2752//493 2775//493 2771//493
f 1330//494 1420//494 2765//494
f 533//495 573//495 545//495
f 222//496 181//496 223//496
f 2727//497 2726//497 2691//497
f 91//498 751//498 182//498
f 894//499 76//499 128//499
f 76//500 152//500 128//500
f 152//501 189//501 128//501
f 1404//502 1413//502 1081//502
f 476//503 456//503 486//503
f 529//504 516//504 476//504
f 486//505 529//505 476//505
f 529//506 541//506 516//506
f 529//507 583//507 541//507
f 656//508 669//508 641//508
f 729//509 761//509 702//509
f 466//510 448//510 577//510
f 2643//511 181//511 222//511
f 283//512 323//512 265//512
f 182//513 751//513 464//513
f 751//514 29//514 464//514
f 1225//515 1251//515 963//515
f 152//516 232//516 189//516
f 419//517 257//517 914//517
f 1469//518 639//518 1879//518
f 1194//519 1229//519 330//519
f 1735//520 401//520 456//520
f 584//521 583//521 529//521
f 584//522 616//522 583//522
f 616//523 656//523 641//523
f 729//524 702//524 669//524
f 761//525 729//525 788//525
f 729//526 789//526 788//526
f 789//527 577//527 788//527
f 370//528 369//528 309//528
f 781//529 800//529 799//529
f 799//530 800//530 382//530
f 757//531 748//531 758//531
f 486//532 503//532 529//532
f 670//533 729//533 669//533
f 369//534 402//534 423//534
f 382//535 868//535 364//535
f 325//536 366//536 346//536
f 751//537 19//537 29//537
f 1666//538 1842//538 1688//538
f 2784//539 2771//539 1371//539
f 76//540 77//540 152//540
f 247//541 280//541 279//541
f 198//542 64//542 179//542
f 456//543 503//543 486//543
f 503//544 550//544 529//544
f 550//545 584//545 529//545
f 656//546 670//546 669//546
f 670//547 730//547 729//547
f 14//548 105//548 307//548
f 1833//549 1832//549 1805//549
f 2293//550 2324//550 2780//550
f 193//551 158//551 214//551
f 947//552 91//552 1088//552
f 1754//553 2187//553 2776//553
f 106//554 152//554 77//554
f 152//555 106//555 232//555
f 550//556 565//556 584//556
f 584//557 565//557 616//557
f 565//558 656//558 616//558
f 466//559 245//559 448//559
f 1399//560 1407//560 1411//560
f 213//561 253//561 252//561
f 19//562 578//562 29//562
f 1343//563 1301//563 1167//563
f 247//564 207//564 280//564
f 207//565 297//565 280//565
f 280//566 338//566 359//566
f 457//567 456//567 401//567
f 457//568 503//568 456//568
f 565//569 642//569 656//569
f 642//570 670//570 656//570
f 670//571 642//571 730//571
f 730//572 789//572 729//572
f 789//573 224//573 577//573
f 577//574 224//574 466//574
f 1213//575 859//575 987//575
f 106//576 129//576 232//576
f 232//577 207//577 247//577
f 280//578 297//578 338//578
f 359//579 338//579 401//579
f 375//580 457//580 401//580
f 542//581 550//581 503//581
f 542//582 566//582 565//582
f 550//583 542//583 565//583
f 789//584 797//584 224//584
f 192//585 213//585 212//585
f 434//586 462//586 433//586
f 107//587 129//587 106//587
f 129//588 207//588 232//588
f 320//589 338//589 297//589
f 375//590 401//590 338//590
f 517//591 503//591 457//591
f 617//592 565//592 566//592
f 567//593 617//593 566//593
f 565//594 617//594 642//594
f 617//595 657//595 642//595
f 731//596 730//596 642//596
f 731//597 762//597 730//597
f 730//598 762//598 789//598
f 762//599 797//599 789//599
f 1318//600 1317//600 1287//600
f 759//601 798//601 766//601
f 157//602 135//602 136//602
f 462//603 445//603 433//603
f 19//604 145//604 578//604
f 1790//605 1789//605 1780//605
f 129//606 208//606 207//606
f 320//607 375//607 338//607
f 517//608 542//608 503//608
f 542//609 567//609 566//609
f 657//610 703//610 642//610
f 703//611 731//611 642//611
f 797//612 287//612 224//612
f 224//613 287//613 466//613
f 420//614 504//614 466//614
f 594//615 621//615 605//615
f 462//616 490//616 445//616
f 545//617 572//617 556//617
f 1145//618 633//618 621//618
f 578//619 145//619 57//619
f 1959//620 1977//620 1964//620
f 129//621 173//621 208//621
f 208//622 233//622 207//622
f 321//623 320//623 297//623
f 375//624 487//624 457//624
f 487//625 517//625 457//625
f 517//626 567//626 542//626
f 591//627 627//627 617//627
f 567//628 591//628 617//628
f 627//629 657//629 617//629
f 703//630 755//630 731//630
f 755//631 762//631 731//631
f 790//632 797//632 762//632
f 797//633 790//633 287//633
f 420//634 466//634 287//634
f 305//635 684//635 1527//635
f 490//636 507//636 445//636
f 56//637 57//637 145//637
f 57//638 56//638 499//638
f 985//639 1039//639 1371//639
f 261//640 297//640 207//640
f 261//641 321//641 297//641
f 320//642 415//642 375//642
f 675//643 687//643 708//643
f 424//644 1059//644 407//644
f 261//645 207//645 233//645
f 415//646 487//646 375//646
f 543//647 567//647 517//647
f 543//648 591//648 567//648
f 627//649 628//649 657//649
f 628//650 671//650 657//650
f 671//651 703//651 657//651
f 755//652 790//652 762//652
f 790//653 161//653 287//653
f 161//654 420//654 287//654
f 323//655 324//655 363//655
f 381//656 435//656 403//656
f 34//657 1162//657 1286//657
f 1213//658 2763//658 859//658
f 312//659 321//659 261//659
f 415//660 320//660 321//660
f 416//661 487//661 415//661
f 591//662 628//662 627//662
f 715//663 703//663 671//663
f 715//664 755//664 703//664
f 178//665 161//665 790//665
f 773//666 178//666 790//666
f 420//667 161//667 504//667
f 193//668 214//668 213//668
f 694//669 707//669 748//669
f 463//670 346//670 779//670
f 2772//671 2765//671 2760//671
f 737//672 759//672 736//672
f 435//673 446//673 403//673
f 819//674 5//674 499//674
f 56//675 819//675 499//675
f 487//676 518//676 517//676
f 551//677 591//677 543//677
f 551//678 585//678 591//678
f 591//679 585//679 628//679
f 773//680 790//680 755//680
f 315//681 344//681 324//681
f 759//682 766//682 736//682
f 322//683 277//683 185//683
f 150//684 316//684 367//684
f 1426//685 2022//685 1343//685
f 376//686 415//686 321//686
f 376//687 416//687 415//687
f 416//688 518//688 487//688
f 518//689 543//689 517//689
f 518//690 551//690 543//690
f 629//691 671//691 628//691
f 715//692 773//692 755//692
f 424//693 407//693 370//693
f 195//694 890//694 1411//694
f 271//695 217//695 1193//695
f 707//696 675//696 708//696
f 998//697 274//697 5//697
f 5//698 274//698 519//698
f 1173//699 335//699 1038//699
f 2027//700 2038//700 2037//700
f 1168//701 2476//701 1177//701
f 262//702 261//702 233//702
f 262//703 312//703 261//703
f 360//704 376//704 321//704
f 518//705 544//705 551//705
f 544//706 585//706 551//706
f 629//707 628//707 585//707
f 629//708 682//708 671//708
f 682//709 715//709 671//709
f 774//710 773//710 715//710
f 757//711 581//711 747//711
f 223//712 967//712 222//712
f 1985//713 1977//713 1970//713
f 1680//714 262//714 233//714
f 312//715 360//715 321//715
f 360//716 416//716 376//716
f 360//717 458//717 416//717
f 458//718 518//718 416//718
f 682//719 716//719 715//719
f 716//720 741//720 715//720
f 741//721 774//721 715//721
f 774//722 178//722 773//722
f 812//723 161//723 178//723
f 678//724 497//724 890//724
f 2313//725 2342//725 2312//725
f 490//726 533//726 545//726
f 572//727 605//727 620//727
f 687//728 737//728 708//728
f 737//729 736//729 708//729
f 1789//730 1799//730 1606//730
f 1417//731 1490//731 1508//731
f 1457//732 739//732 300//732
f 286//733 329//733 1540//733
f 643//734 629//734 585//734
f 629//735 672//735 682//735
f 812//736 178//736 774//736
f 812//737 493//737 161//737
f 1298//738 1318//738 1287//738
f 856//739 136//739 135//739
f 323//740 362//740 314//740
f 1224//741 1038//741 335//741
f 620//742 659//742 685//742
f 545//743 556//743 532//743
f 1878//744 1706//744 1890//744
f 63//745 405//745 6//745
f 1490//746 1499//746 1508//746
f 298//747 339//747 360//747
f 312//748 298//748 360//748
f 339//749 1611//749 360//749
f 360//750 1611//750 458//750
f 1635//751 273//751 294//751
f 629//752 643//752 672//752
f 682//753 693//753 716//753
f 742//754 741//754 716//754
f 742//755 774//755 741//755
f 1790//756 1812//756 1789//756
f 214//757 266//757 253//757
f 507//758 490//758 545//758
f 633//759 687//759 675//759
f 1810//760 2631//760 2785//760
f 2163//761 720//761 1165//761
f 1330//762 2765//762 2772//762
f 672//763 693//763 682//763
f 717//764 742//764 716//764
f 742//765 775//765 774//765
f 775//766 812//766 774//766
f 87//767 493//767 812//767
f 572//768 620//768 604//768
f 362//769 363//769 433//769
f 764//770 779//770 778//770
f 111//771 155//771 110//771
f 155//772 174//772 110//772
f 63//773 6//773 286//773
f 2368//774 2362//774 1956//774
f 2342//775 1956//775 2312//775
f 286//776 1540//776 1533//776
f 42//777 102//777 1585//777
f 1812//778 1833//778 1805//778
f 693//779 717//779 716//779
f 799//780 310//780 798//780
f 155//781 190//781 174//781
f 190//782 155//782 234//782
f 249//783 1691//783 234//783
f 1509//784 1543//784 1499//784
f 1685//785 1950//785 1831//785
f 329//786 6//786 67//786
f 643//787 693//787 672//787
f 775//788 87//788 812//788
f 404//789 493//789 87//789
f 404//790 326//790 493//790
f 1329//791 1445//791 664//791
f 1095//792 352//792 425//792
f 780//793 766//793 793//793
f 388//794 447//794 305//794
f 2752//795 412//795 2775//795
f 99//796 596//796 184//796
f 745//797 1602//797 1644//797
f 1307//798 1469//798 1879//798
f 6//799 1468//799 67//799
f 1964//800 1977//800 1984//800
f 1343//801 511//801 639//801
f 718//802 732//802 717//802
f 732//803 742//803 717//803
f 775//804 404//804 87//804
f 879//805 85//805 334//805
f 766//806 780//806 758//806
f 442//807 1292//807 1940//807
f 813//808 792//808 780//808
f 132//809 155//809 111//809
f 235//810 234//810 155//810
f 210//811 235//811 155//811
f 235//812 249//812 234//812
f 1836//813 1635//813 1697//813
f 1534//814 286//814 1533//814
f 1527//815 662//815 366//815
f 1687//816 1878//816 1864//816
f 732//817 743//817 742//817
f 743//818 775//818 742//818
f 299//819 326//819 316//819
f 323//820 363//820 362//820
f 132//821 175//821 155//821
f 175//822 191//822 155//822
f 191//823 210//823 155//823
f 1045//824 1880//824 59//824
f 1468//825 710//825 166//825
f 1499//826 1543//826 1508//826
f 18//827 258//827 364//827
f 743//828 139//828 775//828
f 139//829 404//829 775//829
f 1320//830 1327//830 1290//830
f 118//831 956//831 1095//831
f 357//832 868//832 382//832
f 160//833 194//833 159//833
f 160//834 159//834 90//834
f 236//835 235//835 210//835
f 235//836 236//836 263//836
f 1437//837 2//837 64//837
f 124//838 650//838 188//838
f 1503//839 197//839 704//839
f 791//828 139//828 743//828
f 304//840 326//840 404//840
f 407//841 369//841 370//841
f 687//842 688//842 722//842
f 572//843 573//843 605//843
f 202//844 1084//844 311//844
f 686//845 707//845 694//845
f 191//846 236//846 210//846
f 488//847 530//847 1648//847
f 498//848 166//848 684//848
f 304//849 404//849 139//849
f 254//850 302//850 267//850
f 2277//851 2284//851 2263//851
f 800//852 357//852 382//852
f 537//853 328//853 1457//853
f 464//854 30//854 1664//854
f 83//855 165//855 768//855
f 530//856 553//856 571//856
f 601//857 619//857 571//857
f 1533//858 1522//858 1505//858
f 733//859 744//859 743//859
f 744//860 791//860 743//860
f 54//861 304//861 139//861
f 1333//862 1318//862 1339//862
f 2342//863 2368//863 1956//863
f 319//864 326//864 299//864
f 132//865 133//865 175//865
f 191//866 176//866 236//866
f 236//867 176//867 250//867
f 1534//868 1533//868 1523//868
f 553//869 601//869 571//869
f 744//870 745//870 791//870
f 54//871 139//871 791//871
f 737//872 722//872 759//872
f 417//873 460//873 488//873
f 632//874 619//874 601//874
f 963//875 769//875 1419//875
f 776//876 54//876 791//876
f 1408//877 1422//877 1400//877
f 390//878 1484//878 986//878
f 635//879 688//879 66//879
f 309//880 350//880 289//880
f 792//881 62//881 463//881
f 2775//882 2761//882 2773//882
f 89//883 137//883 136//883
f 133//884 176//884 191//884
f 175//885 133//885 191//885
f 176//886 237//886 250//886
f 250//887 251//887 313//887
f 460//888 489//888 488//888
f 488//889 489//889 530//889
f 554//890 553//890 530//890
f 553//891 554//891 601//891
f 1384//892 1400//892 1383//892
f 1408//893 162//893 1422//893
f 350//894 406//894 393//894
f 157//895 158//895 135//895
f 283//896 324//896 323//896
f 309//897 289//897 241//897
f 463//898 62//898 325//898
f 237//899 251//899 250//899
f 67//900 1468//900 166//900
f 418//901 460//901 417//901
f 489//902 554//902 530//902
f 632//903 673//903 619//903
f 1201//904 1196//904 1175//904
f 17//905 166//905 498//905
f 1602//906 745//906 744//906
f 763//907 776//907 745//907
f 776//908 791//908 745//908
f 478//909 54//909 776//909
f 478//910 449//910 54//910
f 449//911 304//911 54//911
f 1384//912 1383//912 1368//912
f 856//913 89//913 136//913
f 309//914 351//914 370//914
f 290//915 309//915 241//915
f 133//916 156//916 176//916
f 156//917 211//917 176//917
f 176//918 211//918 237//918
f 211//919 251//919 237//919
f 1053//920 50//920 941//920
f 418//921 417//921 361//921
f 378//922 418//922 361//922
f 418//923 461//923 460//923
f 461//924 489//924 460//924
f 586//925 601//925 554//925
f 586//926 632//926 601//926
f 763//927 777//927 776//927
f 255//928 304//928 449//928
f 255//929 367//929 304//929
f 2757//930 2706//930 2766//930
f 782//931 794//931 800//931
f 800//932 794//932 357//932
f 792//933 813//933 62//933
f 621//934 686//934 659//934
f 113//935 134//935 133//935
f 133//936 134//936 156//936
f 505//937 554//937 489//937
f 586//938 602//938 632//938
f 674//939 673//939 632//939
f 674//940 526//940 673//940
f 45//941 26//941 662//941
f 388//942 305//942 387//942
f 177//943 212//943 211//943
f 156//944 177//944 211//944
f 211//945 264//945 251//945
f 1838//946 2248//946 2254//946
f 2383//947 2362//947 2368//947
f 418//948 379//948 461//948
f 461//949 477//949 489//949
f 489//950 477//950 505//950
f 505//951 531//951 554//951
f 554//952 531//952 586//952
f 2760//953 2765//953 1208//953
f 478//954 255//954 449//954
f 346//955 26//955 255//955
f 956//956 352//956 1095//956
f 211//957 212//957 264//957
f 286//958 6//958 329//958
f 301//959 343//959 342//959
f 342//960 343//960 379//960
f 531//961 555//961 586//961
f 555//962 602//962 586//962
f 602//963 620//963 632//963
f 632//964 620//964 674//964
f 734//965 746//965 763//965
f 778//966 776//966 777//966
f 26//967 367//967 255//967
f 26//968 45//968 367//968
f 1137//969 2770//969 1158//969
f 491//970 490//970 462//970
f 1241//971 1255//971 1240//971
f 344//972 434//972 380//972
f 156//973 134//973 177//973
f 265//974 301//974 264//974
f 461//975 444//975 477//975
f 603//976 602//976 555//976
f 746//977 764//977 763//977
f 764//978 778//978 763//978
f 778//979 777//979 763//979
f 778//980 478//980 776//980
f 2029//981 663//981 2038//981
f 215//982 266//982 214//982
f 557//983 594//983 573//983
f 736//984 758//984 748//984
f 779//985 792//985 463//985
f 177//986 192//986 212//986
f 212//987 265//987 264//987
f 379//988 444//988 461//988
f 444//989 506//989 477//989
f 477//990 506//990 505//990
f 506//991 531//991 505//991
f 603//992 620//992 602//992
f 746//993 734//993 705//993
f 1318//994 1319//994 1339//994
f 351//995 424//995 370//995
f 362//996 379//996 343//996
f 362//997 433//997 379//997
f 379//998 433//998 444//998
f 532//999 555//999 531//999
f 555//1000 604//1000 603//1000
f 148//1001 705//1001 674//1001
f 2788//1002 1229//1002 1194//1002
f 346//1003 255//1003 478//1003
f 1339//1004 1319//1004 2057//1004
f 856//1005 135//1005 134//1005
f 134//1006 135//1006 177//1006
f 177//1007 135//1007 192//1007
f 314//1008 301//1008 265//1008
f 301//1009 314//1009 343//1009
f 314//1010 362//1010 343//1010
f 507//1011 506//1011 444//1011
f 532//1012 531//1012 506//1012
f 532//1013 556//1013 555//1013
f 556//1014 604//1014 555//1014
f 604//1015 620//1015 603//1015
f 779//1016 346//1016 778//1016
f 778//1017 346//1017 478//1017
f 705//1018 148//1018 153//1018
f 212//1019 252//1019 265//1019
f 507//1020 532//1020 506//1020
f 556//1021 572//1021 604//1021
f 290//1022 982//1022 309//1022
f 1086//1023 2754//1023 2753//1023
f 961//1024 1031//1024 960//1024
f 2383//1025 2401//1025 2362//1025
f 1132//1026 1145//1026 557//1026
f 1127//1027 1133//1027 1114//1027
f 941//1028 1037//1028 1070//1028
f 2386//1029 2394//1029 2377//1029
f 956//1030 118//1030 1422//1030
f 983//1031 1020//1031 1003//1031
f 926//1032 272//1032 912//1032
f 1579//1033 865//1033 852//1033
f 1020//1034 1059//1034 424//1034
f 1240//1035 1255//1035 1254//1035
f 956//1036 353//1036 352//1036
f 2414//1037 2006//1037 2401//1037
f 2768//1038 1222//1038 2753//1038
f 1090//1039 1120//1039 1114//1039
f 880//1040 984//1040 1039//1040
f 114//1041 949//1041 160//1041
f 2649//1042 923//1042 954//1042
f 1731//1043 475//1043 1293//1043
f 1131//1044 92//1044 219//1044
f 694//1045 735//1045 358//1045
f 1064//1046 1047//1046 1042//1046
f 979//1047 1827//1047 1898//1047
f 1758//1048 2055//1048 1759//1048
f 1131//1049 146//1049 92//1049
f 1078//1050 1096//1050 1107//1050
f 2765//1051 2779//1051 1208//1051
f 1131//1052 219//1052 438//1052
f 1303//1053 927//1053 721//1053
f 114//1054 160//1054 90//1054
f 2163//1055 1165//1055 1221//1055
f 1683//1056 1739//1056 1722//1056
f 520//1057 546//1057 557//1057
f 910//1058 1131//1058 438//1058
f 1068//1059 146//1059 1131//1059
f 904//1060 934//1060 952//1060
f 114//1061 903//1061 933//1061
f 435//1062 1078//1062 492//1062
f 2540//1063 2529//1063 2498//1063
f 975//1064 1063//1064 242//1064
f 1063//1065 910//1065 438//1065
f 1131//1066 862//1066 1068//1066
f 1068//1067 52//1067 146//1067
f 1057//1068 1056//1068 1040//1068
f 2769//1069 2772//1069 2786//1069
f 1002//1070 824//1070 938//1070
f 991//1071 1011//1071 999//1071
f 916//1072 882//1072 1008//1072
f 908//1073 32//1073 451//1073
f 1057//1074 1071//1074 1056//1074
f 841//1075 1063//1075 975//1075
f 969//1076 841//1076 975//1076
f 841//1077 910//1077 1063//1077
f 910//1078 909//1078 1131//1078
f 1131//1079 909//1079 862//1079
f 977//1080 52//1080 1068//1080
f 459//1081 1080//1081 1066//1081
f 459//1082 1101//1082 1080//1082
f 406//1083 459//1083 1066//1083
f 1117//1084 1121//1084 238//1084
f 983//1085 968//1085 2619//1085
f 983//1086 1003//1086 968//1086
f 969//1087 975//1087 945//1087
f 862//1088 977//1088 1068//1088
f 977//1089 1069//1089 52//1089
f 1080//1090 1101//1090 1110//1090
f 1135//1091 1141//1091 1116//1091
f 910//1092 841//1092 909//1092
f 492//1093 1078//1093 1107//1093
f 1115//1094 1116//1094 1142//1094
f 1066//1095 1065//1095 1034//1095
f 1035//1096 1020//1096 983//1096
f 1085//1097 1097//1097 1071//1097
f 1141//1098 1029//1098 1142//1098
f 122//1099 1901//1099 349//1099
f 830//1100 841//1100 969//1100
f 862//1101 116//1101 977//1101
f 1069//1102 179//1102 52//1102
f 1020//1103 1050//1103 1059//1103
f 935//1104 1006//1104 1002//1104
f 1020//1105 424//1105 351//1105
f 1043//1106 830//1106 969//1106
f 151//1107 73//1107 128//1107
f 1003//1108 1020//1108 351//1108
f 973//1109 32//1109 908//1109
f 896//1110 926//1110 929//1110
f 1901//1111 2149//1111 349//1111
f 1043//1112 969//1112 889//1112
f 841//1113 1152//1113 909//1113
f 909//1114 953//1114 862//1114
f 116//1115 1007//1115 977//1115
f 977//1116 1007//1116 1069//1116
f 22//1117 179//1117 64//1117
f 1116//1118 1141//1118 1142//1118
f 989//1119 929//1119 948//1119
f 2014//1120 2015//1120 2029//1120
f 1116//1121 1115//1121 1074//1121
f 909//1122 1152//1122 953//1122
f 862//1123 953//1123 116//1123
f 1007//1124 1015//1124 1069//1124
f 1069//1125 1015//1125 179//1125
f 982//1126 968//1126 1003//1126
f 217//1127 248//1127 1193//1127
f 772//1128 787//1128 795//1128
f 1122//1129 841//1129 830//1129
f 1122//1130 1152//1130 841//1130
f 1015//1131 198//1131 179//1131
f 906//1132 2000//1132 1985//1132
f 1254//1133 1287//1133 1253//1133
f 2463//1134 2457//1134 2469//1134
f 1150//1135 1029//1135 908//1135
f 887//1136 810//1136 795//1136
f 810//1137 887//1137 889//1137
f 116//1138 1016//1138 1007//1138
f 2149//1139 427//1139 1748//1139
f 1082//1140 959//1140 961//1140
f 908//1141 1029//1141 973//1141
f 1281//1142 1298//1142 1254//1142
f 843//1143 871//1143 921//1143
f 951//1144 921//1144 964//1144
f 934//1145 966//1145 952//1145
f 1260//1146 1234//1146 1205//1146
f 787//1147 887//1147 795//1147
f 887//1148 1043//1148 889//1148
f 953//1149 939//1149 116//1149
f 116//1150 939//1150 1016//1150
f 1016//1151 924//1151 1007//1151
f 924//1152 1015//1152 1007//1152
f 111//1153 883//1153 132//1153
f 1119//1154 1139//1154 1132//1154
f 2312//1155 1924//1155 2295//1155
f 965//1156 1001//1156 964//1156
f 2759//1157 2762//1157 2777//1157
f 887//1158 971//1158 1043//1158
f 971//1159 830//1159 1043//1159
f 971//1160 1122//1160 830//1160
f 1122//1161 925//1161 1152//1161
f 1015//1162 199//1162 198//1162
f 1398//1163 864//1163 1575//1163
f 964//1164 1000//1164 980//1164
f 1134//1165 1127//1165 1120//1165
f 1231//1166 1254//1166 1230//1166
f 925//1167 885//1167 1152//1167
f 885//1168 953//1168 1152//1168
f 427//1169 786//1169 1748//1169
f 1160//1170 607//1170 66//1170
f 368//1171 393//1171 993//1171
f 393//1172 1034//1172 993//1172
f 1109//1173 1134//1173 1120//1173
f 1072//1174 1100//1174 1089//1174
f 1011//1175 1041//1175 1024//1175
f 972//1176 873//1176 955//1176
f 1197//1177 1240//1177 1231//1177
f 1396//1178 1911//1178 1420//1178
f 887//1179 820//1179 971//1179
f 981//1180 925//1180 1122//1180
f 971//1181 981//1181 1122//1181
f 1017//1182 1016//1182 939//1182
f 1016//1183 1017//1183 924//1183
f 924//1184 1052//1184 1015//1184
f 1052//1185 199//1185 1015//1185
f 279//1186 359//1186 1702//1186
f 1197//1187 1231//1187 1201//1187
f 948//1188 596//1188 974//1188
f 1287//1189 1280//1189 1253//1189
f 920//1190 981//1190 971//1190
f 885//1191 958//1191 953//1191
f 958//1192 939//1192 953//1192
f 958//1193 1036//1193 939//1193
f 1036//1194 1017//1194 939//1194
f 1030//1195 1052//1195 924//1195
f 679//1196 64//1196 199//1196
f 851//1197 894//1197 864//1197
f 894//1198 73//1198 864//1198
f 941//1199 1070//1199 1061//1199
f 1119//1200 1099//1200 1124//1200
f 1099//1201 1125//1201 1124//1201
f 948//1202 202//1202 596//1202
f 1402//1203 1306//1203 1516//1203
f 981//1204 885//1204 925//1204
f 924//1205 1017//1205 1030//1205
f 1052//1206 679//1206 199//1206
f 855//1207 113//1207 133//1207
f 864//1208 850//1208 851//1208
f 19//1209 91//1209 947//1209
f 960//1210 879//1210 961//1210
f 1100//1211 1114//1211 1089//1211
f 1114//1212 1113//1212 1089//1212
f 1099//1213 1119//1213 1098//1213
f 900//1214 931//1214 881//1214
f 915//1215 1030//1215 1017//1215
f 1030//1216 1010//1216 1052//1216
f 1010//1217 679//1217 1052//1217
f 64//1218 679//1218 257//1218
f 1019//1219 879//1219 960//1219
f 32//1220 973//1220 935//1220
f 1114//1221 1126//1221 1113//1221
f 886//1222 885//1222 981//1222
f 850//1223 836//1223 851//1223
f 128//1224 73//1224 894//1224
f 1381//1225 1312//1225 220//1225
f 842//1226 834//1226 870//1226
f 1091//1227 1109//1227 1073//1227
f 843//1228 933//1228 903//1228
f 1099//1229 1098//1229 1079//1229
f 1061//1230 1070//1230 946//1230
f 972//1231 946//1231 873//1231
f 886//1232 844//1232 885//1232
f 844//1233 958//1233 885//1233
f 915//1234 1017//1234 1036//1234
f 1030//1235 867//1235 1010//1235
f 865//1236 894//1236 851//1236
f 91//1237 84//1237 911//1237
f 1035//1238 1050//1238 1020//1238
f 965//1239 964//1239 921//1239
f 1027//1240 1058//1240 1048//1240
f 22//1241 146//1241 52//1241
f 1053//1242 941//1242 1061//1242
f 866//1243 938//1243 794//1243
f 843//1244 903//1244 870//1244
f 2784//1245 2756//1245 2771//1245
f 784//1246 811//1246 920//1246
f 1044//1247 981//1247 920//1247
f 1044//1248 886//1248 981//1248
f 915//1249 957//1249 1030//1249
f 852//1250 865//1250 851//1250
f 1119//1251 1096//1251 1108//1251
f 635//1252 66//1252 607//1252
f 1078//1253 1071//1253 1096//1253
f 1047//1254 1041//1254 1025//1254
f 1047//1255 1054//1255 1041//1255
f 801//1256 1044//1256 920//1256
f 844//1257 905//1257 958//1257
f 958//1258 905//1258 1036//1258
f 957//1259 867//1259 1030//1259
f 867//1260 913//1260 1010//1260
f 914//1261 679//1261 1010//1261
f 913//1262 914//1262 1010//1262
f 274//1263 41//1263 519//1263
f 76//1264 894//1264 865//1264
f 1272//1265 1280//1265 1316//1265
f 992//1266 1018//1266 966//1266
f 991//1267 1025//1267 1011//1267
f 1130//1268 71//1268 1186//1268
f 922//1269 992//1269 934//1269
f 892//1270 989//1270 881//1270
f 1216//1271 1230//1271 1253//1271
f 1048//1272 1058//1272 1073//1272
f 65//1273 871//1273 843//1273
f 781//1274 722//1274 723//1274
f 974//1275 596//1275 100//1275
f 948//1276 1084//1276 202//1276
f 1076//1277 1044//1277 801//1277
f 893//1278 886//1278 1044//1278
f 893//1279 844//1279 886//1279
f 905//1280 1021//1280 1036//1280
f 1036//1281 1021//1281 915//1281
f 931//1282 900//1282 895//1282
f 2767//1283 1723//1283 807//1283
f 2364//1284 2377//1284 2393//1284
f 28//1285 1051//1285 941//1285
f 1085//1286 1054//1286 1098//1286
f 2762//1287 2774//1287 2777//1287
f 1595//1288 1575//1288 127//1288
f 1025//1289 1041//1289 1011//1289
f 1147//1290 644//1290 1146//1290
f 844//1291 942//1291 905//1291
f 915//1292 1021//1292 957//1292
f 943//1293 867//1293 957//1293
f 974//1294 100//1294 902//1294
f 1228//1295 1051//1295 647//1295
f 1054//1296 1079//1296 1098//1296
f 1054//1297 1085//1297 1057//1297
f 226//1298 781//1298 994//1298
f 781//1299 226//1299 800//1299
f 226//1300 782//1300 800//1300
f 802//1301 750//1301 997//1301
f 1076//1302 1105//1302 1044//1302
f 1105//1303 893//1303 1044//1303
f 1021//1304 943//1304 957//1304
f 1114//1305 1140//1305 1126//1305
f 450//1306 1515//1306 689//1306
f 25//1307 105//1307 14//1307
f 1477//1308 78//1308 1448//1308
f 1051//1309 930//1309 1037//1309
f 1067//1310 451//1310 226//1310
f 1067//1311 226//1311 27//1311
f 858//1312 1067//1312 27//1312
f 892//1313 896//1313 989//1313
f 1140//1314 1147//1314 1146//1314
f 932//1315 1128//1315 201//1315
f 1105//1316 1076//1316 448//1316
f 893//1317 942//1317 844//1317
f 942//1318 898//1318 905//1318
f 134//1319 113//1319 856//1319
f 946//1320 1082//1320 873//1320
f 859//1321 2763//1321 2754//1321
f 1074//1322 1091//1322 1058//1322
f 900//1323 1008//1323 882//1323
f 1073//1324 1090//1324 1064//1324
f 950//1325 991//1325 999//1325
f 921//1326 952//1326 965//1326
f 1105//1327 942//1327 893//1327
f 1158//1328 1038//1328 1224//1328
f 494//1329 242//1329 1063//1329
f 982//1330 1003//1330 351//1330
f 1133//1331 1127//1331 1149//1331
f 1128//1332 932//1332 973//1332
f 871//1333 904//1333 921//1333
f 83//1334 1513//1334 648//1334
f 1135//1335 1116//1335 1110//1335
f 973//1336 932//1336 935//1336
f 1127//1337 1148//1337 1153//1337
f 849//1338 986//1338 942//1338
f 1105//1339 849//1339 942//1339
f 986//1340 898//1340 942//1340
f 905//1341 898//1341 1430//1341
f 950//1342 254//1342 949//1342
f 935//1343 940//1343 1006//1343
f 940//1344 4//1344 1006//1344
f 932//1345 940//1345 935//1345
f 858//1346 908//1346 1067//1346
f 993//1347 992//1347 967//1347
f 1448//1348 1449//1348 504//1348
f 766//1349 798//1349 793//1349
f 892//1350 881//1350 931//1350
f 1126//1351 1146//1351 608//1351
f 904//1352 952//1352 921//1352
f 467//1353 1513//1353 83//1353
f 959//1354 882//1354 996//1354
f 310//1355 138//1355 813//1355
f 374//1356 288//1356 150//1356
f 1065//1357 1074//1357 1049//1357
f 1072//1358 1090//1358 1100//1358
f 1072//1359 1064//1359 1090//1359
f 1317//1360 1318//1360 1333//1360
f 352//1361 25//1361 14//1361
f 1053//1362 946//1362 972//1362
f 888//1363 934//1363 904//1363
f 1134//1364 1150//1364 1148//1364
f 870//1365 114//1365 90//1365
f 842//1366 870//1366 90//1366
f 986//1367 849//1367 390//1367
f 1213//1368 1019//1368 1022//1368
f 992//1369 966//1369 934//1369
f 1287//1370 1317//1370 1280//1370
f 2501//1371 1168//1371 1177//1371
f 1080//1372 1074//1372 1065//1372
f 1115//1373 1134//1373 1109//1373
f 1027//1374 1048//1374 1012//1374
f 1041//1375 1054//1375 1024//1375
f 965//1376 952//1376 1001//1376
f 1142//1377 1029//1377 1150//1377
f 1046//1378 1056//1378 435//1378
f 150//1379 288//1379 699//1379
f 334//1380 1082//1380 961//1380
f 1936//1381 1944//1381 332//1381
f 929//1382 926//1382 912//1382
f 1086//1383 2753//1383 955//1383
f 1724//1384 1144//1384 1166//1384
f 1027//1385 1012//1385 1001//1385
f 993//1386 1034//1386 992//1386
f 849//1387 1105//1387 390//1387
f 986//1388 1484//1388 898//1388
f 1484//1389 140//1389 898//1389
f 1099//1390 1113//1390 1125//1390
f 1173//1391 1930//1391 676//1391
f 49//1392 864//1392 73//1392
f 950//1393 999//1393 254//1393
f 2732//1394 2719//1394 89//1394
f 933//1395 951//1395 950//1395
f 2163//1396 2184//1396 832//1396
f 1080//1397 1116//1397 1074//1397
f 866//1398 32//1398 935//1398
f 1048//1399 1042//1399 1012//1399
f 1026//1400 1047//1400 1025//1400
f 1467//1401 1438//1401 665//1401
f 1451//1402 1472//1402 901//1402
f 1073//1403 1064//1403 1048//1403
f 1190//1404 2764//1404 1421//1404
f 334//1405 873//1405 1082//1405
f 1026//1406 1012//1406 1042//1406
f 1085//1407 1098//1407 1097//1407
f 2134//1408 2198//1408 1785//1408
f 1419//1409 2756//1409 2784//1409
f 145//1410 19//1410 947//1410
f 546//1411 1132//1411 557//1411
f 100//1412 274//1412 998//1412
f 1008//1413 100//1413 998//1413
f 1566//1414 837//1414 883//1414
f 1205//1415 1204//1415 1188//1415
f 900//1416 902//1416 1008//1416
f 1092//1417 1117//1417 1101//1417
f 1107//1418 546//1418 492//1418
f 873//1419 334//1419 85//1419
f 1746//1420 1345//1420 1421//1420
f 2293//1421 2780//1421 2345//1421
f 959//1422 895//1422 882//1422
f 1046//1423 435//1423 381//1423
f 1349//1424 1358//1424 1369//1424
f 1135//1425 1110//1425 426//1425
f 1179//1426 1205//1426 1188//1426
f 1066//1427 1080//1427 1065//1427
f 1121//1428 1411//1428 890//1428
f 1383//1429 1407//1429 1399//1429
f 2768//1430 1390//1430 1222//1430
f 2085//1431 912//1431 272//1431
f 1390//1432 1228//1432 647//1432
f 1145//1433 937//1433 633//1433
f 2666//1434 2699//1434 2685//1434
f 1119//1435 1108//1435 1098//1435
f 1113//1436 1126//1436 1125//1436
f 1125//1437 1126//1437 608//1437
f 982//1438 351//1438 309//1438
f 2782//1439 2758//1439 2766//1439
f 1153//1440 1150//1440 908//1440
f 2344//1441 2756//1441 2426//1441
f 1254//1442 1298//1442 1287//1442
f 1048//1443 1064//1443 1042//1443
f 936//1444 1252//1444 983//1444
f 1214//1445 495//1445 860//1445
f 899//1446 721//1446 927//1446
f 1749//1447 1111//1447 1668//1447
f 984//1448 1419//1448 2784//1448
f 2777//1449 1194//1449 1103//1449
f 1686//1450 807//1450 1551//1450
f 964//1451 1001//1451 1012//1451
f 1407//1452 1400//1452 1422//1452
f 937//1453 687//1453 633//1453
f 114//1454 933//1454 949//1454
f 100//1455 41//1455 274//1455
f 1008//1456 998//1456 916//1456
f 900//1457 881//1457 902//1457
f 902//1458 100//1458 1008//1458
f 927//1459 142//1459 899//1459
f 1011//1460 1024//1460 999//1460
f 2782//1461 2760//1461 1208//1461
f 1671//1462 1675//1462 718//1462
f 84//1463 91//1463 36//1463
f 451//1464 866//1464 794//1464
f 1109//1465 1120//1465 1090//1465
f 1139//1466 1160//1466 937//1466
f 406//1467 1066//1467 393//1467
f 2685//1468 2712//1468 2673//1468
f 1070//1469 1037//1469 959//1469
f 209//1470 746//1470 705//1470
f 1115//1471 1142//1471 1134//1471
f 1097//1472 1098//1472 1108//1472
f 423//1473 406//1473 394//1473
f 922//1474 888//1474 1181//1474
f 1124//1475 1139//1475 1119//1475
f 959//1476 996//1476 961//1476
f 2619//1477 936//1477 983//1477
f 998//1478 819//1478 916//1478
f 1921//1479 1331//1479 785//1479
f 974//1480 902//1480 881//1480
f 1115//1481 1109//1481 1091//1481
f 1148//1482 1150//1482 1153//1482
f 933//1483 950//1483 949//1483
f 133//1484 132//1484 855//1484
f 95//1485 408//1485 307//1485
f 1065//1486 1049//1486 992//1486
f 1034//1487 1065//1487 992//1487
f 1145//1488 1139//1488 937//1488
f 1073//1489 1109//1489 1090//1489
f 866//1490 1002//1490 938//1490
f 1173//1491 676//1491 335//1491
f 254//1492 285//1492 303//1492
f 1178//1493 1177//1493 2476//1493
f 1023//1494 1040//1494 1046//1494
f 1046//1495 1040//1495 1056//1495
f 951//1496 980//1496 950//1496
f 880//1497 927//1497 661//1497
f 928//1498 142//1498 927//1498
f 142//1499 928//1499 84//1499
f 990//1500 1222//1500 972//1500
f 883//1501 837//1501 855//1501
f 968//1502 982//1502 923//1502
f 982//1503 954//1503 923//1503
f 1119//1504 1132//1504 1096//1504
f 922//1505 934//1505 888//1505
f 1133//1506 1140//1506 1114//1506
f 950//1507 980//1507 991//1507
f 1127//1508 1153//1508 1149//1508
f 1829//1509 1864//1509 1854//1509
f 1114//1510 1120//1510 1127//1510
f 903//1511 114//1511 870//1511
f 880//1512 928//1512 927//1512
f 928//1513 911//1513 84//1513
f 787//1514 820//1514 887//1514
f 1263//1515 2158//1515 2169//1515
f 838//1516 855//1516 837//1516
f 1071//1517 1097//1517 1096//1517
f 1134//1518 1148//1518 1127//1518
f 888//1519 904//1519 871//1519
f 258//1520 305//1520 364//1520
f 1042//1521 1047//1521 1026//1521
f 999//1522 1024//1522 1023//1522
f 1023//1523 1024//1523 1040//1523
f 984//1524 880//1524 661//1524
f 961//1525 996//1525 1031//1525
f 838//1526 2750//1526 855//1526
f 2750//1527 113//1527 855//1527
f 1070//1528 959//1528 1082//1528
f 142//1529 84//1529 36//1529
f 1832//1530 1842//1530 1666//1530
f 901//1531 1084//1531 948//1531
f 1149//1532 27//1532 1147//1532
f 996//1533 962//1533 1031//1533
f 1153//1534 858//1534 1149//1534
f 1040//1535 1024//1535 1057//1535
f 919//1536 928//1536 880//1536
f 919//1537 911//1537 928//1537
f 1053//1538 972//1538 50//1538
f 1347//1539 1384//1539 1335//1539
f 1074//1540 1115//1540 1091//1540
f 1085//1541 1071//1541 1057//1541
f 1806//1542 1906//1542 2107//1542
f 1029//1543 1141//1543 1128//1543
f 1140//1544 1133//1544 1147//1544
f 897//1545 911//1545 919//1545
f 1088//1546 91//1546 911//1546
f 897//1547 1088//1547 911//1547
f 805//1548 1292//1548 442//1548
f 2750//1549 839//1549 113//1549
f 1000//1550 1012//1550 1026//1550
f 1126//1551 1140//1551 1146//1551
f 607//1552 1160//1552 1139//1552
f 2786//1553 2760//1553 2782//1553
f 91//1554 19//1554 751//1554
f 1184//1555 1175//1555 1176//1555
f 1385//1556 1400//1556 1384//1556
f 334//1557 961//1557 879//1557
f 1058//1558 1091//1558 1073//1558
f 1100//1559 1090//1559 1114//1559
f 834//1560 843//1560 870//1560
f 1149//1561 858//1561 27//1561
f 1160//1562 66//1562 937//1562
f 1092//1563 1101//1563 459//1563
f 303//1564 1023//1564 345//1564
f 985//1565 880//1565 1039//1565
f 592//1566 1429//1566 1428//1566
f 1385//1567 1408//1567 1400//1567
f 1190//1568 1421//1568 1345//1568
f 1139//1569 1145//1569 1132//1569
f 966//1570 1018//1570 1001//1570
f 1001//1571 1018//1571 1027//1571
f 1018//1572 1049//1572 1027//1572
f 1027//1573 1049//1573 1058//1573
f 1201//1574 1231//1574 1196//1574
f 883//1575 111//1575 1610//1575
f 973//1576 1029//1576 1128//1576
f 884//1577 919//1577 880//1577
f 884//1578 944//1578 919//1578
f 917//1579 897//1579 919//1579
f 944//1580 917//1580 919//1580
f 917//1581 1088//1581 897//1581
f 1056//1582 1071//1582 1078//1582
f 994//1583 723//1583 644//1583
f 1254//1584 1253//1584 1230//1584
f 1067//1585 908//1585 451//1585
f 948//1586 929//1586 901//1586
f 1149//1587 1147//1587 1133//1587
f 1072//1588 1079//1588 1054//1588
f 1000//1589 991//1589 980//1589
f 982//1590 290//1590 954//1590
f 937//1591 66//1591 687//1591
f 964//1592 980//1592 951//1592
f 891//1593 122//1593 349//1593
f 594//1594 557//1594 1145//1594
f 798//1595 310//1595 813//1595
f 985//1596 884//1596 880//1596
f 1055//1597 1088//1597 917//1597
f 1055//1598 947//1598 1088//1598
f 1055//1599 1014//1599 947//1599
f 316//1600 304//1600 367//1600
f 368//1601 993//1601 256//1601
f 393//1602 368//1602 350//1602
f 933//1603 921//1603 951//1603
f 921//1604 933//1604 843//1604
f 994//1605 781//1605 723//1605
f 938//1606 878//1606 868//1606
f 1153//1607 908//1607 858//1607
f 2313//1608 2312//1608 2295//1608
f 1096//1609 1132//1609 1107//1609
f 1110//1610 1116//1610 1080//1610
f 1072//1611 1089//1611 1079//1611
f 27//1612 226//1612 994//1612
f 1319//1613 1318//1613 1298//1613
f 1333//1614 1339//1614 1366//1614
f 2226//1615 1847//1615 1859//1615
f 222//1616 922//1616 872//1616
f 793//1617 798//1617 813//1617
f 1014//1618 145//1618 947//1618
f 1426//1619 997//1619 2022//1619
f 172//1620 206//1620 151//1620
f 1383//1621 1399//1621 1382//1621
f 447//1622 388//1622 138//1622
f 930//1623 896//1623 931//1623
f 1239//1624 248//1624 169//1624
f 946//1625 1053//1625 1061//1625
f 1026//1626 1025//1626 991//1626
f 1147//1627 27//1627 994//1627
f 967//1628 992//1628 922//1628
f 358//1629 685//1629 694//1629
f 435//1630 1056//1630 1078//1630
f 310//1631 447//1631 138//1631
f 976//1632 145//1632 1014//1632
f 100//1633 596//1633 99//1633
f 840//1634 856//1634 839//1634
f 2742//1635 840//1635 839//1635
f 839//1636 856//1636 113//1636
f 1644//1637 763//1637 745//1637
f 99//1638 606//1638 41//1638
f 930//1639 926//1639 896//1639
f 1072//1640 1054//1640 1047//1640
f 946//1641 1070//1641 1082//1641
f 1407//1642 1422//1642 995//1642
f 955//1643 85//1643 21//1643
f 992//1644 1049//1644 1018//1644
f 935//1645 1002//1645 866//1645
f 896//1646 929//1646 989//1646
f 285//1647 1023//1647 303//1647
f 677//1648 926//1648 1051//1648
f 1022//1649 884//1649 985//1649
f 1047//1650 1064//1650 1072//1650
f 944//1651 960//1651 917//1651
f 960//1652 1055//1652 917//1652
f 962//1653 1014//1653 1055//1653
f 1014//1654 962//1654 976//1654
f 1911//1655 1921//1655 2334//1655
f 1811//1656 2764//1656 1392//1656
f 746//1657 581//1657 764//1657
f 393//1658 1066//1658 1034//1658
f 222//1659 967//1659 922//1659
f 896//1660 892//1660 931//1660
f 930//1661 931//1661 1037//1661
f 1012//1662 1000//1662 964//1662
f 1037//1663 895//1663 959//1663
f 1089//1664 1099//1664 1079//1664
f 938//1665 824//1665 878//1665
f 2619//1666 968//1666 923//1666
f 744//1667 733//1667 1602//1667
f 884//1668 1019//1668 944//1668
f 1031//1669 1055//1669 960//1669
f 1031//1670 962//1670 1055//1670
f 452//1671 450//1671 275//1671
f 43//1672 201//1672 1128//1672
f 1141//1673 43//1673 1128//1673
f 451//1674 32//1674 866//1674
f 451//1675 794//1675 782//1675
f 1147//1676 994//1676 644//1676
f 301//1677 342//1677 264//1677
f 1024//1678 1054//1678 1057//1678
f 305//1679 447//1679 364//1679
f 145//1680 819//1680 56//1680
f 938//1681 868//1681 357//1681
f 1089//1682 1113//1682 1099//1682
f 1051//1683 1037//1683 941//1683
f 581//1684 746//1684 209//1684
f 1212//1685 963//1685 661//1685
f 1365//1686 1526//1686 1060//1686
f 952//1687 966//1687 1001//1687
f 999//1688 285//1688 254//1688
f 960//1689 944//1689 1019//1689
f 916//1690 145//1690 976//1690
f 996//1691 882//1691 962//1691
f 1132//1692 546//1692 1107//1692
f 895//1693 900//1693 882//1693
f 1142//1694 1150//1694 1134//1694
f 285//1695 999//1695 1023//1695
f 1023//1696 1046//1696 345//1696
f 1086//1697 987//1697 2754//1697
f 451//1698 782//1698 226//1698
f 1037//1699 931//1699 895//1699
f 1232//1700 1241//1700 1197//1700
f 989//1701 974//1701 881//1701
f 989//1702 948//1702 974//1702
f 1000//1703 1026//1703 991//1703
f 1051//1704 926//1704 930//1704
f 882//1705 976//1705 962//1705
f 976//1706 882//1706 916//1706
f 819//1707 145//1707 916//1707
f 949//1708 194//1708 160//1708
f 1506//1709 1084//1709 901//1709
f 1049//1710 1074//1710 1058//1710
f 2003//1711 2030//1711 2015//1711
f 2014//1712 2029//1712 2038//1712
f 2038//1713 663//1713 81//1713
f 1409//1714 452//1714 275//1714
f 109//1715 1354//1715 1565//1715
f 2495//1716 2515//1716 2494//1716
f 749//1717 330//1717 1118//1717
f 972//1718 955//1718 990//1718
f 1183//1719 24//1719 1329//1719
f 2003//1720 1677//1720 2030//1720
f 1248//1721 482//1721 481//1721
f 1189//1722 482//1722 1248//1722
f 2783//1723 2184//1723 2768//1723
f 480//1724 1463//1724 1373//1724
f 1871//1725 1707//1725 1855//1725
f 2651//1726 2686//1726 2639//1726
f 512//1727 593//1727 481//1727
f 1986//1728 2003//1728 1994//1728
f 2248//1729 1826//1729 2255//1729
f 117//1730 512//1730 482//1730
f 1136//1731 1466//1731 1467//1731
f 2702//1732 2738//1732 2717//1732
f 1818//1733 1838//1733 1817//1733
f 1211//1734 272//1734 677//1734
f 1176//1735 1185//1735 1184//1735
f 1320//1736 1349//1736 1327//1736
f 330//1737 749//1737 1194//1737
f 695//1738 1778//1738 783//1738
f 1825//1739 1817//1739 1838//1739
f 2777//1740 2774//1740 2788//1740
f 37//1741 1476//1741 31//1741
f 978//1742 8//1742 31//1742
f 306//1743 330//1743 2758//1743
f 525//1744 1118//1744 330//1744
f 1045//1745 1248//1745 481//1745
f 1643//1746 348//1746 663//1746
f 1271//1747 575//1747 1165//1747
f 1367//1748 480//1748 1373//1748
f 2182//1749 2178//1749 2183//1749
f 622//1750 271//1750 1194//1750
f 306//1751 525//1751 330//1751
f 1301//1752 1952//1752 1931//1752
f 2300//1753 2313//1753 2285//1753
f 1950//1754 1136//1754 1881//1754
f 2312//1755 1923//1755 1917//1755
f 2212//1756 1752//1756 1682//1756
f 452//1757 1515//1757 450//1757
f 2255//1758 2286//1758 2285//1758
f 1267//1759 1290//1759 1275//1759
f 1931//1760 1795//1760 1340//1760
f 1269//1761 1118//1761 525//1761
f 1271//1762 1211//1762 575//1762
f 485//1763 1427//1763 476//1763
f 1269//1764 1200//1764 1118//1764
f 118//1765 195//1765 1411//1765
f 1310//1766 1289//1766 1275//1766
f 1801//1767 1636//1767 1815//1767
f 1200//1768 217//1768 1322//1768
f 2125//1769 1180//1769 2442//1769
f 271//1770 622//1770 1322//1770
f 1386//1771 1423//1771 1408//1771
f 1228//1772 1221//1772 677//1772
f 2205//1773 2087//1773 2226//1773
f 1194//1774 749//1774 622//1774
f 1136//1775 1952//1775 1881//1775
f 1986//1776 1094//1776 2003//1776
f 2596//1777 2638//1777 2625//1777
f 1193//1778 248//1778 1239//1778
f 271//1779 1193//1779 216//1779
f 1103//1780 1194//1780 216//1780
f 1249//1781 1267//1781 1259//1781
f 1103//1782 216//1782 1381//1782
f 1412//1783 869//1783 1423//1783
f 1348//1784 1375//1784 1388//1784
f 869//1785 389//1785 1423//1785
f 21//1786 1086//1786 955//1786
f 2762//1787 2759//1787 2781//1787
f 1179//1788 1188//1788 1169//1788
f 1935//1789 1943//1789 1942//1789
f 1984//1790 1999//1790 1998//1790
f 1290//1791 1310//1791 1275//1791
f 1346//1792 1778//1792 40//1792
f 749//1793 1322//1793 622//1793
f 1268//1794 2150//1794 2086//1794
f 1269//1795 1417//1795 1200//1795
f 995//1796 118//1796 1411//1796
f 2040//1797 2100//1797 2165//1797
f 1424//1798 2056//1798 2107//1798
f 1886//1799 7//1799 25//1799
f 154//1800 1183//1800 336//1800
f 308//1801 1156//1801 1032//1801
f 1952//1802 1467//1802 1931//1802
f 1348//1803 1357//1803 1336//1803
f 1199//1804 1180//1804 2192//1804
f 1842//1805 1701//1805 347//1805
f 349//1806 2149//1806 1748//1806
f 1441//1807 1250//1807 75//1807
f 395//1808 1248//1808 1045//1808
f 1312//1809 2114//1809 220//1809
f 807//1810 831//1810 2293//1810
f 2781//1811 2776//1811 2187//1811
f 1310//1812 1348//1812 1289//1812
f 997//1813 1912//1813 2022//1813
f 1426//1814 639//1814 1469//1814
f 1285//1815 276//1815 1164//1815
f 1251//1816 1225//1816 2136//1816
f 1606//1817 1799//1817 1642//1817
f 1880//1818 1307//1818 59//1818
f 1348//1819 1388//1819 1387//1819
f 1162//1820 1481//1820 1546//1820
f 1381//1821 216//1821 1312//1821
f 1880//1822 1426//1822 1469//1822
f 1371//1823 2773//1823 2763//1823
f 1899//1824 2084//1824 2049//1824
f 9//1825 1247//1825 422//1825
f 1301//1826 1931//1826 1340//1826
f 1263//1827 2157//1827 2441//1827
f 1264//1828 1173//1828 1038//1828
f 495//1829 1264//1829 1038//1829
f 2770//1830 495//1830 1158//1830
f 2595//1831 2625//1831 2609//1831
f 479//1832 117//1832 1189//1832
f 1518//1833 276//1833 1285//1833
f 1829//1834 1672//1834 1864//1834
f 863//1835 1398//1835 1324//1835
f 647//1836 1051//1836 28//1836
f 50//1837 1222//1837 28//1837
f 216//1838 1193//1838 1239//1838
f 2687//1839 857//1839 65//1839
f 1188//1840 1204//1840 1187//1840
f 1346//1841 1578//1841 1778//1841
f 593//1842 1045//1842 481//1842
f 1370//1843 1445//1843 1329//1843
f 1546//1844 395//1844 767//1844
f 85//1845 955//1845 873//1845
f 2440//1846 1263//1846 2441//1846
f 1748//1847 786//1847 1858//1847
f 1170//1848 1206//1848 1179//1848
f 1239//1849 169//1849 1312//1849
f 216//1850 1239//1850 1312//1850
f 1259//1851 1258//1851 1242//1851
f 1050//1852 1035//1852 1060//1852
f 1238//1853 525//1853 306//1853
f 117//1854 1156//1854 512//1854
f 1211//1855 677//1855 575//1855
f 1348//1856 1387//1856 1386//1856
f 276//1857 570//1857 1164//1857
f 1286//1858 1162//1858 1546//1858
f 154//1859 24//1859 1183//1859
f 13//1860 1045//1860 59//1860
f 276//1861 988//1861 570//1861
f 1412//1862 1423//1862 1386//1862
f 430//1863 1166//1863 1475//1863
f 1004//1864 593//1864 512//1864
f 1666//1865 1688//1865 1673//1865
f 1881//1866 1952//1866 1301//1866
f 1004//1867 1446//1867 593//1867
f 1221//1868 575//1868 677//1868
f 9//1869 55//1869 1326//1869
f 422//1870 1247//1870 1305//1870
f 1348//1871 1336//1871 1289//1871
f 2776//1872 2787//1872 1381//1872
f 1886//1873 1202//1873 7//1873
f 1275//1874 1274//1874 1258//1874
f 2767//1875 2345//1875 2761//1875
f 1249//1876 1259//1876 1242//1876
f 1249//1877 1242//1877 1234//1877
f 1259//1878 1275//1878 1258//1878
f 1358//1879 1389//1879 1369//1879
f 1238//1880 1269//1880 525//1880
f 469//1881 1417//1881 1269//1881
f 512//1882 1156//1882 1476//1882
f 2757//1883 2766//1883 2758//1883
f 2540//1884 2549//1884 2529//1884
f 2084//1885 1405//1885 2049//1885
f 1827//1886 1945//1886 2131//1886
f 1320//1887 1291//1887 2243//1887
f 1404//1888 1412//1888 1387//1888
f 2648//1889 2661//1889 2641//1889
f 1171//1890 1181//1890 857//1890
f 857//1891 1181//1891 888//1891
f 1276//1892 1290//1892 1267//1892
f 1950//1893 1372//1893 1466//1893
f 1206//1894 1205//1894 1179//1894
f 2156//1895 2155//1895 2441//1895
f 1275//1896 1289//1896 1274//1896
f 1197//1897 1201//1897 1175//1897
f 1188//1898 1178//1898 1169//1898
f 1234//1899 1242//1899 1204//1899
f 1321//1900 1162//1900 34//1900
f 1222//1901 647//1901 28//1901
f 2724//1902 1564//1902 2746//1902
f 1208//1903 1238//1903 306//1903
f 1561//1904 1593//1904 1770//1904
f 1238//1905 706//1905 1269//1905
f 1516//1906 1830//1906 1912//1906
f 1035//1907 983//1907 1028//1907
f 13//1908 395//1908 1045//1908
f 389//1909 509//1909 353//1909
f 1880//1910 1469//1910 1307//1910
f 2779//1911 1911//1911 1137//1911
f 25//1912 7//1912 105//1912
f 678//1913 425//1913 39//1913
f 1129//1914 88//1914 587//1914
f 2150//1915 1244//1915 2086//1915
f 2441//1916 2157//1916 2156//1916
f 2273//1917 24//1917 154//1917
f 2122//1918 1350//1918 1349//1918
f 2150//1919 2098//1919 1244//1919
f 706//1920 469//1920 1269//1920
f 2258//1921 1320//1921 2243//1921
f 1706//1922 1842//1922 347//1922
f 1357//1923 1347//1923 1309//1923
f 1799//1924 1805//1924 1642//1924
f 1386//1925 1408//1925 1385//1925
f 2513//1926 2558//1926 2540//1926
f 1357//1927 1348//1927 1386//1927
f 1199//1928 1235//1928 1206//1928
f 706//1929 1238//1929 1208//1929
f 1334//1930 422//1930 1162//1930
f 1309//1931 1347//1931 1335//1931
f 1391//1932 2227//1932 769//1932
f 1830//1933 1831//1933 1950//1933
f 2345//1934 2780//1934 2755//1934
f 82//1935 34//1935 1286//1935
f 2474//1936 2489//1936 2488//1936
f 1212//1937 661//1937 513//1937
f 306//1938 2782//1938 1208//1938
f 2479//1939 2469//1939 2488//1939
f 1369//1940 1389//1940 1375//1940
f 1389//1941 1404//1941 1388//1941
f 1336//1942 1357//1942 1309//1942
f 1825//1943 1837//1943 1424//1943
f 1244//1944 2098//1944 1111//1944
f 1180//1945 1206//1945 1170//1945
f 1404//1946 1387//1946 1388//1946
f 389//1947 869//1947 509//1947
f 256//1948 993//1948 223//1948
f 646//1949 272//1949 1211//1949
f 1260//1950 1249//1950 1234//1950
f 2485//1951 2477//1951 2478//1951
f 1864//1952 1870//1952 1854//1952
f 1464//1953 1285//1953 1164//1953
f 1911//1954 2334//1954 1137//1954
f 1260//1955 1276//1955 1249//1955
f 1276//1956 1291//1956 1290//1956
f 1800//1957 1793//1957 1794//1957
f 1393//1958 1399//1958 1512//1958
f 1289//1959 1309//1959 1274//1959
f 1357//1960 1385//1960 1347//1960
f 1369//1961 1375//1961 1348//1961
f 1959//1962 500//1962 1960//1962
f 1631//1963 1656//1963 1624//1963
f 2443//1964 1906//1964 1257//1964
f 1321//1965 34//1965 568//1965
f 1349//1966 1369//1966 1337//1966
f 1223//1967 706//1967 1208//1967
f 706//1968 1223//1968 1314//1968
f 1290//1969 1327//1969 1310//1969
f 1267//1970 1275//1970 1259//1970
f 1423//1971 389//1971 1408//1971
f 1481//1972 1189//1972 1248//1972
f 164//1973 349//1973 2212//1973
f 2322//1974 2353//1974 2364//1974
f 1814//1975 1843//1975 1813//1975
f 1389//1976 1413//1976 1404//1976
f 783//1977 1353//1977 660//1977
f 1314//1978 1224//1978 706//1978
f 1224//1979 469//1979 706//1979
f 1412//1980 1386//1980 1387//1980
f 1298//1981 1281//1981 2287//1981
f 1182//1982 1395//1982 646//1982
f 1183//1983 308//1983 1032//1983
f 663//1984 348//1984 1409//1984
f 1912//1985 1830//1985 1881//1985
f 1426//1986 1343//1986 639//1986
f 1668//1987 2099//1987 1245//1987
f 1009//1988 1436//1988 1341//1988
f 1180//1989 1170//1989 2442//1989
f 1188//1990 1187//1990 1178//1990
f 1169//1991 1178//1991 2476//1991
f 1309//1992 1335//1992 1308//1992
f 1187//1993 2183//1993 1178//1993
f 389//1994 353//1994 162//1994
f 1204//1995 1242//1995 1187//1995
f 1357//1996 1386//1996 1385//1996
f 2155//1997 2125//1997 2442//1997
f 664//1998 308//1998 1329//1998
f 1830//1999 1950//1999 1881//1999
f 884//2000 1022//2000 1019//2000
f 913//2001 867//2001 943//2001
f 988//2002 1321//2002 568//2002
f 1375//2003 1389//2003 1388//2003
f 1218//2004 1257//2004 1906//2004
f 2667//2005 2691//2005 2652//2005
f 426//2006 43//2006 1141//2006
f 2774//2007 2757//2007 1229//2007
f 608//2008 1124//2008 1125//2008
f 2558//2009 2549//2009 2540//2009
f 1336//2010 1309//2010 1289//2010
f 1224//2011 335//2011 469//2011
f 1225//2012 1212//2012 1186//2012
f 2155//2013 2156//2013 2160//2013
f 1337//2014 1369//2014 1348//2014
f 425//2015 14//2015 307//2015
f 1346//2016 40//2016 664//2016
f 2022//2017 1881//2017 1301//2017
f 1327//2018 1337//2018 1310//2018
f 2155//2019 2160//2019 2125//2019
f 1137//2020 1158//2020 1223//2020
f 201//2021 86//2021 932//2021
f 768//2022 932//2022 86//2022
f 768//2023 940//2023 932//2023
f 1276//2024 1267//2024 1249//2024
f 327//2025 913//2025 943//2025
f 1335//2026 1488//2026 1308//2026
f 1409//2027 275//2027 81//2027
f 1657//2028 1642//2028 1666//2028
f 1402//2029 1516//2029 756//2029
f 162//2030 353//2030 956//2030
f 497//2031 83//2031 20//2031
f 879//2032 1019//2032 987//2032
f 1196//2033 1230//2033 1216//2033
f 508//2034 1154//2034 335//2034
f 1399//2035 1411//2035 1512//2035
f 1106//2036 327//2036 1021//2036
f 327//2037 1104//2037 913//2037
f 913//2038 1104//2038 337//2038
f 1308//2039 1488//2039 2138//2039
f 1662//2040 1013//2040 1622//2040
f 2097//2041 1182//2041 1163//2041
f 2104//2042 2129//2042 2090//2042
f 1206//2043 1235//2043 1205//2043
f 201//2044 43//2044 426//2044
f 1523//2045 1533//2045 1505//2045
f 1642//2046 1632//2046 1606//2046
f 1004//2047 37//2047 1446//2047
f 1274//2048 1309//2048 1308//2048
f 1205//2049 1234//2049 1204//2049
f 1322//2050 217//2050 271//2050
f 1390//2051 1221//2051 1228//2051
f 65//2052 857//2052 871//2052
f 238//2053 201//2053 426//2053
f 497//2054 20//2054 890//2054
f 877//2055 803//2055 2213//2055
f 677//2056 272//2056 926//2056
f 936//2057 2619//2057 2602//2057
f 1213//2058 987//2058 1019//2058
f 1117//2059 426//2059 1110//2059
f 1317//2060 1338//2060 1316//2060
f 2435//2061 1584//2061 2433//2061
f 1303//2062 721//2062 1226//2062
f 1395//2063 2085//2063 272//2063
f 608//2064 607//2064 1124//2064
f 1252//2065 1028//2065 983//2065
f 1337//2066 1348//2066 1310//2066
f 1199//2067 1206//2067 1180//2067
f 345//2068 302//2068 303//2068
f 238//2069 426//2069 1117//2069
f 1347//2070 1385//2070 1384//2070
f 1226//2071 327//2071 1106//2071
f 1226//2072 1104//2072 327//2072
f 1512//2073 1411//2073 1121//2073
f 2101//2074 2088//2074 1727//2074
f 1215//2075 1252//2075 936//2075
f 1272//2076 1316//2076 1028//2076
f 1028//2077 1316//2077 1035//2077
f 1316//2078 1060//2078 1035//2078
f 20//2079 86//2079 201//2079
f 2226//2080 2056//2080 1837//2080
f 879//2081 21//2081 85//2081
f 1226//2082 1106//2082 1191//2082
f 327//2083 943//2083 1021//2083
f 1252//2084 1272//2084 1028//2084
f 1527//2085 366//2085 387//2085
f 1243//2086 1235//2086 1199//2086
f 21//2087 879//2087 987//2087
f 890//2088 201//2088 238//2088
f 83//2089 768//2089 86//2089
f 1280//2090 1317//2090 1316//2090
f 497//2091 467//2091 83//2091
f 1184//2092 1197//2092 1175//2092
f 721//2093 899//2093 1104//2093
f 1135//2094 426//2094 1141//2094
f 1584//2095 122//2095 891//2095
f 1314//2096 1158//2096 1224//2096
f 1118//2097 1200//2097 1322//2097
f 206//2098 1834//2098 205//2098
f 890//2099 20//2099 201//2099
f 83//2100 86//2100 20//2100
f 1212//2101 1225//2101 963//2101
f 1993//2102 2015//2102 2000//2102
f 1211//2103 1182//2103 646//2103
f 749//2104 1118//2104 1322//2104
f 2097//2105 1395//2105 1182//2105
f 513//2106 1191//2106 1130//2106
f 1104//2107 1226//2107 721//2107
f 2433//2108 1584//2108 2019//2108
f 1338//2109 1060//2109 1316//2109
f 768//2110 4//2110 940//2110
f 2426//2111 1742//2111 2344//2111
f 1121//2112 890//2112 238//2112
f 389//2113 162//2113 1408//2113
f 1303//2114 1191//2114 513//2114
f 1303//2115 1226//2115 1191//2115
f 1407//2116 995//2116 1411//2116
f 1196//2117 1216//2117 1215//2117
f 2569//2118 1196//2118 1215//2118
f 1216//2119 1253//2119 1252//2119
f 1215//2120 1216//2120 1252//2120
f 1252//2121 1280//2121 1272//2121
f 1251//2122 769//2122 963//2122
f 204//2123 437//2123 665//2123
f 260//2124 649//2124 623//2124
f 46//2125 126//2125 1437//2125
f 328//2126 739//2126 1457//2126
f 1443//2127 1462//2127 1442//2127
f 1473//2128 1454//2128 1485//2128
f 2//2129 42//2129 22//2129
f 1652//2130 1537//2130 273//2130
f 1454//2131 1474//2131 1485//2131
f 1811//2132 1810//2132 2785//2132
f 44//2133 70//2133 1433//2133
f 169//2134 188//2134 2114//2134
f 1156//2135 40//2135 1476//2135
f 1434//2136 1443//2136 1442//2136
f 1525//2137 273//2137 1537//2137
f 1526//2138 1059//2138 1060//2138
f 372//2139 580//2139 44//2139
f 1373//2140 1463//2140 689//2140
f 142//2141 704//2141 899//2141
f 1970//2142 1977//2142 1959//2142
f 408//2143 371//2143 534//2143
f 1530//2144 1059//2144 1526//2144
f 1431//2145 508//2145 1192//2145
f 1721//2146 313//2146 361//2146
f 1333//2147 1366//2147 1365//2147
f 1365//2148 1510//2148 1526//2148
f 241//2149 181//2149 2649//2149
f 8//2150 756//2150 37//2150
f 89//2151 856//2151 840//2151
f 1366//2152 1486//2152 1365//2152
f 1486//2153 1510//2153 1365//2153
f 1530//2154 1526//2154 1510//2154
f 259//2155 79//2155 102//2155
f 432//2156 108//2156 1539//2156
f 1338//2157 1365//2157 1060//2157
f 1510//2158 1520//2158 1530//2158
f 47//2159 295//2159 259//2159
f 187//2160 149//2160 108//2160
f 1511//2161 1510//2161 1486//2161
f 1511//2162 1520//2162 1510//2162
f 1520//2163 1531//2163 1530//2163
f 1531//2164 468//2164 1530//2164
f 2080//2165 1486//2165 1366//2165
f 125//2166 204//2166 597//2166
f 1229//2167 2757//2167 2758//2167
f 468//2168 1545//2168 402//2168
f 665//2169 437//2169 1450//2169
f 1833//2170 1855//2170 1832//2170
f 1521//2171 1520//2171 1511//2171
f 1521//2172 1531//2172 1520//2172
f 1521//2173 1532//2173 1531//2173
f 1531//2174 1532//2174 468//2174
f 468//2175 369//2175 407//2175
f 1117//2176 1110//2176 1101//2176
f 802//2177 1426//2177 1880//2177
f 1532//2178 1545//2178 468//2178
f 539//2179 2425//2179 2031//2179
f 2213//2180 803//2180 115//2180
f 1500//2181 1521//2181 1511//2181
f 459//2182 1545//2182 1532//2182
f 459//2183 402//2183 1545//2183
f 649//2184 260//2184 244//2184
f 709//2185 464//2185 1664//2185
f 853//2186 1186//2186 71//2186
f 328//2187 537//2187 278//2187
f 1815//2188 1814//2188 1793//2188
f 1521//2189 1500//2189 1532//2189
f 1500//2190 1538//2190 1532//2190
f 1092//2191 459//2191 1532//2191
f 1538//2192 1092//2192 1532//2192
f 739//2193 365//2193 300//2193
f 1305//2194 918//2194 422//2194
f 783//2195 1102//2195 695//2195
f 2076//2196 1500//2196 1511//2196
f 197//2197 538//2197 704//2197
f 998//2198 5//2198 819//2198
f 300//2199 365//2199 123//2199
f 1117//2200 1092//2200 1538//2200
f 1593//2201 1794//2201 1780//2201
f 1463//2202 422//2202 1334//2202
f 1512//2203 1538//2203 1500//2203
f 419//2204 914//2204 337//2204
f 829//2205 413//2205 484//2205
f 1463//2206 1334//2206 689//2206
f 349//2207 1748//2207 1752//2207
f 1789//2208 1812//2208 1799//2208
f 1325//2209 906//2209 1970//2209
f 905//2210 1430//2210 1021//2210
f 1814//2211 1674//2211 1843//2211
f 1121//2212 1117//2212 1538//2212
f 1920//2213 1325//2213 1960//2213
f 1481//2214 1305//2214 1189//2214
f 771//2215 795//2215 809//2215
f 1838//2216 1850//2216 1825//2216
f 187//2217 125//2217 149//2217
f 1312//2218 169//2218 2114//2218
f 1453//2219 1493//2219 1509//2219
f 16//2220 296//2220 1494//2220
f 650//2221 636//2221 372//2221
f 72//2222 30//2222 499//2222
f 397//2223 711//2223 51//2223
f 441//2224 1268//2224 475//2224
f 2343//2225 2353//2225 2332//2225
f 30//2226 578//2226 499//2226
f 257//2227 1447//2227 1437//2227
f 1442//2228 1453//2228 1154//2228
f 1493//2229 1485//2229 1525//2229
f 29//2230 30//2230 464//2230
f 93//2231 46//2231 1447//2231
f 561//2232 51//2232 10//2232
f 508//2233 1442//2233 1154//2233
f 1437//2234 126//2234 2//2234
f 245//2235 1484//2235 390//2235
f 537//2236 1457//2236 244//2236
f 711//2237 853//2237 698//2237
f 1032//2238 117//2238 479//2238
f 597//2239 372//2239 636//2239
f 2095//2240 188//2240 650//2240
f 126//2241 102//2241 2//2241
f 167//2242 547//2242 548//2242
f 1539//2243 1543//2243 432//2243
f 278//2244 537//2244 44//2244
f 698//2245 548//2245 579//2245
f 16//2246 698//2246 296//2246
f 78//2247 579//2247 230//2247
f 51//2248 16//2248 10//2248
f 853//2249 1491//2249 698//2249
f 1443//2250 1454//2250 1473//2250
f 1719//2251 400//2251 1708//2251
f 1438//2252 278//2252 665//2252
f 437//2253 1699//2253 383//2253
f 296//2254 698//2254 579//2254
f 2//2255 102//2255 42//2255
f 1685//2256 1819//2256 1372//2256
f 1438//2257 328//2257 278//2257
f 1438//2258 739//2258 328//2258
f 1434//2259 1431//2259 1192//2259
f 36//2260 1502//2260 1503//2260
f 1062//2261 561//2261 10//2261
f 1225//2262 1186//2262 414//2262
f 1432//2263 1436//2263 1435//2263
f 711//2264 414//2264 853//2264
f 296//2265 579//2265 78//2265
f 579//2266 548//2266 230//2266
f 547//2267 140//2267 1484//2267
f 650//2268 372//2268 2095//2268
f 68//2269 185//2269 410//2269
f 110//2270 174//2270 1609//2270
f 2145//2271 1432//2271 1434//2271
f 594//2272 1145//2272 621//2272
f 131//2273 16//2273 1494//2273
f 230//2274 548//2274 245//2274
f 1462//2275 1443//2275 1479//2275
f 699//2276 299//2276 316//2276
f 1667//2277 1544//2277 170//2277
f 536//2278 244//2278 47//2278
f 1508//2279 1543//2279 1539//2279
f 694//2280 685//2280 686//2280
f 1804//2281 1656//2281 1829//2281
f 1301//2282 1087//2282 1167//2282
f 1429//2283 1434//2283 1192//2283
f 1502//2284 1439//2284 197//2284
f 649//2285 244//2285 536//2285
f 1501//2286 1439//2286 1502//2286
f 1473//2287 1485//2287 1493//2287
f 414//2288 1186//2288 853//2288
f 891//2289 349//2289 164//2289
f 906//2290 1993//2290 2000//2290
f 2788//2291 2774//2291 1229//2291
f 1491//2292 167//2292 548//2292
f 1491//2293 71//2293 140//2293
f 636//2294 650//2294 124//2294
f 709//2295 1501//2295 1502//2295
f 187//2296 108//2296 432//2296
f 519//2297 72//2297 499//2297
f 248//2298 124//2298 169//2298
f 538//2299 1447//2299 419//2299
f 295//2300 1457//2300 300//2300
f 187//2301 69//2301 125//2301
f 38//2302 72//2302 519//2302
f 16//2303 131//2303 10//2303
f 1503//2304 704//2304 142//2304
f 1121//2305 1538//2305 1512//2305
f 698//2306 1491//2306 548//2306
f 260//2307 537//2307 244//2307
f 125//2308 103//2308 204//2308
f 93//2309 536//2309 46//2309
f 1268//2310 2106//2310 1401//2310
f 1325//2311 1970//2311 1960//2311
f 1780//2312 1789//2312 1592//2312
f 41//2313 100//2313 99//2313
f 93//2314 538//2314 197//2314
f 536//2315 126//2315 46//2315
f 1819//2316 1669//2316 365//2316
f 31//2317 1102//2317 978//2317
f 698//2318 16//2318 51//2318
f 1494//2319 296//2319 683//2319
f 683//2320 296//2320 78//2320
f 1494//2321 168//2321 131//2321
f 2//2322 22//2322 64//2322
f 8//2323 978//2323 1306//2323
f 739//2324 1372//2324 365//2324
f 1479//2325 1473//2325 1493//2325
f 10//2326 131//2326 130//2326
f 768//2327 165//2327 4//2327
f 2782//2328 306//2328 2758//2328
f 1479//2329 1493//2329 1453//2329
f 1684//2330 58//2330 1306//2330
f 1452//2331 1285//2331 1464//2331
f 203//2332 168//2332 443//2332
f 44//2333 260//2333 623//2333
f 230//2334 245//2334 504//2334
f 494//2335 1063//2335 438//2335
f 466//2336 504//2336 245//2336
f 1814//2337 1834//2337 1674//2337
f 1515//2338 1373//2338 689//2338
f 912//2339 2085//2339 1451//2339
f 47//2340 259//2340 126//2340
f 140//2341 547//2341 167//2341
f 548//2342 547//2342 245//2342
f 1448//2343 504//2343 161//2343
f 467//2344 39//2344 1513//2344
f 83//2345 648//2345 165//2345
f 247//2346 279//2346 246//2346
f 372//2347 597//2347 580//2347
f 596//2348 202//2348 184//2348
f 899//2349 337//2349 1104//2349
f 1//2350 711//2350 397//2350
f 1509//2351 1525//2351 1536//2351
f 2137//2352 414//2352 1//2352
f 648//2353 183//2353 165//2353
f 165//2354 183//2354 4//2354
f 217//2355 1539//2355 248//2355
f 397//2356 51//2356 561//2356
f 69//2357 103//2357 125//2357
f 197//2358 649//2358 93//2358
f 1692//2359 273//2359 1635//2359
f 8//2360 1402//2360 756//2360
f 408//2361 1513//2361 39//2361
f 93//2362 649//2362 536//2362
f 1439//2363 623//2363 649//2363
f 408//2364 534//2364 1513//2364
f 912//2365 1451//2365 929//2365
f 230//2366 504//2366 1449//2366
f 1439//2367 649//2367 197//2367
f 1447//2368 46//2368 1437//2368
f 70//2369 623//2369 1439//2369
f 1438//2370 1466//2370 739//2370
f 739//2371 1466//2371 1372//2371
f 1888//2372 2332//2372 2302//2372
f 1842//2373 1706//2373 1688//2373
f 244//2374 1457//2374 295//2374
f 335//2375 676//2375 508//2375
f 498//2376 305//2376 258//2376
f 60//2377 4//2377 183//2377
f 1002//2378 1006//2378 4//2378
f 60//2379 1002//2379 4//2379
f 2285//2380 2286//2380 2300//2380
f 2769//2381 2786//2381 2766//2381
f 547//2382 1484//2382 245//2382
f 295//2383 300//2383 79//2383
f 184//2384 606//2384 99//2384
f 536//2385 47//2385 126//2385
f 101//2386 70//2386 1501//2386
f 1497//2387 101//2387 1501//2387
f 1200//2388 1508//2388 1539//2388
f 534//2389 1504//2389 1513//2389
f 1504//2390 648//2390 1513//2390
f 648//2391 658//2391 183//2391
f 1996//2392 291//2392 2212//2392
f 1491//2393 140//2393 167//2393
f 683//2394 78//2394 1477//2394
f 247//2395 246//2395 232//2395
f 1592//2396 1789//2396 1606//2396
f 1442//2397 508//2397 1431//2397
f 295//2398 79//2398 259//2398
f 36//2399 182//2399 709//2399
f 648//2400 1504//2400 658//2400
f 183//2401 658//2401 94//2401
f 94//2402 60//2402 183//2402
f 48//2403 364//2403 868//2403
f 184//2404 228//2404 606//2404
f 1442//2405 1479//2405 1453//2405
f 443//2406 683//2406 1477//2406
f 131//2407 168//2407 35//2407
f 371//2408 1075//2408 534//2408
f 1075//2409 1504//2409 534//2409
f 824//2410 1002//2410 60//2410
f 1543//2411 187//2411 432//2411
f 1793//2412 1790//2412 1780//2412
f 144//2413 60//2413 94//2413
f 144//2414 824//2414 60//2414
f 711//2415 698//2415 51//2415
f 300//2416 123//2416 79//2416
f 168//2417 1494//2417 683//2417
f 1075//2418 1495//2418 1504//2418
f 1504//2419 1528//2419 658//2419
f 1485//2420 1474//2420 294//2420
f 1462//2421 1479//2421 1442//2421
f 169//2422 124//2422 188//2422
f 103//2423 1712//2423 204//2423
f 704//2424 419//2424 899//2424
f 2601//2425 2619//2425 923//2425
f 1495//2426 1528//2426 1504//2426
f 144//2427 878//2427 824//2427
f 1493//2428 1525//2428 1509//2428
f 1434//2429 1442//2429 1431//2429
f 988//2430 568//2430 570//2430
f 658//2431 377//2431 94//2431
f 377//2432 144//2432 94//2432
f 1208//2433 2779//2433 1223//2433
f 1432//2434 2145//2434 1547//2434
f 1864//2435 1878//2435 1870//2435
f 1878//2436 2689//2436 1870//2436
f 221//2437 1495//2437 1075//2437
f 36//2438 709//2438 1502//2438
f 1191//2439 71//2439 1130//2439
f 71//2440 1191//2440 1430//2440
f 538//2441 93//2441 1447//2441
f 519//2442 41//2442 606//2442
f 1746//2443 2187//2443 332//2443
f 2783//2444 1174//2444 2184//2444
f 658//2445 1528//2445 377//2445
f 377//2446 12//2446 144//2446
f 1451//2447 901//2447 929//2447
f 537//2448 260//2448 44//2448
f 209//2449 705//2449 153//2449
f 2706//2450 2757//2450 2631//2450
f 1437//2451 64//2451 257//2451
f 1790//2452 1813//2452 1812//2452
f 1501//2453 70//2453 1439//2453
f 395//2454 13//2454 767//2454
f 1723//2455 2767//2455 2775//2455
f 112//2456 144//2456 12//2456
f 112//2457 878//2457 144//2457
f 1460//2458 1497//2458 1501//2458
f 2523//2459 2532//2459 2508//2459
f 1998//2460 1999//2460 2013//2460
f 660//2461 1684//2461 1102//2461
f 2753//2462 1222//2462 990//2462
f 1928//2463 1943//2463 1935//2463
f 1492//2464 1514//2464 1495//2464
f 1495//2465 1514//2465 1528//2465
f 112//2466 48//2466 878//2466
f 878//2467 48//2467 868//2467
f 1283//2468 292//2468 1203//2468
f 1200//2469 1417//2469 1508//2469
f 747//2470 735//2470 748//2470
f 735//2471 747//2471 358//2471
f 1528//2472 1529//2472 377//2472
f 12//2473 377//2473 112//2473
f 112//2474 1440//2474 48//2474
f 18//2475 364//2475 48//2475
f 747//2476 483//2476 358//2476
f 2426//2477 1419//2477 769//2477
f 483//2478 153//2478 358//2478
f 358//2479 153//2479 148//2479
f 871//2480 857//2480 888//2480
f 1514//2481 1529//2481 1528//2481
f 1440//2482 18//2482 48//2482
f 414//2483 711//2483 1//2483
f 757//2484 747//2484 748//2484
f 1361//2485 1//2485 397//2485
f 126//2486 259//2486 102//2486
f 1762//2487 1514//2487 1492//2487
f 293//2488 1440//2488 112//2488
f 168//2489 683//2489 443//2489
f 149//2490 125//2490 597//2490
f 1529//2491 631//2491 377//2491
f 377//2492 631//2492 112//2492
f 747//2493 581//2493 483//2493
f 581//2494 153//2494 483//2494
f 2037//2495 1452//2495 1464//2495
f 1762//2496 1505//2496 1514//2496
f 258//2497 18//2497 1440//2497
f 35//2498 203//2498 186//2498
f 277//2499 35//2499 186//2499
f 228//2500 38//2500 606//2500
f 2020//2501 2027//2501 2037//2501
f 1505//2502 1529//2502 1514//2502
f 631//2503 354//2503 112//2503
f 112//2504 354//2504 293//2504
f 293//2505 17//2505 1440//2505
f 17//2506 258//2506 1440//2506
f 606//2507 38//2507 519//2507
f 1931//2508 1467//2508 1795//2508
f 358//2509 148//2509 685//2509
f 1505//2510 1522//2510 1529//2510
f 1529//2511 1540//2511 631//2511
f 409//2512 293//2512 354//2512
f 409//2513 17//2513 293//2513
f 705//2514 526//2514 674//2514
f 1189//2515 117//2515 482//2515
f 13//2516 59//2516 1406//2516
f 1522//2517 1540//2517 1529//2517
f 526//2518 734//2518 1602//2518
f 906//2519 1332//2519 1994//2519
f 578//2520 30//2520 29//2520
f 1543//2521 1536//2521 187//2521
f 2625//2522 2666//2522 2609//2522
f 1984//2523 1977//2523 1999//2523
f 2459//2524 1170//2524 1179//2524
f 245//2525 390//2525 448//2525
f 1546//2526 1481//2526 395//2526
f 1485//2527 273//2527 1525//2527
f 187//2528 1536//2528 69//2528
f 372//2529 44//2529 1433//2529
f 78//2530 230//2530 1449//2530
f 1679//2531 673//2531 526//2531
f 168//2532 203//2532 35//2532
f 1540//2533 354//2533 631//2533
f 17//2534 498//2534 258//2534
f 498//2535 684//2535 305//2535
f 2768//2536 2163//2536 1390//2536
f 1491//2537 853//2537 71//2537
f 1436//2538 1454//2538 1443//2538
f 1540//2539 329//2539 354//2539
f 329//2540 67//2540 409//2540
f 354//2541 329//2541 409//2541
f 409//2542 67//2542 17//2542
f 67//2543 166//2543 17//2543
f 1421//2544 2781//2544 2187//2544
f 1435//2545 1436//2545 1443//2545
f 499//2546 578//2546 57//2546
f 1162//2547 918//2547 1481//2547
f 2013//2548 2021//2548 2020//2548
f 2021//2549 2027//2549 2020//2549
f 1307//2550 1406//2550 59//2550
f 1533//2551 1540//2551 1522//2551
f 205//2552 1636//2552 171//2552
f 2248//2553 2264//2553 2254//2553
f 1730//2554 398//2554 1737//2554
f 1670//2555 1680//2555 1661//2555
f 1630//2556 1675//2556 1641//2556
f 1751//2557 1697//2557 1474//2557
f 170//2558 1641//2558 1647//2558
f 1746//2559 1421//2559 2187//2559
f 1602//2560 734//2560 1644//2560
f 2761//2561 2345//2561 2754//2561
f 638//2562 625//2562 681//2562
f 1304//2563 1506//2563 1507//2563
f 294//2564 1697//2564 1635//2564
f 1619//2565 129//2565 107//2565
f 1667//2566 571//2566 1544//2566
f 1644//2567 734//2567 763//2567
f 173//2568 233//2568 208//2568
f 2754//2569 2755//2569 2753//2569
f 1645//2570 1658//2570 1696//2570
f 1448//2571 161//2571 319//2571
f 1653//2572 147//2572 1679//2572
f 1563//2573 1575//2573 1595//2573
f 2770//2574 860//2574 495//2574
f 1709//2575 1714//2575 1725//2575
f 630//2576 643//2576 585//2576
f 1595//2577 127//2577 1636//2577
f 571//2578 619//2578 1544//2578
f 2184//2579 2163//2579 2768//2579
f 2333//2580 2343//2580 2315//2580
f 1696//2581 585//2581 544//2581
f 250//2582 313//2582 1704//2582
f 121//2583 400//2583 1719//2583
f 1498//2584 1304//2584 1507//2584
f 1618//2585 1658//2585 1645//2585
f 488//2586 398//2586 1730//2586
f 1927//2587 2333//2587 2323//2587
f 2428//2588 829//2588 2427//2588
f 1625//2589 712//2589 1882//2589
f 1214//2590 1264//2590 495//2590
f 1832//2591 1855//2591 1701//2591
f 1708//2592 1702//2592 1719//2592
f 398//2593 1618//2593 1612//2593
f 820//2594 784//2594 920//2594
f 298//2595 1709//2595 339//2595
f 1670//2596 234//2596 1691//2596
f 652//2597 588//2597 598//2597
f 2284//2598 2313//2598 2295//2598
f 1419//2599 2426//2599 2756//2599
f 263//2600 1704//2600 1714//2600
f 1563//2601 1595//2601 1594//2601
f 1621//2602 713//2602 752//2602
f 1577//2603 588//2603 609//2603
f 312//2604 262//2604 298//2604
f 2292//2605 332//2605 2187//2605
f 235//2606 263//2606 249//2606
f 718//2607 1630//2607 732//2607
f 1537//2608 1652//2608 53//2608
f 1714//2609 1737//2609 1725//2609
f 249//2610 1709//2610 298//2610
f 236//2611 1704//2611 263//2611
f 1619//2612 107//2612 1600//2612
f 1611//2613 1617//2613 1612//2613
f 1704//2614 1721//2614 1714//2614
f 1774//2615 1664//2615 72//2615
f 1582//2616 1565//2616 1610//2616
f 1712//2617 1678//2617 1155//2617
f 1712//2618 53//2618 1678//2618
f 77//2619 1579//2619 106//2619
f 1608//2620 1626//2620 1600//2620
f 1893//2621 1894//2621 1900//2621
f 1398//2622 1563//2622 1324//2622
f 1563//2623 1398//2623 1575//2623
f 2766//2624 2786//2624 2782//2624
f 1222//2625 50//2625 972//2625
f 1661//2626 173//2626 1619//2626
f 1665//2627 630//2627 1696//2627
f 127//2628 171//2628 1636//2628
f 1674//2629 231//2629 246//2629
f 625//2630 1703//2630 609//2630
f 1229//2631 2758//2631 330//2631
f 1699//2632 1712//2632 1155//2632
f 1610//2633 111//2633 110//2633
f 174//2634 190//2634 1638//2634
f 1721//2635 1730//2635 1737//2635
f 1213//2636 1371//2636 2763//2636
f 1723//2637 1551//2637 807//2637
f 339//2638 1709//2638 1725//2638
f 1653//2639 1630//2639 1641//2639
f 1611//2640 1612//2640 458//2640
f 587//2641 1663//2641 1129//2641
f 383//2642 1699//2642 1155//2642
f 1579//2643 1600//2643 107//2643
f 1972//2644 1968//2644 680//2644
f 2174//2645 1686//2645 1551//2645
f 571//2646 1667//2646 530//2646
f 264//2647 342//2647 251//2647
f 936//2648 2602//2648 1215//2648
f 987//2649 859//2649 2754//2649
f 262//2650 1700//2650 298//2650
f 1675//2651 1630//2651 718//2651
f 1701//2652 1855//2652 1710//2652
f 347//2653 1710//2653 1713//2653
f 1701//2654 1710//2654 347//2654
f 1718//2655 356//2655 1713//2655
f 1710//2656 1718//2656 1713//2656
f 2448//2657 2455//2657 2447//2657
f 1612//2658 1645//2658 544//2658
f 313//2659 1721//2659 1704//2659
f 785//2660 2770//2660 2334//2660
f 1630//2661 733//2661 732//2661
f 941//2662 50//2662 28//2662
f 1700//2663 249//2663 298//2663
f 1689//2664 1708//2664 1707//2664
f 170//2665 1653//2665 1641//2665
f 1686//2666 1210//2666 803//2666
f 2247//2667 1554//2667 804//2667
f 2785//2668 2631//2668 2757//2668
f 1746//2669 1944//2669 1995//2669
f 1562//2670 1607//2670 1794//2670
f 249//2671 1700//2671 1691//2671
f 1544//2672 619//2672 147//2672
f 1648//2673 1667//2673 1658//2673
f 608//2674 1146//2674 644//2674
f 318//2675 268//2675 595//2675
f 1200//2676 1539//2676 217//2676
f 437//2677 204//2677 1699//2677
f 1737//2678 1617//2678 1611//2678
f 1626//2679 190//2679 1670//2679
f 1670//2680 190//2680 234//2680
f 954//2681 241//2681 2649//2681
f 1663//2682 587//2682 318//2682
f 609//2683 588//2683 625//2683
f 1641//2684 1671//2684 643//2684
f 170//2685 1544//2685 147//2685
f 544//2686 518//2686 458//2686
f 1659//2687 638//2687 229//2687
f 229//2688 1621//2688 752//2688
f 595//2689 1620//2689 1627//2689
f 361//2690 417//2690 1721//2690
f 734//2691 526//2691 705//2691
f 625//2692 637//2692 1703//2692
f 831//2693 877//2693 1174//2693
f 1638//2694 1626//2694 1608//2694
f 1686//2695 803//2695 831//2695
f 637//2696 1659//2696 1703//2696
f 2392//2697 2031//2697 2425//2697
f 1728//2698 359//2698 401//2698
f 2284//2699 2295//2699 1885//2699
f 2301//2700 2330//2700 2313//2700
f 2455//2701 2467//2701 2466//2701
f 317//2702 243//2702 1651//2702
f 268//2703 1620//2703 595//2703
f 268//2704 270//2704 1620//2704
f 359//2705 1728//2705 1702//2705
f 1735//2706 1719//2706 1728//2706
f 1737//2707 398//2707 1617//2707
f 630//2708 1641//2708 643//2708
f 205//2709 1834//2709 1815//2709
f 417//2710 1730//2710 1721//2710
f 1566//2711 1610//2711 1565//2711
f 1997//2712 1989//2712 2401//2712
f 2174//2713 1210//2713 1686//2713
f 1596//2714 1703//2714 1576//2714
f 1663//2715 595//2715 1736//2715
f 1629//2716 808//2716 1195//2716
f 471//2717 163//2717 1745//2717
f 530//2718 1667//2718 1648//2718
f 2732//2719 89//2719 840//2719
f 1589//2720 1588//2720 1567//2720
f 1752//2721 1748//2721 2099//2721
f 243//2722 1585//2722 1586//2722
f 1691//2723 1700//2723 262//2723
f 1586//2724 1585//2724 79//2724
f 1703//2725 1659//2725 1634//2725
f 595//2726 1627//2726 1622//2726
f 865//2727 1579//2727 77//2727
f 1674//2728 246//2728 1689//2728
f 1649//2729 317//2729 1651//2729
f 1620//2730 270//2730 1649//2730
f 1696//2731 630//2731 585//2731
f 1710//2732 1707//2732 1718//2732
f 1371//2733 2771//2733 2773//2733
f 1649//2734 1651//2734 1598//2734
f 2392//2735 2391//2735 2367//2735
f 1703//2736 1634//2736 1576//2736
f 2297//2737 2292//2737 1554//2737
f 2120//2738 2061//2738 2050//2738
f 407//2739 1059//2739 468//2739
f 1921//2740 785//2740 2334//2740
f 2255//2741 2264//2741 2248//2741
f 342//2742 313//2742 251//2742
f 1568//2743 1589//2743 2580//2743
f 1624//2744 1623//2744 1589//2744
f 1627//2745 1633//2745 1662//2745
f 752//2746 770//2746 1693//2746
f 249//2747 263//2747 1709//2747
f 270//2748 317//2748 1649//2748
f 2186//2749 2107//2749 2087//2749
f 2254//2750 1850//2750 1838//2750
f 825//2751 690//2751 1220//2751
f 1574//2752 1607//2752 1550//2752
f 1568//2753 1624//2753 1589//2753
f 2173//2754 1394//2754 2242//2754
f 1651//2755 1597//2755 1598//2755
f 1489//2756 1692//2756 1635//2756
f 1630//2757 1679//2757 1602//2757
f 637//2758 625//2758 638//2758
f 1620//2759 1649//2759 1698//2759
f 1580//2760 1581//2760 1608//2760
f 279//2761 1702//2761 246//2761
f 1647//2762 630//2762 1665//2762
f 1590//2763 1568//2763 1569//2763
f 1590//2764 1624//2764 1568//2764
f 268//2765 269//2765 270//2765
f 1627//2766 1620//2766 1633//2766
f 270//2767 269//2767 141//2767
f 1590//2768 1631//2768 1624//2768
f 521//2769 333//2769 1416//2769
f 1561//2770 1573//2770 2670//2770
f 1707//2771 1708//2771 373//2771
f 347//2772 1713//2772 355//2772
f 1619//2773 173//2773 129//2773
f 609//2774 1703//2774 1596//2774
f 1565//2775 1354//2775 1566//2775
f 1709//2776 263//2776 1714//2776
f 581//2777 757//2777 765//2777
f 318//2778 595//2778 1663//2778
f 411//2779 891//2779 164//2779
f 1622//2780 1736//2780 595//2780
f 2714//2781 834//2781 842//2781
f 1681//2782 1515//2782 348//2782
f 2643//2783 222//2783 2630//2783
f 1670//2784 1661//2784 1619//2784
f 1549//2785 1562//2785 1561//2785
f 229//2786 638//2786 1621//2786
f 1725//2787 1737//2787 1611//2787
f 2722//2788 2745//2788 1550//2788
f 1615//2789 1631//2789 1590//2789
f 1575//2790 864//2790 49//2790
f 1903//2791 680//2791 1968//2791
f 1657//2792 1666//2792 1673//2792
f 1673//2793 1688//2793 1687//2793
f 1609//2794 174//2794 1638//2794
f 204//2795 1712//2795 1699//2795
f 1647//2796 1665//2796 1658//2796
f 205//2797 1815//2797 1636//2797
f 637//2798 638//2798 1659//2798
f 1558//2799 1570//2799 1569//2799
f 1569//2800 1570//2800 1590//2800
f 1679//2801 526//2801 1602//2801
f 1714//2802 1721//2802 1737//2802
f 1667//2803 1647//2803 1658//2803
f 2342//2804 2384//2804 2383//2804
f 2368//2805 2342//2805 2383//2805
f 1643//2806 1603//2806 348//2806
f 1550//2807 1607//2807 1562//2807
f 1680//2808 1670//2808 1691//2808
f 743//2809 732//2809 733//2809
f 1562//2810 1593//2810 1561//2810
f 280//2811 359//2811 279//2811
f 1637//2812 58//2812 1684//2812
f 1637//2813 1685//2813 58//2813
f 1669//2814 1819//2814 1685//2814
f 1611//2815 339//2815 1725//2815
f 863//2816 864//2816 1398//2816
f 1590//2817 1570//2817 1615//2817
f 1580//2818 1608//2818 1600//2818
f 246//2819 1702//2819 1689//2819
f 1689//2820 1702//2820 1708//2820
f 1975//2821 1963//2821 1957//2821
f 2242//2822 455//2822 2329//2822
f 720//2823 1271//2823 1165//2823
f 1603//2824 1681//2824 348//2824
f 1228//2825 677//2825 1051//2825
f 1612//2826 1618//2826 1645//2826
f 239//2827 318//2827 587//2827
f 2383//2828 2414//2828 2401//2828
f 855//2829 132//2829 883//2829
f 1627//2830 1662//2830 1622//2830
f 2410//2831 874//2831 2434//2831
f 1651//2832 243//2832 1586//2832
f 1661//2833 1680//2833 233//2833
f 96//2834 239//2834 587//2834
f 2435//2835 2433//2835 2006//2835
f 2414//2836 2435//2836 2006//2836
f 1580//2837 1600//2837 1579//2837
f 1595//2838 1636//2838 1801//2838
f 229//2839 104//2839 1659//2839
f 1692//2840 396//2840 1652//2840
f 2447//2841 2455//2841 2446//2841
f 1871//2842 1689//2842 1707//2842
f 1595//2843 1801//2843 1594//2843
f 1641//2844 630//2844 1647//2844
f 1608//2845 1609//2845 1638//2845
f 2254//2846 2264//2846 2263//2846
f 1677//2847 1643//2847 2039//2847
f 1639//2848 1681//2848 1603//2848
f 1579//2849 852//2849 2746//2849
f 1667//2850 170//2850 1647//2850
f 979//2851 1553//2851 1733//2851
f 681//2852 1621//2852 638//2852
f 1649//2853 1598//2853 1698//2853
f 1669//2854 1685//2854 1637//2854
f 852//2855 851//2855 836//2855
f 1571//2856 1605//2856 1570//2856
f 1605//2857 1615//2857 1570//2857
f 1600//2858 1626//2858 1619//2858
f 673//2859 147//2859 619//2859
f 1581//2860 1609//2860 1608//2860
f 1975//2861 1990//2861 2379//2861
f 2263//2862 2284//2862 1885//2862
f 1677//2863 1676//2863 1643//2863
f 1676//2864 1583//2864 1643//2864
f 1643//2865 1583//2865 1603//2865
f 1654//2866 480//2866 1639//2866
f 1661//2867 233//2867 173//2867
f 1691//2868 262//2868 1680//2868
f 229//2869 752//2869 1693//2869
f 104//2870 229//2870 1693//2870
f 1581//2871 1582//2871 1609//2871
f 458//2872 1612//2872 544//2872
f 373//2873 1718//2873 1707//2873
f 1656//2874 1672//2874 1829//2874
f 1664//2875 30//2875 72//2875
f 1650//2876 1676//2876 1677//2876
f 1583//2877 1614//2877 1603//2877
f 1614//2878 1639//2878 1603//2878
f 379//2879 378//2879 342//2879
f 1619//2880 1626//2880 1670//2880
f 2401//2881 2006//2881 1997//2881
f 240//2882 33//2882 243//2882
f 1050//2883 1060//2883 1059//2883
f 1617//2884 398//2884 1612//2884
f 2605//2885 1559//2885 1558//2885
f 1605//2886 1591//2886 1615//2886
f 1547//2887 592//2887 1771//2887
f 1730//2888 417//2888 488//2888
f 355//2889 1713//2889 356//2889
f 818//2890 2175//2890 1604//2890
f 1618//2891 1648//2891 1658//2891
f 1646//2892 1669//2892 1637//2892
f 1720//2893 123//2893 1669//2893
f 1630//2894 1602//2894 733//2894
f 1559//2895 1605//2895 1571//2895
f 1094//2896 1599//2896 1650//2896
f 1650//2897 1694//2897 1676//2897
f 1614//2898 611//2898 1639//2898
f 611//2899 1654//2899 1639//2899
f 147//2900 673//2900 1679//2900
f 2762//2901 2785//2901 2774//2901
f 1720//2902 1669//2902 1646//2902
f 182//2903 464//2903 709//2903
f 1675//2904 1671//2904 1641//2904
f 1354//2905 109//2905 1297//2905
f 1559//2906 1591//2906 1605//2906
f 1591//2907 1632//2907 1615//2907
f 1615//2908 1632//2908 1631//2908
f 1631//2909 1632//2909 1656//2909
f 190//2910 1626//2910 1638//2910
f 1738//2911 2247//2911 804//2911
f 1944//2912 574//2912 1995//2912
f 2609//2913 2660//2913 2637//2913
f 1794//2914 1593//2914 1562//2914
f 488//2915 1618//2915 398//2915
f 1645//2916 1696//2916 544//2916
f 170//2917 147//2917 1653//2917
f 1672//2918 1656//2918 1657//2918
f 1687//2919 1864//2919 1672//2919
f 1563//2920 1594//2920 1574//2920
f 2176//2921 2040//2921 2165//2921
f 1806//2922 2083//2922 2437//2922
f 1467//2923 1952//2923 1136//2923
f 1599//2924 1634//2924 1650//2924
f 1728//2925 401//2925 1735//2925
f 1370//2926 24//2926 1295//2926
f 1633//2927 1620//2927 1698//2927
f 1646//2928 1628//2928 1640//2928
f 1640//2929 1720//2929 1646//2929
f 717//2930 1671//2930 718//2930
f 1501//2931 709//2931 1460//2931
f 1702//2932 1728//2932 1719//2932
f 1560//2933 1591//2933 1559//2933
f 1632//2934 1657//2934 1656//2934
f 2264//2935 2277//2935 2263//2935
f 2462//2936 2467//2936 2455//2936
f 2428//2937 2427//2937 2416//2937
f 1634//2938 1694//2938 1650//2938
f 1694//2939 1583//2939 1676//2939
f 1693//2940 1654//2940 611//2940
f 1696//2941 1658//2941 1665//2941
f 2212//2942 349//2942 1752//2942
f 1445//2943 1613//2943 1346//2943
f 1613//2944 1578//2944 1346//2944
f 2182//2945 2183//2945 2190//2945
f 1594//2946 1801//2946 1574//2946
f 243//2947 317//2947 240//2947
f 1560//2948 1572//2948 1591//2948
f 1218//2949 2436//2949 1257//2949
f 2128//2950 2132//2950 1754//2950
f 1980//2951 2392//2951 2367//2951
f 1174//2952 2324//2952 2293//2952
f 2218//2953 2238//2953 2237//2953
f 1662//2954 1633//2954 1690//2954
f 1633//2955 1613//2955 1690//2955
f 1597//2956 1616//2956 1578//2956
f 1628//2957 1616//2957 1597//2957
f 1586//2958 1720//2958 1640//2958
f 1552//2959 1996//2959 2212//2959
f 1460//2960 709//2960 1664//2960
f 643//2961 1671//2961 693//2961
f 1572//2962 1606//2962 1591//2962
f 1591//2963 1606//2963 1632//2963
f 413//2964 725//2964 1729//2964
f 611//2965 104//2965 1693//2965
f 1633//2966 1698//2966 1613//2966
f 1698//2967 1578//2967 1613//2967
f 1640//2968 1628//2968 1597//2968
f 1586//2969 79//2969 1720//2969
f 1582//2970 1610//2970 110//2970
f 55//2971 480//2971 1654//2971
f 1582//2972 110//2972 1609//2972
f 1550//2973 2745//2973 1364//2973
f 1632//2974 1642//2974 1657//2974
f 411//2975 2019//2975 891//2975
f 1659//2976 104//2976 1583//2976
f 1694//2977 1659//2977 1583//2977
f 104//2978 1614//2978 1583//2978
f 1614//2979 104//2979 611//2979
f 1698//2980 1598//2980 1578//2980
f 1598//2981 1597//2981 1578//2981
f 1651//2982 1640//2982 1597//2982
f 1640//2983 1651//2983 1586//2983
f 1610//2984 1566//2984 883//2984
f 1653//2985 1679//2985 1630//2985
f 1704//2986 236//2986 250//2986
f 1542//2987 228//2987 1796//2987
f 1572//2988 1592//2988 1606//2988
f 1657//2989 1673//2989 1672//2989
f 1672//2990 1673//2990 1687//2990
f 1634//2991 1599//2991 1576//2991
f 1659//2992 1694//2992 1634//2992
f 2499//2993 2513//2993 2491//2993
f 803//2994 877//2994 831//2994
f 2113//2995 1908//2995 2059//2995
f 1428//2996 1937//2996 592//2996
f 115//2997 1210//2997 1821//2997
f 1716//2998 690//2998 2191//2998
f 1535//2999 1523//2999 2152//2999
f 1771//3000 785//3000 1769//3000
f 2152//3001 1278//3001 576//3001
f 1331//3002 1769//3002 785//3002
f 1769//3003 1414//3003 1771//3003
f 1809//3004 2134//3004 2118//3004
f 1414//3005 1246//3005 1547//3005
f 1843//3006 1871//3006 1855//3006
f 1833//3007 1843//3007 1855//3007
f 1246//3008 1341//3008 1547//3008
f 1891//3009 1331//3009 1396//3009
f 1414//3010 1009//3010 1246//3010
f 576//3011 1278//3011 1313//3011
f 1331//3012 1891//3012 1769//3012
f 1769//3013 1823//3013 1414//3013
f 1891//3014 1823//3014 1769//3014
f 835//3015 386//3015 1009//3015
f 1414//3016 835//3016 1009//3016
f 523//3017 1891//3017 1396//3017
f 1823//3018 1209//3018 1414//3018
f 1209//3019 835//3019 1414//3019
f 1816//3020 1891//3020 523//3020
f 386//3021 1751//3021 1009//3021
f 1209//3022 1772//3022 835//3022
f 664//3023 1445//3023 1346//3023
f 1781//3024 1816//3024 1351//3024
f 1772//3025 1836//3025 835//3025
f 835//3026 1836//3026 386//3026
f 1376//3027 1283//3027 1203//3027
f 1816//3028 1781//3028 1891//3028
f 1891//3029 1781//3029 1823//3029
f 1836//3030 1751//3030 386//3030
f 1823//3031 1415//3031 1209//3031
f 1209//3032 1866//3032 1772//3032
f 1836//3033 1697//3033 1751//3033
f 1747//3034 1781//3034 1351//3034
f 1781//3035 1415//3035 1823//3035
f 1415//3036 1866//3036 1209//3036
f 1866//3037 1835//3037 1772//3037
f 1772//3038 1773//3038 1836//3038
f 2362//3039 1955//3039 1948//3039
f 1496//3040 1781//3040 1747//3040
f 660//3041 1646//3041 1374//3041
f 1835//3042 1773//3042 1772//3042
f 282//3043 1635//3043 1836//3043
f 1773//3044 282//3044 1836//3044
f 1866//3045 1783//3045 1835//3045
f 1835//3046 1489//3046 1773//3046
f 1773//3047 1489//3047 282//3047
f 273//3048 1692//3048 1652//3048
f 1683//3049 1496//3049 1747//3049
f 1496//3050 1517//3050 1781//3050
f 1781//3051 1517//3051 1415//3051
f 1783//3052 1489//3052 1835//3052
f 1547//3053 1771//3053 1414//3053
f 1739//3054 1683//3054 1747//3054
f 1415//3055 1517//3055 1866//3055
f 1561//3056 1770//3056 1573//3056
f 1722//3057 1882//3057 1683//3057
f 1856//3058 1866//3058 1517//3058
f 1489//3059 1635//3059 282//3059
f 2144//3060 2152//3060 2092//3060
f 610//3061 1459//3061 1951//3061
f 2592//3062 1882//3062 1722//3062
f 1033//3063 1496//3063 1683//3063
f 1033//3064 1517//3064 1496//3064
f 1783//3065 1363//3065 1489//3065
f 1778//3066 1616//3066 1353//3066
f 107//3067 106//3067 1579//3067
f 2089//3068 2046//3068 645//3068
f 1866//3069 562//3069 1783//3069
f 562//3070 1363//3070 1783//3070
f 2071//3071 1217//3071 392//3071
f 2048//3072 1151//3072 1766//3072
f 1801//3073 1607//3073 1574//3073
f 1856//3074 562//3074 1866//3074
f 1692//3075 1489//3075 1363//3075
f 2058//3076 2051//3076 2007//3076
f 1980//3077 2031//3077 2392//3077
f 1882//3078 712//3078 1683//3078
f 1933//3079 1947//3079 1953//3079
f 1953//3080 1966//3080 1980//3080
f 2017//3081 2031//3081 1980//3081
f 1966//3082 2017//3082 1980//3082
f 2017//3083 2032//3083 2031//3083
f 2041//3084 539//3084 2031//3084
f 1643//3085 663//3085 2039//3085
f 1033//3086 1683//3086 712//3086
f 1363//3087 1872//3087 1692//3087
f 1706//3088 1687//3088 1688//3088
f 40//3089 695//3089 1476//3089
f 2151//3090 2148//3090 610//3090
f 2048//3091 854//3091 1151//3091
f 1947//3092 1966//3092 1953//3092
f 2032//3093 2041//3093 2031//3093
f 2041//3094 218//3094 539//3094
f 562//3095 1872//3095 1363//3095
f 1872//3096 396//3096 1692//3096
f 2152//3097 1410//3097 2092//3097
f 1947//3098 1954//3098 1966//3098
f 1547//3099 1341//3099 1432//3099
f 1517//3100 1478//3100 1856//3100
f 1856//3101 1478//3101 562//3101
f 1815//3102 1834//3102 1814//3102
f 1677//3103 2003//3103 1094//3103
f 1896//3104 1904//3104 1933//3104
f 1933//3105 1904//3105 1947//3105
f 1954//3106 1981//3106 1966//3106
f 1981//3107 2017//3107 1966//3107
f 2018//3108 2032//3108 2017//3108
f 311//3109 1084//3109 1506//3109
f 1374//3110 1637//3110 1684//3110
f 384//3111 1033//3111 712//3111
f 1478//3112 1808//3112 562//3112
f 1350//3113 1358//3113 1349//3113
f 1800//3114 1815//3114 1793//3114
f 1904//3115 1954//3115 1947//3115
f 1954//3116 1967//3116 1981//3116
f 2017//3117 1981//3117 2018//3117
f 2018//3118 2041//3118 2032//3118
f 291//3119 218//3119 2041//3119
f 291//3120 1996//3120 218//3120
f 228//3121 184//3121 1304//3121
f 1033//3122 1478//3122 1517//3122
f 1808//3123 1779//3123 562//3123
f 562//3124 1779//3124 1872//3124
f 1779//3125 396//3125 1872//3125
f 2616//3126 2640//3126 2610//3126
f 1409//3127 348//3127 1515//3127
f 1896//3128 1883//3128 1904//3128
f 1939//3129 1967//3129 1954//3129
f 2019//3130 2034//3130 2018//3130
f 2034//3131 2041//3131 2018//3131
f 1033//3132 384//3132 1478//3132
f 1102//3133 783//3133 660//3133
f 2110//3134 1899//3134 2049//3134
f 771//3135 2239//3135 770//3135
f 1814//3136 1813//3136 1793//3136
f 1874//3137 1883//3137 1896//3137
f 1883//3138 1905//3138 1904//3138
f 1905//3139 1938//3139 1904//3139
f 1938//3140 1939//3140 1954//3140
f 1904//3141 1938//3141 1954//3141
f 1981//3142 1967//3142 1988//3142
f 1981//3143 2019//3143 2018//3143
f 164//3144 2041//3144 2034//3144
f 2039//3145 2030//3145 1677//3145
f 1755//3146 1775//3146 1763//3146
f 2053//3147 1313//3147 2063//3147
f 1859//3148 1883//3148 1874//3148
f 1905//3149 1916//3149 1938//3149
f 1988//3150 2019//3150 1981//3150
f 1441//3151 1459//3151 2092//3151
f 1367//3152 1639//3152 480//3152
f 1478//3153 1922//3153 1808//3153
f 1922//3154 1779//3154 1808//3154
f 1353//3155 1616//3155 1628//3155
f 1353//3156 1628//3156 1646//3156
f 1755//3157 1764//3157 1775//3157
f 1797//3158 1424//3158 1775//3158
f 1859//3159 1875//3159 1883//3159
f 1883//3160 1875//3160 1905//3160
f 1939//3161 1955//3161 1967//3161
f 1967//3162 1997//3162 1988//3162
f 1997//3163 2019//3163 1988//3163
f 120//3164 1913//3164 1210//3164
f 1779//3165 1112//3165 396//3165
f 2046//3166 2089//3166 1973//3166
f 2039//3167 663//3167 2029//3167
f 1764//3168 1797//3168 1775//3168
f 1859//3169 1847//3169 1875//3169
f 1905//3170 1875//3170 1916//3170
f 1916//3171 1939//3171 1938//3171
f 1955//3172 1997//3172 1967//3172
f 484//3173 1729//3173 1978//3173
f 1946//3174 2004//3174 1356//3174
f 1356//3175 2004//3175 712//3175
f 384//3176 1922//3176 1478//3176
f 1922//3177 1112//3177 1779//3177
f 1112//3178 719//3178 396//3178
f 719//3179 1652//3179 396//3179
f 2105//3180 2126//3180 1553//3180
f 336//3181 1032//3181 479//3181
f 1776//3182 1797//3182 1764//3182
f 1776//3183 1791//3183 1797//3183
f 1791//3184 1465//3184 1797//3184
f 1009//3185 1444//3185 1436//3185
f 1875//3186 1897//3186 1916//3186
f 2004//3187 1987//3187 712//3187
f 1987//3188 2016//3188 712//3188
f 2016//3189 384//3189 712//3189
f 2016//3190 1922//3190 384//3190
f 1756//3191 1776//3191 1764//3191
f 1798//3192 1791//3192 1776//3192
f 1848//3193 1847//3193 1837//3193
f 1848//3194 1860//3194 1847//3194
f 1860//3195 1876//3195 1875//3195
f 1847//3196 1860//3196 1875//3196
f 1884//3197 1875//3197 1876//3197
f 1897//3198 1939//3198 1916//3198
f 1939//3199 1948//3199 1955//3199
f 1955//3200 1989//3200 1997//3200
f 2362//3201 2401//3201 1989//3201
f 1946//3202 1810//3202 2004//3202
f 1112//3203 613//3203 719//3203
f 292//3204 2051//3204 1203//3204
f 2124//3205 539//3205 218//3205
f 1498//3206 2072//3206 1895//3206
f 2440//3207 2439//3207 2158//3207
f 1884//3208 1897//3208 1875//3208
f 1897//3209 1923//3209 1939//3209
f 1939//3210 1923//3210 1948//3210
f 1989//3211 1955//3211 2362//3211
f 978//3212 1684//3212 1306//3212
f 2003//3213 2015//3213 1994//3213
f 2755//3214 2780//3214 2753//3214
f 1246//3215 1009//3215 1341//3215
f 1922//3216 613//3216 1112//3216
f 119//3217 1483//3217 1416//3217
f 1817//3218 1465//3218 1791//3218
f 1798//3219 1817//3219 1791//3219
f 1817//3220 1825//3220 1465//3220
f 1825//3221 1848//3221 1837//3221
f 1825//3222 1860//3222 1848//3222
f 1793//3223 1813//3223 1790//3223
f 1843//3224 1833//3224 1812//3224
f 1813//3225 1843//3225 1812//3225
f 613//3226 1155//3226 719//3226
f 569//3227 154//3227 336//3227
f 2666//3228 2685//3228 2609//3228
f 1138//3229 1895//3229 1873//3229
f 1138//3230 1498//3230 1895//3230
f 1765//3231 1776//3231 1757//3231
f 1860//3232 1867//3232 1876//3232
f 1876//3233 1867//3233 1884//3233
f 1948//3234 1956//3234 2362//3234
f 1410//3235 1313//3235 2053//3235
f 1155//3236 1743//3236 383//3236
f 2575//3237 2584//3237 2539//3237
f 1961//3238 2016//3238 1987//3238
f 2016//3239 613//3239 1922//3239
f 1155//3240 1678//3240 719//3240
f 1849//3241 1825//3241 1850//3241
f 2781//3242 2759//3242 2787//3242
f 1784//3243 1776//3243 1765//3243
f 1784//3244 1798//3244 1776//3244
f 1784//3245 1817//3245 1798//3245
f 1849//3246 1860//3246 1825//3246
f 1849//3247 1867//3247 1860//3247
f 1897//3248 1884//3248 1923//3248
f 1923//3249 2312//3249 1948//3249
f 2312//3250 1956//3250 1948//3250
f 1476//3251 695//3251 31//3251
f 1961//3252 1482//3252 613//3252
f 2016//3253 1961//3253 613//3253
f 1945//3254 1344//3254 1839//3254
f 1757//3255 1758//3255 1765//3255
f 2609//3256 2620//3256 2608//3256
f 1884//3257 1917//3257 1923//3257
f 61//3258 1886//3258 1851//3258
f 2129//3259 1734//3259 2090//3259
f 1607//3260 1800//3260 1794//3260
f 695//3261 1102//3261 31//3261
f 1812//3262 1805//3262 1799//3262
f 55//3263 9//3263 480//3263
f 2332//3264 2322//3264 2302//3264
f 1810//3265 1296//3265 2004//3265
f 1482//3266 421//3266 613//3266
f 613//3267 421//3267 1155//3267
f 1589//3268 1623//3268 1588//3268
f 1780//3269 1770//3269 1593//3269
f 1759//3270 1765//3270 1758//3270
f 1792//3271 1784//3271 1765//3271
f 1850//3272 1861//3272 1849//3272
f 1861//3273 1867//3273 1849//3273
f 1867//3274 1892//3274 1884//3274
f 1884//3275 1892//3275 1917//3275
f 2078//3276 2113//3276 2059//3276
f 1458//3277 1768//3277 1261//3277
f 1805//3278 1832//3278 1666//3278
f 1950//3279 1685//3279 1372//3279
f 1392//3280 1296//3280 1810//3280
f 2004//3281 1296//3281 1987//3281
f 1304//3282 1498//3282 1138//3282
f 1032//3283 1156//3283 117//3283
f 1867//3284 1861//3284 1892//3284
f 552//3285 1062//3285 10//3285
f 308//3286 40//3286 1156//3286
f 1832//3287 1701//3287 1842//3287
f 1438//3288 1467//3288 1466//3288
f 1785//3289 1765//3289 1759//3289
f 1785//3290 1792//3290 1765//3290
f 1818//3291 1817//3291 1784//3291
f 2263//3292 1885//3292 1861//3292
f 1861//3293 1885//3293 1892//3293
f 1892//3294 2295//3294 1917//3294
f 2078//3295 1731//3295 1907//3295
f 2736//3296 1564//3296 2715//3296
f 1678//3297 53//3297 719//3297
f 1233//3298 2050//3298 2061//3298
f 2144//3299 1541//3299 1535//3299
f 1950//3300 1466//3300 1136//3300
f 275//3301 450//3301 1518//3301
f 997//3302 1516//3302 1912//3302
f 997//3303 1426//3303 802//3303
f 2764//3304 1190//3304 1392//3304
f 1296//3305 861//3305 1987//3305
f 861//3306 1961//3306 1987//3306
f 1961//3307 861//3307 1482//3307
f 228//3308 1138//3308 1083//3308
f 228//3309 1304//3309 1138//3309
f 2055//3310 2042//3310 2134//3310
f 2500//3311 2507//3311 2522//3311
f 1461//3312 1472//3312 1451//3312
f 2403//3313 2009//3313 2430//3313
f 98//3314 2009//3314 2033//3314
f 2033//3315 11//3315 98//3315
f 1366//3316 2057//3316 2080//3316
f 422//3317 918//3317 1162//3317
f 2030//3318 2029//3318 2015//3318
f 1102//3319 1684//3319 978//3319
f 1392//3320 1807//3320 1296//3320
f 1155//3321 421//3321 1482//3321
f 1391//3322 1251//3322 2140//3322
f 37//3323 756//3323 750//3323
f 1616//3324 1778//3324 1578//3324
f 1271//3325 720//3325 1211//3325
f 2403//3326 1990//3326 2009//3326
f 1452//3327 275//3327 1285//3327
f 1584//3328 891//3328 2019//3328
f 1190//3329 1345//3329 1392//3329
f 1392//3330 1345//3330 1807//3330
f 1807//3331 1161//3331 1296//3331
f 1296//3332 1161//3332 861//3332
f 2009//3333 2010//3333 2033//3333
f 2033//3334 2035//3334 11//3334
f 1515//3335 1367//3335 1373//3335
f 474//3336 1584//3336 2435//3336
f 861//3337 1743//3337 1482//3337
f 1743//3338 1155//3338 1482//3338
f 24//3339 1370//3339 1329//3339
f 1821//3340 1796//3340 115//3340
f 1276//3341 2243//3341 1291//3341
f 9//3342 1463//3342 480//3342
f 2609//3343 2685//3343 2660//3343
f 1523//3344 1278//3344 2152//3344
f 1820//3345 1282//3345 1217//3345
f 645//3346 2046//3346 1441//3346
f 2010//3347 2035//3347 2033//3347
f 1642//3348 1805//3348 1666//3348
f 365//3349 1669//3349 123//3349
f 1707//3350 1710//3350 1855//3350
f 1515//3351 1681//3351 1367//3351
f 1542//3352 38//3352 228//3352
f 38//3353 1542//3353 1774//3353
f 81//3354 663//3354 1409//3354
f 2048//3355 1974//3355 854//3355
f 1731//3356 1869//3356 1907//3356
f 2036//3357 180//3357 11//3357
f 2035//3358 2036//3358 11//3358
f 535//3359 11//3359 180//3359
f 535//3360 2173//3360 11//3360
f 2021//3361 2028//3361 2027//3361
f 453//3362 1741//3362 1717//3362
f 496//3363 1807//3363 1345//3363
f 1807//3364 560//3364 1161//3364
f 861//3365 1161//3365 1743//3365
f 660//3366 1353//3366 1646//3366
f 9//3367 422//3367 1463//3367
f 452//3368 1409//3368 1515//3368
f 750//3369 802//3369 1446//3369
f 634//3370 2066//3370 2116//3370
f 1761//3371 1403//3371 2127//3371
f 1733//3372 2061//3372 1827//3372
f 1313//3373 2074//3373 2063//3373
f 1826//3374 1818//3374 1784//3374
f 2724//3375 852//3375 2735//3375
f 1975//3376 2002//3376 2010//3376
f 2010//3377 2002//3377 2035//3377
f 535//3378 1394//3378 2173//3378
f 2769//3379 2778//3379 1722//3379
f 2092//3380 1410//3380 645//3380
f 1161//3381 1480//3381 1743//3381
f 514//3382 1664//3382 1774//3382
f 1774//3383 1796//3383 1821//3383
f 1481//3384 1248//3384 395//3384
f 854//3385 2116//3385 1151//3385
f 90//3386 2719//3386 842//3386
f 220//3387 1754//3387 2776//3387
f 1963//3388 1975//3388 2379//3388
f 2036//3389 2043//3389 180//3389
f 385//3390 535//3390 180//3390
f 535//3391 436//3391 1394//3391
f 1207//3392 558//3392 1394//3392
f 1406//3393 1307//3393 1198//3393
f 2086//3394 1244//3394 1111//3394
f 1726//3395 143//3395 1470//3395
f 2077//3396 1845//3396 1858//3396
f 383//3397 1743//3397 1480//3397
f 1796//3398 1774//3398 1542//3398
f 651//3399 1716//3399 846//3399
f 1362//3400 1913//3400 120//3400
f 1913//3401 1821//3401 1210//3401
f 2238//3402 1862//3402 1853//3402
f 1853//3403 1862//3403 1888//3403
f 1975//3404 1991//3404 2002//3404
f 1483//3405 119//3405 558//3405
f 1262//3406 1840//3406 1157//3406
f 1907//3407 1869//3407 2060//3407
f 1062//3408 1982//3408 561//3408
f 496//3409 1746//3409 1995//3409
f 1907//3410 2060//3410 1277//3410
f 1425//3411 560//3411 1807//3411
f 496//3412 1425//3412 1807//3412
f 1480//3413 1161//3413 560//3413
f 2006//3414 2433//3414 2019//3414
f 1913//3415 1774//3415 1821//3415
f 1802//3416 2238//3416 1809//3416
f 2773//3417 2761//3417 2763//3417
f 1976//3418 1991//3418 1975//3418
f 1991//3419 2011//3419 2002//3419
f 2002//3420 2011//3420 2035//3420
f 2035//3421 2011//3421 2036//3421
f 2043//3422 385//3422 180//3422
f 535//3423 385//3423 436//3423
f 2120//3424 1311//3424 1344//3424
f 1352//3425 2083//3425 1806//3425
f 2068//3426 1766//3426 1403//3426
f 496//3427 1995//3427 1425//3427
f 1009//3428 1751//3428 1444//3428
f 336//3429 1183//3429 1032//3429
f 1862//3430 1863//3430 1893//3430
f 1927//3431 1941//3431 1949//3431
f 1941//3432 1957//3432 1963//3432
f 1949//3433 1941//3433 1963//3433
f 1957//3434 1976//3434 1975//3434
f 1976//3435 1992//3435 1991//3435
f 1991//3436 1992//3436 2011//3436
f 2011//3437 2025//3437 2036//3437
f 2036//3438 2025//3438 2043//3438
f 436//3439 1207//3439 1394//3439
f 1207//3440 1483//3440 558//3440
f 2116//3441 2066//3441 1151//3441
f 1401//3442 1974//3442 2048//3442
f 2115//3443 1401//3443 2106//3443
f 574//3444 2001//3444 1995//3444
f 2001//3445 1425//3445 1995//3445
f 1425//3446 1902//3446 1480//3446
f 560//3447 1425//3447 1480//3447
f 1902//3448 1450//3448 383//3448
f 1480//3449 1902//3449 383//3449
f 514//3450 1913//3450 1362//3450
f 514//3451 1774//3451 1913//3451
f 1295//3452 1711//3452 1690//3452
f 1934//3453 2105//3453 2103//3453
f 383//3454 1450//3454 437//3454
f 2103//3455 2105//3455 2110//3455
f 2199//3456 1786//3456 2189//3456
f 2021//3457 2014//3457 2028//3457
f 1802//3458 1841//3458 2238//3458
f 2238//3459 1841//3459 1862//3459
f 1863//3460 1894//3460 1893//3460
f 1910//3461 1919//3461 1927//3461
f 1927//3462 1919//3462 1941//3462
f 2025//3463 2044//3463 2043//3463
f 1996//3464 2119//3464 1979//3464
f 1690//3465 1445//3465 1370//3465
f 2467//3466 2477//3466 2466//3466
f 1898//3467 1378//3467 2023//3467
f 1751//3468 1474//3468 1444//3468
f 901//3469 1507//3469 1506//3469
f 1413//3470 1389//3470 1358//3470
f 1841//3471 1863//3471 1862//3471
f 1941//3472 1942//3472 1957//3472
f 1957//3473 1969//3473 1976//3473
f 2012//3474 2026//3474 2025//3474
f 2011//3475 2012//3475 2025//3475
f 524//3476 2043//3476 2044//3476
f 524//3477 385//3477 2043//3477
f 524//3478 1227//3478 385//3478
f 1227//3479 436//3479 385//3479
f 814//3480 1207//3480 436//3480
f 814//3481 1483//3481 1207//3481
f 227//3482 1760//3482 817//3482
f 1971//3483 1851//3483 2050//3483
f 1087//3484 1425//3484 2001//3484
f 1524//3485 1902//3485 1425//3485
f 1787//3486 1782//3486 1362//3486
f 1782//3487 514//3487 1362//3487
f 660//3488 1374//3488 1684//3488
f 1777//3489 2199//3489 1767//3489
f 1804//3490 1802//3490 1803//3490
f 1804//3491 1841//3491 1802//3491
f 1919//3492 1942//3492 1941//3492
f 1942//3493 1969//3493 1957//3493
f 1976//3494 1969//3494 1992//3494
f 1992//3495 2012//3495 2011//3495
f 1416//3496 1483//3496 814//3496
f 227//3497 225//3497 1760//3497
f 690//3498 1716//3498 1760//3498
f 1220//3499 2001//3499 574//3499
f 1795//3500 1425//3500 1087//3500
f 1795//3501 1524//3501 1425//3501
f 1778//3502 1353//3502 783//3502
f 1775//3503 1424//3503 2107//3503
f 1588//3504 1777//3504 1767//3504
f 1804//3505 1803//3505 1786//3505
f 1919//3506 1935//3506 1942//3506
f 1969//3507 1998//3507 1992//3507
f 2025//3508 612//3508 2044//3508
f 2044//3509 612//3509 524//3509
f 845//3510 1227//3510 524//3510
f 82//3511 814//3511 436//3511
f 1227//3512 82//3512 436//3512
f 521//3513 1416//3513 814//3513
f 1198//3514 690//3514 1760//3514
f 2001//3515 1220//3515 1087//3515
f 1524//3516 1450//3516 1902//3516
f 1782//3517 1664//3517 514//3517
f 1801//3518 1815//3518 1800//3518
f 1623//3519 1777//3519 1588//3519
f 1623//3520 2199//3520 1777//3520
f 1828//3521 1841//3521 1804//3521
f 1854//3522 1863//3522 1841//3522
f 1942//3523 1958//3523 1969//3523
f 1958//3524 1984//3524 1969//3524
f 1992//3525 1998//3525 2012//3525
f 2026//3526 2037//3526 2025//3526
f 2037//3527 612//3527 2025//3527
f 570//3528 845//3528 524//3528
f 568//3529 1227//3529 845//3529
f 568//3530 82//3530 1227//3530
f 82//3531 521//3531 814//3531
f 767//3532 225//3532 227//3532
f 1198//3533 1760//3533 225//3533
f 1879//3534 690//3534 1198//3534
f 1340//3535 1795//3535 1087//3535
f 1794//3536 1793//3536 1780//3536
f 1497//3537 1782//3537 1787//3537
f 1183//3538 1329//3538 308//3538
f 1828//3539 1854//3539 1841//3539
f 1870//3540 1889//3540 1863//3540
f 1854//3541 1870//3541 1863//3541
f 1863//3542 1889//3542 2668//3542
f 2012//3543 2020//3543 2026//3543
f 1164//3544 570//3544 524//3544
f 521//3545 15//3545 333//3545
f 1406//3546 1198//3546 225//3546
f 511//3547 1167//3547 1220//3547
f 1301//3548 1340//3548 1087//3548
f 665//3549 1524//3549 1795//3549
f 2039//3550 2029//3550 2030//3550
f 1460//3551 1782//3551 1497//3551
f 1782//3552 1460//3552 1664//3552
f 1111//3553 2133//3553 1668//3553
f 1624//3554 1804//3554 1623//3554
f 574//3555 825//3555 1220//3555
f 1942//3556 1123//3556 1958//3556
f 1969//3557 1984//3557 1998//3557
f 612//3558 1464//3558 524//3558
f 524//3559 1464//3559 1164//3559
f 570//3560 568//3560 845//3560
f 521//3561 82//3561 15//3561
f 1546//3562 767//3562 227//3562
f 15//3563 1546//3563 227//3563
f 1406//3564 225//3564 767//3564
f 639//3565 690//3565 1879//3565
f 639//3566 511//3566 690//3566
f 1220//3567 1167//3567 1087//3567
f 1607//3568 1801//3568 1800//3568
f 2763//3569 2761//3569 2754//3569
f 1804//3570 1829//3570 1828//3570
f 1828//3571 1829//3571 1854//3571
f 2121//3572 1742//3572 2227//3572
f 1958//3573 1964//3573 1984//3573
f 1998//3574 2013//3574 2012//3574
f 2012//3575 2013//3575 2020//3575
f 2026//3576 2020//3576 2037//3576
f 1464//3577 612//3577 2037//3577
f 568//3578 34//3578 82//3578
f 82//3579 1286//3579 15//3579
f 1286//3580 1546//3580 15//3580
f 13//3581 1406//3581 767//3581
f 1455//3582 1844//3582 1519//3582
f 1455//3583 1519//3583 1256//3583
f 2115//3584 431//3584 143//3584
f 101//3585 1497//3585 2088//3585
f 1974//3586 2116//3586 854//3586
f 2764//3587 2762//3587 1421//3587
f 1974//3588 2049//3588 2116//3588
f 2102//3589 1929//3589 2091//3589
f 805//3590 828//3590 143//3590
f 2756//3591 2752//3591 2771//3591
f 2123//3592 1972//3592 2303//3592
f 2082//3593 1844//3593 1455//3593
f 2061//3594 1344//3594 1827//3594
f 2158//3595 2439//3595 1925//3595
f 1918//3596 1360//3596 1971//3596
f 2063//3597 1284//3597 2053//3597
f 624//3598 1245//3598 1748//3598
f 1292//3599 1971//3599 1360//3599
f 676//3600 1930//3600 1428//3600
f 1971//3601 1292//3601 1217//3601
f 1475//3602 2045//3602 430//3602
f 1273//3603 2113//3603 2078//3603
f 1898//3604 1827//3604 2131//3604
f 1930//3605 1173//3605 1937//3605
f 130//3606 1458//3606 552//3606
f 1749//3607 1668//3607 1245//3607
f 2151//3608 610//3608 1768//3608
f 1170//3609 2459//3609 2442//3609
f 1173//3610 1214//3610 1937//3610
f 1379//3611 2007//3611 292//3611
f 2057//3612 1319//3612 2005//3612
f 2075//3613 1907//3613 1277//3613
f 1354//3614 1297//3614 2737//3614
f 2764//3615 2785//3615 2762//3615
f 1749//3616 1245//3616 1887//3616
f 645//3617 1410//3617 2089//3617
f 2094//3618 2098//3618 2119//3618
f 1951//3619 75//3619 1250//3619
f 1378//3620 1898//3620 1965//3620
f 1909//3621 1405//3621 470//3621
f 1455//3622 1915//3622 2082//3622
f 2494//3623 2515//3623 2525//3623
f 1762//3624 1455//3624 1256//3624
f 1368//3625 1488//3625 1335//3625
f 2062//3626 509//3626 869//3626
f 2052//3627 2062//3627 2024//3627
f 1886//3628 509//3628 2062//3628
f 307//3629 105//3629 95//3629
f 1806//3630 1218//3630 1906//3630
f 1869//3631 1887//3631 2060//3631
f 1245//3632 2099//3632 1748//3632
f 1395//3633 2097//3633 2085//3633
f 1962//3634 1519//3634 1983//3634
f 1726//3635 806//3635 2059//3635
f 1851//3636 1886//3636 2052//3636
f 75//3637 1951//3637 1459//3637
f 2102//3638 1915//3638 1455//3638
f 221//3639 1762//3639 1495//3639
f 2120//3640 1877//3640 1311//3640
f 2046//3641 2113//3641 1441//3641
f 1382//3642 1456//3642 1368//3642
f 1368//3643 1456//3643 1488//3643
f 1456//3644 1323//3644 1488//3644
f 1075//3645 2102//3645 221//3645
f 2052//3646 1877//3646 2120//3646
f 1983//3647 1844//3647 1282//3647
f 1834//3648 231//3648 1674//3648
f 860//3649 1937//3649 1214//3649
f 1360//3650 2126//3650 1940//3650
f 2102//3651 1455//3651 1762//3651
f 221//3652 2102//3652 1762//3652
f 1918//3653 2050//3653 1233//3653
f 1844//3654 1983//3654 1519//3654
f 1151//3655 2066//3655 1766//3655
f 1429//3656 1192//3656 1428//3656
f 2746//3657 852//3657 2724//3657
f 95//3658 105//3658 1929//3658
f 1404//3659 1081//3659 1412//3659
f 2071//3660 392//3660 2082//3660
f 979//3661 1898//3661 2023//3661
f 1898//3662 2131//3662 1965//3662
f 1382//3663 1852//3663 1456//3663
f 1505//3664 1256//3664 1962//3664
f 372//3665 1433//3665 2095//3665
f 1456//3666 2054//3666 1323//3666
f 2005//3667 1298//3667 2287//3667
f 277//3668 2143//3668 35//3668
f 105//3669 1846//3669 1929//3669
f 105//3670 7//3670 1846//3670
f 1311//3671 1601//3671 1344//3671
f 2431//3672 2130//3672 1839//3672
f 272//3673 646//3673 1395//3673
f 1761//3674 2068//3674 1403//3674
f 1971//3675 61//3675 1851//3675
f 2777//3676 2788//3676 1194//3676
f 2076//3677 1852//3677 1382//3677
f 1062//3678 552//3678 1283//3678
f 2638//3679 2666//3679 2625//3679
f 2122//3680 1349//3680 1328//3680
f 2103//3681 1926//3681 2115//3681
f 2086//3682 1111//3682 1293//3682
f 1283//3683 552//3683 1379//3683
f 1366//3684 1339//3684 2057//3684
f 1435//3685 1434//3685 1432//3685
f 1886//3686 2062//3686 2052//3686
f 1433//3687 101//3687 2095//3687
f 101//3688 2096//3688 2095//3688
f 2095//3689 2114//3689 188//3689
f 2103//3690 2115//3690 828//3690
f 2068//3691 2048//3691 1766//3691
f 1268//3692 2048//3692 2068//3692
f 35//3693 2148//3693 2151//3693
f 2108//3694 61//3694 1971//3694
f 1157//3695 1840//3695 2058//3695
f 1182//3696 720//3696 1163//3696
f 1932//3697 1983//3697 2074//3697
f 2096//3698 2114//3698 2095//3698
f 1840//3699 1887//3699 2058//3699
f 1979//3700 1761//3700 2124//3700
f 1914//3701 2005//3701 2117//3701
f 2005//3702 2287//3702 2117//3702
f 2154//3703 1459//3703 610//3703
f 1739//3704 1351//3704 1330//3704
f 2111//3705 2114//3705 2096//3705
f 2580//3706 1589//3706 1567//3706
f 1541//3707 2144//3707 340//3707
f 2102//3708 2091//3708 1915//3708
f 1766//3709 2090//3709 2127//3709
f 1282//3710 392//3710 1217//3710
f 979//3711 2023//3711 2105//3711
f 1932//3712 2074//3712 1313//3712
f 2060//3713 1887//3713 1840//3713
f 2079//3714 2080//3714 1914//3714
f 2109//3715 1284//3715 2063//3715
f 1278//3716 1962//3716 1313//3716
f 2093//3717 1734//3717 2124//3717
f 465//3718 96//3718 242//3718
f 1851//3719 2052//3719 2050//3719
f 101//3720 2088//3720 2096//3720
f 2112//3721 2111//3721 2096//3721
f 833//3722 2112//3722 2096//3722
f 786//3723 680//3723 1903//3723
f 1459//3724 1441//3724 75//3724
f 1824//3725 1277//3725 1262//3725
f 1760//3726 1705//3726 817//3726
f 2119//3727 2098//3727 1761//3727
f 2087//3728 2107//3728 2056//3728
f 1932//3729 1962//3729 1983//3729
f 1349//3730 1320//3730 1328//3730
f 1962//3731 1932//3731 1313//3731
f 2071//3732 2108//3732 1971//3732
f 1937//3733 1428//3733 1930//3733
f 2101//3734 2096//3734 2088//3734
f 2112//3735 2121//3735 2111//3735
f 2111//3736 2121//3736 220//3736
f 337//3737 914//3737 913//3737
f 1273//3738 1907//3738 2075//3738
f 552//3739 1458//3739 1379//3739
f 1081//3740 869//3740 1412//3740
f 624//3741 1748//3741 1845//3741
f 1727//3742 2088//3742 1787//3742
f 2121//3743 2128//3743 220//3743
f 2128//3744 1754//3744 220//3744
f 1915//3745 2108//3745 2071//3745
f 1379//3746 1458//3746 1261//3746
f 2293//3747 2345//3747 807//3747
f 2119//3748 1996//3748 2094//3748
f 406//3749 423//3749 459//3749
f 1393//3750 2076//3750 1382//3750
f 1111//3751 2098//3751 2133//3751
f 1742//3752 2121//3752 2112//3752
f 1768//3753 610//3753 1824//3753
f 610//3754 1951//3754 1824//3754
f 1424//3755 1837//3755 2056//3755
f 1261//3756 1262//3756 1157//3756
f 1410//3757 2053//3757 2089//3757
f 1979//3758 2119//3758 1761//3758
f 2127//3759 2090//3759 2093//3759
f 1973//3760 2067//3760 2046//3760
f 2227//3761 2132//3761 2128//3761
f 1869//3762 1293//3762 1887//3762
f 2098//3763 1268//3763 2068//3763
f 2057//3764 2005//3764 1914//3764
f 1475//3765 1195//3765 440//3765
f 292//3766 2007//3766 2051//3766
f 806//3767 1726//3767 1470//3767
f 1511//3768 2080//3768 2079//3768
f 2058//3769 1887//3769 1245//3769
f 1401//3770 1926//3770 1974//3770
f 1820//3771 1217//3771 1342//3771
f 1852//3772 1822//3772 1456//3772
f 2067//3773 1908//3773 2046//3773
f 1822//3774 2054//3774 1456//3774
f 1505//3775 1962//3775 1523//3775
f 2133//3776 2094//3776 1552//3776
f 2085//3777 2097//3777 1660//3777
f 2076//3778 1511//3778 2079//3778
f 1973//3779 2109//3779 1604//3779
f 2049//3780 1405//3780 2116//3780
f 1846//3781 7//3781 1202//3781
f 2162//3782 2083//3782 1352//3782
f 2111//3783 220//3783 2114//3783
f 2070//3784 2118//3784 2064//3784
f 2109//3785 1973//3785 1284//3785
f 1761//3786 2093//3786 2124//3786
f 2087//3787 2205//3787 2186//3787
f 2058//3788 1245//3788 624//3788
f 581//3789 209//3789 153//3789
f 2109//3790 1342//3790 1604//3790
f 1918//3791 1971//3791 2050//3791
f 2132//3792 1391//3792 2139//3792
f 2139//3793 2142//3793 1732//3793
f 1732//3794 2142//3794 827//3794
f 1487//3795 440//3795 1359//3795
f 1487//3796 2047//3796 2045//3796
f 1283//3797 1379//3797 292//3797
f 1344//3798 1601//3798 1839//3798
f 2148//3799 2154//3799 610//3799
f 1766//3800 2127//3800 1403//3800
f 459//3801 423//3801 402//3801
f 371//3802 1929//3802 2102//3802
f 1797//3803 1465//3803 1424//3803
f 1157//3804 2058//3804 2007//3804
f 1075//3805 371//3805 2102//3805
f 442//3806 1940//3806 1934//3806
f 693//3807 1671//3807 717//3807
f 1371//3808 1039//3808 2784//3808
f 1261//3809 1157//3809 2007//3809
f 391//3810 2047//3810 1487//3810
f 2047//3811 1857//3811 2045//3811
f 1352//3812 1806//3812 2186//3812
f 231//3813 1834//3813 206//3813
f 25//3814 353//3814 509//3814
f 2424//3815 2124//3815 1734//3815
f 130//3816 2151//3816 1458//3816
f 1083//3817 2213//3817 115//3817
f 1327//3818 1349//3818 1337//3818
f 576//3819 1313//3819 1410//3819
f 2139//3820 1391//3820 2142//3820
f 2123//3821 1857//3821 2047//3821
f 1761//3822 2127//3822 2093//3822
f 1405//3823 1909//3823 2116//3823
f 1926//3824 2049//3824 1974//3824
f 1268//3825 1401//3825 2048//3825
f 1915//3826 2071//3826 2082//3826
f 1825//3827 1424//3827 1465//3827
f 1391//3828 2140//3828 2142//3828
f 2142//3829 2153//3829 1744//3829
f 2153//3830 1868//3830 1744//3830
f 1868//3831 1359//3831 1744//3831
f 1359//3832 1868//3832 1487//3832
f 1487//3833 1868//3833 391//3833
f 1293//3834 1111//3834 1749//3834
f 1951//3835 1250//3835 2075//3835
f 2152//3836 576//3836 1410//3836
f 1512//3837 2076//3837 1393//3837
f 2076//3838 2079//3838 1852//3838
f 2110//3839 2105//3839 1899//3839
f 2105//3840 2023//3840 1899//3840
f 1441//3841 2113//3841 1250//3841
f 2146//3842 2153//3842 2142//3842
f 2254//3843 1861//3843 1850//3843
f 1926//3844 1401//3844 2115//3844
f 1293//3845 1749//3845 1887//3845
f 2071//3846 1971//3846 1217//3846
f 2023//3847 2084//3847 1899//3847
f 25//3848 509//3848 1886//3848
f 2069//3849 2047//3849 391//3849
f 2069//3850 2123//3850 2047//3850
f 1979//3851 2124//3851 218//3851
f 2140//3852 2146//3852 2142//3852
f 1996//3853 1979//3853 218//3853
f 414//3854 2137//3854 1225//3854
f 2143//3855 2154//3855 2148//3855
f 1251//3856 2136//3856 2140//3856
f 2140//3857 2136//3857 2146//3857
f 2153//3858 2146//3858 1868//3858
f 1868//3859 2146//3859 331//3859
f 1868//3860 331//3860 391//3860
f 331//3861 2069//3861 391//3861
f 2091//3862 1929//3862 1846//3862
f 1379//3863 1261//3863 2007//3863
f 901//3864 1472//3864 1507//3864
f 1535//3865 1541//3865 1534//3865
f 2054//3866 2117//3866 2278//3866
f 805//3867 143//3867 1300//3867
f 1768//3868 1824//3868 1261//3868
f 2136//3869 2147//3869 2146//3869
f 2147//3870 1288//3870 2146//3870
f 2146//3871 1288//3871 331//3871
f 1968//3872 1972//3872 2123//3872
f 1915//3873 2091//3873 2108//3873
f 1262//3874 1277//3874 1840//3874
f 1787//3875 1362//3875 1727//3875
f 2098//3876 2068//3876 1761//3876
f 379//3877 418//3877 378//3877
f 2726//3878 2701//3878 2691//3878
f 2062//3879 869//3879 2024//3879
f 2137//3880 2136//3880 1225//3880
f 1865//3881 2123//3881 2069//3881
f 2081//3882 1968//3882 2123//3882
f 1840//3883 1277//3883 2060//3883
f 2522//3884 2507//3884 2541//3884
f 2094//3885 1996//3885 1552//3885
f 2098//3886 2094//3886 2133//3886
f 2052//3887 2024//3887 1877//3887
f 1796//3888 1083//3888 115//3888
f 1083//3889 1796//3889 228//3889
f 1660//3890 1873//3890 1895//3890
f 1726//3891 2059//3891 1908//3891
f 2046//3892 1908//3892 2113//3892
f 2422//3893 1413//3893 2130//3893
f 331//3894 2073//3894 2069//3894
f 2073//3895 1865//3895 2069//3895
f 1865//3896 2081//3896 2123//3896
f 1951//3897 2075//3897 1824//3897
f 1268//3898 2098//3898 2150//3898
f 21//3899 987//3899 1086//3899
f 493//3900 326//3900 319//3900
f 1500//3901 2076//3901 1512//3901
f 70//3902 101//3902 1433//3902
f 1268//3903 2086//3903 475//3903
f 869//3904 1081//3904 2141//3904
f 2136//3905 1//3905 2147//3905
f 1//3906 1361//3906 2147//3906
f 2147//3907 1361//3907 1288//3907
f 1788//3908 2081//3908 1865//3908
f 35//3909 2151//3909 130//3909
f 1250//3910 2113//3910 2075//3910
f 1845//3911 1748//3911 1858//3911
f 2106//3912 1268//3912 441//3912
f 1523//3913 1962//3913 1278//3913
f 61//3914 1202//3914 1886//3914
f 1519//3915 1962//3915 1256//3915
f 2137//3916 1//3916 2136//3916
f 1288//3917 1361//3917 331//3917
f 2657//3918 770//3918 2239//3918
f 1261//3919 1824//3919 1262//3919
f 2051//3920 624//3920 1845//3920
f 1368//3921 1383//3921 1382//3921
f 73//3922 151//3922 127//3922
f 2144//3923 2092//3923 2154//3923
f 1844//3924 2082//3924 392//3924
f 2108//3925 1846//3925 61//3925
f 696//3926 2073//3926 331//3926
f 1788//3927 1865//3927 2073//3927
f 1903//3928 1968//3928 2081//3928
f 357//3929 794//3929 938//3929
f 2113//3930 1273//3930 2075//3930
f 1844//3931 392//3931 1282//3931
f 1803//3932 1809//3932 1786//3932
f 645//3933 1441//3933 2092//3933
f 1733//3934 1827//3934 979//3934
f 1846//3935 1202//3935 61//3935
f 1824//3936 2075//3936 1277//3936
f 1361//3937 696//3937 331//3937
f 2008//3938 1788//3938 2073//3938
f 2059//3939 806//3939 2078//3939
f 2118//3940 2189//3940 1809//3940
f 468//3941 1059//3941 1530//3941
f 1292//3942 1360//3942 1940//3942
f 2079//3943 1914//3943 1822//3943
f 1472//3944 1461//3944 2072//3944
f 2008//3945 1903//3945 1788//3945
f 1903//3946 2081//3946 1788//3946
f 2151//3947 1768//3947 1458//3947
f 2078//3948 1907//3948 1273//3948
f 1535//3949 2152//3949 2144//3949
f 1820//3950 2109//3950 2063//3950
f 1399//3951 1393//3951 1382//3951
f 2070//3952 2100//3952 2040//3952
f 2219//3953 1232//3953 1197//3953
f 1762//3954 1492//3954 1495//3954
f 2109//3955 1820//3955 1342//3955
f 1361//3956 1982//3956 696//3956
f 1909//3957 634//3957 2116//3957
f 1428//3958 1192//3958 676//3958
f 1914//3959 2117//3959 1822//3959
f 1283//3960 1982//3960 1062//3960
f 2091//3961 1846//3961 2108//3961
f 2776//3962 2781//3962 2787//3962
f 397//3963 1982//3963 1361//3963
f 1376//3964 2073//3964 696//3964
f 1376//3965 2008//3965 2073//3965
f 1858//3966 1903//3966 2008//3966
f 1858//3967 786//3967 1903//3967
f 2051//3968 1845//3968 2077//3968
f 1762//3969 1256//3969 1505//3969
f 2051//3970 2077//3970 1203//3970
f 2141//3971 2024//3971 869//3971
f 1803//3972 1802//3972 1809//3972
f 2066//3973 2090//3973 1766//3973
f 2058//3974 624//3974 2051//3974
f 1203//3975 2008//3975 1376//3975
f 2065//3976 1858//3976 2008//3976
f 2752//3977 2380//3977 1745//3977
f 2143//3978 2144//3978 2154//3978
f 1852//3979 2079//3979 1822//3979
f 1604//3980 2175//3980 2067//3980
f 2023//3981 1378//3981 2084//3981
f 2685//3982 2673//3982 2660//3982
f 1695//3983 1378//3983 1965//3983
f 2074//3984 1820//3984 2063//3984
f 2042//3985 2064//3985 2134//3985
f 2042//3986 2135//3986 2064//3986
f 35//3987 2143//3987 2148//3987
f 397//3988 561//3988 1982//3988
f 1982//3989 1376//3989 696//3989
f 1203//3990 2065//3990 2008//3990
f 2423//3991 2129//3991 2104//3991
f 2053//3992 1284//3992 2089//3992
f 1604//3993 2067//3993 1973//3993
f 2117//3994 2054//3994 1822//3994
f 2134//3995 2064//3995 2118//3995
f 1498//3996 1507//3996 2072//3996
f 1461//3997 1660//3997 1895//3997
f 1983//3998 1820//3998 2074//3998
f 1827//3999 1344//3999 1945//3999
f 1283//4000 1376//4000 1982//4000
f 2077//4001 1858//4001 2065//4001
f 2080//4002 2057//4002 1914//4002
f 2090//4003 2066//4003 2104//4003
f 2089//4004 1284//4004 1973//4004
f 2052//4005 2120//4005 2050//4005
f 2120//4006 1344//4006 2061//4006
f 2072//4007 1461//4007 1895//4007
f 806//4008 1731//4008 2078//4008
f 1282//4009 1820//4009 1983//4009
f 1511//4010 1486//4010 2080//4010
f 1203//4011 2077//4011 2065//4011
f 2154//4012 2092//4012 1459//4012
f 2436//4013 1806//4013 2437//4013
f 875//4014 97//4014 2172//4014
f 1901//4015 821//4015 2149//4015
f 453//4016 1717//4016 119//4016
f 1655//4017 98//4017 97//4017
f 875//4018 2172//4018 2170//4018
f 455//4019 454//4019 808//4019
f 1806//4020 2436//4020 1218//4020
f 1475//4021 455//4021 1629//4021
f 1629//4022 455//4022 808//4022
f 2434//4023 829//4023 2428//4023
f 1255//4024 2274//4024 2287//4024
f 2316//4025 2315//4025 1900//4025
f 2637//4026 2660//4026 2647//4026
f 2609//4027 2608//4027 2584//4027
f 470//4028 2084//4028 1695//4028
f 335//4029 1154//4029 469//4029
f 1738//4030 804//4030 1753//4030
f 1255//4031 1241//4031 2274//4031
f 2274//4032 2278//4032 2287//4032
f 2278//4033 2117//4033 2287//4033
f 2115//4034 143//4034 828//4034
f 1936//4035 825//4035 1944//4035
f 1083//4036 1138//4036 1873//4036
f 2434//4037 428//4037 848//4037
f 1241//4038 2240//4038 2274//4038
f 2240//4039 2278//4039 2274//4039
f 2752//4040 1745//4040 412//4040
f 1946//4041 1356//4041 1172//4041
f 1232//4042 2240//4042 1241//4042
f 474//4043 816//4043 1584//4043
f 1754//4044 1732//4044 2187//4044
f 2430//4045 98//4045 1655//4045
f 2265//4046 2278//4046 2240//4046
f 1724//4047 430//4047 1857//4047
f 804//4048 440//4048 1195//4048
f 1396//4049 1420//4049 523//4049
f 472//4050 1936//4050 2297//4050
f 2247//4051 472//4051 2297//4051
f 1990//4052 2403//4052 2379//4052
f 907//4053 2170//4053 428//4053
f 2170//4054 2164//4054 428//4054
f 1963//4055 2379//4055 1949//4055
f 2171//4056 472//4056 1738//4056
f 829//4057 2434//4057 848//4057
f 2363//4058 2364//4058 2369//4058
f 2409//4059 2408//4059 2394//4059
f 2343//4060 2332//4060 2315//4060
f 399//4061 2317//4061 1740//4061
f 2317//4062 1724//4062 2303//4062
f 2083//4063 2439//4063 2438//4063
f 823//4064 848//4064 2164//4064
f 2219//4065 2220//4065 1232//4065
f 1232//4066 2220//4066 2240//4066
f 2279//4067 2138//4067 2265//4067
f 2265//4068 2138//4068 1323//4068
f 2437//4069 2083//4069 2438//4069
f 2087//4070 2056//4070 2226//4070
f 2303//4071 1724//4071 1857//4071
f 1925//4072 2439//4072 2083//4072
f 2297//4073 1936//4073 332//4073
f 2491//4074 2513//4074 2484//4074
f 1184//4075 1185//4075 2219//4075
f 2220//4076 2256//4076 2240//4076
f 2256//4077 2265//4077 2240//4077
f 2265//4078 2256//4078 2279//4078
f 2595//4079 2609//4079 2584//4079
f 817//4080 15//4080 227//4080
f 1927//4081 2323//4081 1910//4081
f 2219//4082 2200//4082 2220//4082
f 651//4083 2171//4083 1741//4083
f 1927//4084 2378//4084 2365//4084
f 1554//4085 2292//4085 827//4085
f 1555//4086 1554//4086 827//4086
f 1475//4087 1629//4087 1195//4087
f 808//4088 1753//4088 804//4088
f 2177//4089 1767//4089 2189//4089
f 2189//4090 1767//4090 2199//4090
f 2170//4091 2228//4091 2164//4091
f 1185//4092 2200//4092 2219//4092
f 2200//4093 2206//4093 2220//4093
f 1308//4094 2138//4094 2279//4094
f 1352//4095 2186//4095 2181//4095
f 846//4096 472//4096 2171//4096
f 874//4097 907//4097 428//4097
f 817//4098 1705//4098 651//4098
f 440//4099 1555//4099 1359//4099
f 874//4100 428//4100 2434//4100
f 2403//4101 2395//4101 2371//4101
f 2256//4102 1308//4102 2279//4102
f 846//4103 2191//4103 1936//4103
f 472//4104 846//4104 1936//4104
f 2507//4105 2542//4105 2541//4105
f 2352//4106 2314//4106 2322//4106
f 2186//4107 1806//4107 2107//4107
f 1936//4108 2191//4108 825//4108
f 2206//4109 2241//4109 2220//4109
f 2220//4110 2241//4110 2256//4110
f 1810//4111 1811//4111 1392//4111
f 2256//4112 1274//4112 1308//4112
f 2258//4113 1328//4113 1320//4113
f 333//4114 817//4114 651//4114
f 2161//4115 2164//4115 1740//4115
f 823//4116 2164//4116 2161//4116
f 97//4117 875//4117 876//4117
f 1655//4118 97//4118 876//4118
f 2241//4119 1274//4119 2256//4119
f 2429//4120 1655//4120 876//4120
f 1732//4121 1754//4121 2132//4121
f 829//4122 848//4122 413//4122
f 2402//4123 2408//4123 2416//4123
f 2712//4124 2724//4124 2735//4124
f 2176//4125 2189//4125 2118//4125
f 2315//4126 2332//4126 1888//4126
f 2369//4127 2393//4127 2402//4127
f 825//4128 574//4128 1944//4128
f 2206//4129 2201//4129 2241//4129
f 1304//4130 184//4130 311//4130
f 2353//4131 2377//4131 2364//4131
f 592//4132 860//4132 785//4132
f 413//4133 823//4133 725//4133
f 823//4134 822//4134 725//4134
f 2172//4135 2173//4135 2329//4135
f 1185//4136 2182//4136 2200//4136
f 2200//4137 2201//4137 2206//4137
f 2393//4138 2408//4138 2402//4138
f 2225//4139 1859//4139 1874//4139
f 184//4140 202//4140 311//4140
f 1430//4141 1191//4141 1021//4141
f 2182//4142 1185//4142 2510//4142
f 2241//4143 1258//4143 1274//4143
f 2364//4144 2393//4144 2369//4144
f 2121//4145 2227//4145 2128//4145
f 1413//4146 2422//4146 2141//4146
f 1081//4147 1413//4147 2141//4147
f 1106//4148 1021//4148 1191//4148
f 97//4149 2173//4149 2172//4149
f 2182//4150 2201//4150 2200//4150
f 2201//4151 1258//4151 2241//4151
f 2378//4152 2371//4152 2365//4152
f 2377//4153 2394//4153 2393//4153
f 2715//4154 1564//4154 2724//4154
f 2141//4155 1877//4155 2024//4155
f 2342//4156 2330//4156 2384//4156
f 1741//4157 1753//4157 454//4157
f 2430//4158 1655//4158 2429//4158
f 2182//4159 2190//4159 2201//4159
f 1144//4160 455//4160 1166//4160
f 119//4161 1717//4161 454//4161
f 455//4162 119//4162 454//4162
f 2660//4163 2665//4163 2647//4163
f 2422//4164 2431//4164 2141//4164
f 2431//4165 1877//4165 2141//4165
f 1746//4166 496//4166 1345//4166
f 2416//4167 2427//4167 2415//4167
f 2402//4168 2416//4168 2415//4168
f 2314//4169 2331//4169 2301//4169
f 592//4170 1547//4170 1429//4170
f 1166//4171 455//4171 1475//4171
f 2775//4172 412//4172 1723//4172
f 2237//4173 2249//4173 1826//4173
f 2272//4174 2286//4174 2249//4174
f 2237//4175 2272//4175 2249//4175
f 2314//4176 2301//4176 2296//4176
f 2620//4177 2637//4177 2647//4177
f 2430//4178 2429//4178 2395//4178
f 2403//4179 2430//4179 2395//4179
f 1242//4180 1258//4180 2201//4180
f 2190//4181 1242//4181 2201//4181
f 79//4182 123//4182 1720//4182
f 2409//4183 2428//4183 2416//4183
f 1391//4184 2132//4184 2227//4184
f 1358//4185 2347//4185 1413//4185
f 431//4186 1470//4186 143//4186
f 816//4187 122//4187 1584//4187
f 1792//4188 2218//4188 1826//4188
f 1741//4189 2171//4189 1753//4189
f 2354//4190 2377//4190 2353//4190
f 822//4191 823//4191 2161//4191
f 454//4192 1753//4192 808//4192
f 2779//4193 2765//4193 1420//4193
f 2219//4194 1197//4194 1184//4194
f 2378//4195 2403//4195 2371//4195
f 2365//4196 2371//4196 2354//4196
f 697//4197 725//4197 822//4197
f 1305//4198 2250//4198 479//4198
f 955//4199 2753//4199 990//4199
f 1601//4200 1311//4200 2431//4200
f 2402//4201 2415//4201 2385//4201
f 2369//4202 2402//4202 2385//4202
f 2272//4203 2296//4203 2286//4203
f 2190//4204 2183//4204 1242//4204
f 1260//4205 1205//4205 1235//4205
f 2183//4206 1177//4206 1178//4206
f 1755//4207 1763//4207 2443//4207
f 475//4208 2086//4208 1293//4208
f 1358//4209 1350//4209 2347//4209
f 2388//4210 2130//4210 2347//4210
f 2295//4211 1924//4211 1917//4211
f 2249//4212 2286//4212 2255//4212
f 1139//4213 1124//4213 607//4213
f 164//4214 291//4214 2041//4214
f 1745//4215 1723//4215 412//4215
f 2369//4216 2385//4216 2330//4216
f 2737//4217 2747//4217 2716//4217
f 1729//4218 725//4218 697//4218
f 1350//4219 2325//4219 2347//4219
f 2348//4220 2388//4220 2347//4220
f 2513//4221 2498//4221 2484//4221
f 786//4222 2159//4222 680//4222
f 2176//4223 2118//4223 2040//4223
f 98//4224 2173//4224 97//4224
f 2178//4225 1177//4225 2183//4225
f 1210//4226 115//4226 803//4226
f 143//4227 1726//4227 1300//4227
f 2495//4228 2475//4228 2476//4228
f 2122//4229 2325//4229 1350//4229
f 2325//4230 2348//4230 2347//4230
f 1839//4231 2130//4231 2388//4231
f 1826//4232 2248//4232 1818//4232
f 1745//4233 163//4233 1723//4233
f 2369//4234 2330//4234 2331//4234
f 163//4235 2174//4235 1723//4235
f 1396//4236 1331//4236 1921//4236
f 2379//4237 2378//4237 1949//4237
f 1900//4238 2315//4238 1893//4238
f 1235//4239 1243//4239 1260//4239
f 1260//4240 1243//4240 2243//4240
f 2381//4241 2388//4241 2348//4241
f 2384//4242 2385//4242 2383//4242
f 833//4243 2096//4243 2101//4243
f 2694//4244 2731//4244 2703//4244
f 2243//4245 2244//4245 2258//4245
f 2288//4246 2122//4246 1328//4246
f 2325//4247 2326//4247 2348//4247
f 2404//4248 1945//4248 1839//4248
f 2388//4249 2404//4249 1839//4249
f 163//4250 120//4250 2174//4250
f 2149//4251 2159//4251 786//4251
f 2009//4252 98//4252 2430//4252
f 484//4253 1978//4253 2427//4253
f 2323//4254 2315//4254 2316//4254
f 1784//4255 1792//4255 1826//4255
f 2347//4256 2130//4256 1413//4256
f 1243//4257 2244//4257 2243//4257
f 2258//4258 2259//4258 1328//4258
f 2122//4259 2288//4259 2325//4259
f 2381//4260 2404//4260 2388//4260
f 2218//4261 1809//4261 2238//4261
f 2323//4262 2333//4262 2315//4262
f 1311//4263 1877//4263 2431//4263
f 1554//4264 2247//4264 2297//4264
f 2429//4265 2386//4265 2395//4265
f 1243//4266 2229//4266 2244//4266
f 2244//4267 2259//4267 2258//4267
f 2289//4268 2288//4268 1328//4268
f 2275//4269 2289//4269 1328//4269
f 2325//4270 2288//4270 2326//4270
f 2326//4271 2372//4271 2348//4271
f 2372//4272 2381//4272 2348//4272
f 2381//4273 2372//4273 2404//4273
f 665//4274 1450//4274 1524//4274
f 1978//4275 474//4275 2435//4275
f 2198//4276 1809//4276 2218//4276
f 1739//4277 2772//4277 2769//4277
f 2259//4278 2275//4278 1328//4278
f 2288//4279 2327//4279 2326//4279
f 2415//4280 1978//4280 2414//4280
f 1553//4281 1233//4281 1733//4281
f 2303//4282 1857//4282 2123//4282
f 2333//4283 2354//4283 2343//4283
f 2595//4284 2584//4284 2575//4284
f 2264//4285 2255//4285 2285//4285
f 2192//4286 2214//4286 1243//4286
f 1243//4287 2214//4287 2229//4287
f 2229//4288 2245//4288 2244//4288
f 2244//4289 2245//4289 2259//4289
f 2289//4290 2304//4290 2288//4290
f 2288//4291 2304//4291 2327//4291
f 2327//4292 2335//4292 2326//4292
f 2335//4293 2372//4293 2326//4293
f 1978//4294 2435//4294 2414//4294
f 361//4295 313//4295 378//4295
f 2126//4296 1360//4296 1233//4296
f 1553//4297 2126//4297 1233//4297
f 1771//4298 592//4298 785//4298
f 2380//4299 471//4299 1745//4299
f 2164//4300 399//4300 1740//4300
f 2070//4301 2064//4301 2511//4301
f 2372//4302 2396//4302 2404//4302
f 2385//4303 2384//4303 2330//4303
f 2130//4304 2431//4304 2422//4304
f 1785//4305 2198//4305 1792//4305
f 2134//4306 1809//4306 2198//4306
f 1742//4307 2308//4307 2344//4307
f 2214//4308 2230//4308 2229//4308
f 2229//4309 2230//4309 2245//4309
f 2245//4310 2260//4310 2259//4310
f 2259//4311 2260//4311 2275//4311
f 2304//4312 2335//4312 2327//4312
f 2417//4313 1945//4313 2404//4313
f 2396//4314 2417//4314 2404//4314
f 2417//4315 2131//4315 1945//4315
f 1965//4316 2131//4316 2417//4316
f 2415//4317 2414//4317 2385//4317
f 1553//4318 979//4318 2105//4318
f 1738//4319 472//4319 2247//4319
f 2370//4320 2377//4320 2354//4320
f 1180//4321 2179//4321 2192//4321
f 2193//4322 2214//4322 2192//4322
f 2260//4323 2289//4323 2275//4323
f 2373//4324 2372//4324 2335//4324
f 2372//4325 2373//4325 2396//4325
f 1487//4326 2045//4326 1475//4326
f 1792//4327 2198//4327 2218//4327
f 2478//4328 2477//4328 2467//4328
f 592//4329 1937//4329 860//4329
f 2370//4330 2386//4330 2377//4330
f 1416//4331 453//4331 119//4331
f 2125//4332 2179//4332 1180//4332
f 2179//4333 2193//4333 2192//4333
f 2304//4334 2318//4334 2335//4334
f 2373//4335 2397//4335 2396//4335
f 2719//4336 2714//4336 842//4336
f 826//4337 821//4337 1901//4337
f 651//4338 1741//4338 453//4338
f 2193//4339 2207//4339 2214//4339
f 2356//4340 2373//4340 2335//4340
f 2396//4341 2418//4341 2417//4341
f 2418//4342 1695//4342 1965//4342
f 2417//4343 2418//4343 1965//4343
f 120//4344 1210//4344 2174//4344
f 2779//4345 1420//4345 1911//4345
f 818//4346 1342//4346 1292//4346
f 2009//4347 1990//4347 2010//4347
f 1986//4348 1994//4348 1332//4348
f 2207//4349 2221//4349 2214//4349
f 2214//4350 2221//4350 2230//4350
f 2230//4351 2221//4351 2245//4351
f 2245//4352 2221//4352 2260//4352
f 2260//4353 2280//4353 2289//4353
f 2289//4354 2280//4354 2304//4354
f 2304//4355 2305//4355 2318//4355
f 2318//4356 2336//4356 2335//4356
f 2335//4357 2336//4357 2356//4357
f 818//4358 1292//4358 805//4358
f 1292//4359 1342//4359 1217//4359
f 2221//4360 2246//4360 2260//4360
f 2246//4361 2280//4361 2260//4361
f 2280//4362 2305//4362 2304//4362
f 2305//4363 2306//4363 2318//4363
f 2356//4364 2397//4364 2373//4364
f 2397//4365 2418//4365 2396//4365
f 2331//4366 2330//4366 2301//4366
f 1362//4367 120//4367 1727//4367
f 2383//4368 2385//4368 2414//4368
f 2180//4369 2193//4369 2179//4369
f 2207//4370 2215//4370 2221//4370
f 2356//4371 2374//4371 2397//4371
f 2397//4372 2419//4372 2418//4372
f 2419//4373 1695//4373 2418//4373
f 697//4374 821//4374 826//4374
f 816//4375 697//4375 826//4375
f 474//4376 697//4376 816//4376
f 476//4377 1735//4377 456//4377
f 1763//4378 1775//4378 1906//4378
f 651//4379 846//4379 2171//4379
f 2167//4380 2180//4380 2179//4380
f 2125//4381 2167//4381 2179//4381
f 2215//4382 2246//4382 2221//4382
f 2280//4383 2281//4383 2305//4383
f 2374//4384 2405//4384 2397//4384
f 2405//4385 2419//4385 2397//4385
f 2419//4386 470//4386 1695//4386
f 2712//4387 2735//4387 2698//4387
f 2427//4388 829//4388 484//4388
f 828//4389 442//4389 2103//4389
f 828//4390 805//4390 442//4390
f 431//4391 2106//4391 441//4391
f 647//4392 1222//4392 1390//4392
f 2202//4393 2193//4393 2180//4393
f 2202//4394 2207//4394 2193//4394
f 2207//4395 2202//4395 2215//4395
f 2215//4396 2231//4396 2246//4396
f 2281//4397 2280//4397 2246//4397
f 2306//4398 2337//4398 2336//4398
f 2318//4399 2306//4399 2336//4399
f 2336//4400 2337//4400 2356//4400
f 2356//4401 2349//4401 2374//4401
f 2171//4402 1738//4402 1753//4402
f 1724//4403 1166//4403 430//4403
f 2132//4404 2139//4404 1732//4404
f 2173//4405 2242//4405 2329//4405
f 1744//4406 1359//4406 1555//4406
f 2409//4407 2434//4407 2428//4407
f 2281//4408 2306//4408 2305//4408
f 2398//4409 2405//4409 2374//4409
f 2163//4410 1221//4410 1390//4410
f 2286//4411 2296//4411 2301//4411
f 2511//4412 2100//4412 2070//4412
f 163//4413 471//4413 1727//4413
f 2125//4414 2160//4414 2167//4414
f 2185//4415 2180//4415 2167//4415
f 2180//4416 2185//4416 2202//4416
f 2231//4417 2266//4417 2246//4417
f 2266//4418 2281//4418 2246//4418
f 2306//4419 2328//4419 2337//4419
f 2328//4420 2349//4420 2337//4420
f 2337//4421 2349//4421 2356//4421
f 2218//4422 2237//4422 1826//4422
f 2302//4423 2314//4423 2296//4423
f 2308//4424 471//4424 2380//4424
f 2410//4425 2434//4425 2409//4425
f 2202//4426 2208//4426 2215//4426
f 2208//4427 2222//4427 2215//4427
f 2215//4428 2222//4428 2231//4428
f 2432//4429 2419//4429 2405//4429
f 2432//4430 470//4430 2419//4430
f 1300//4431 818//4431 805//4431
f 818//4432 1300//4432 2175//4432
f 2292//4433 1732//4433 827//4433
f 2222//4434 2232//4434 2231//4434
f 2266//4435 2267//4435 2281//4435
f 2349//4436 2328//4436 2357//4436
f 2357//4437 2375//4437 2374//4437
f 2349//4438 2357//4438 2374//4438
f 2398//4439 2420//4439 2405//4439
f 2420//4440 2432//4440 2405//4440
f 2432//4441 1909//4441 470//4441
f 822//4442 2159//4442 821//4442
f 697//4443 822//4443 821//4443
f 2715//4444 2724//4444 2712//4444
f 1785//4445 1759//4445 2055//4445
f 1137//4446 2334//4446 2770//4446
f 2309//4447 2161//4447 1299//4447
f 2231//4448 2251//4448 2266//4448
f 2251//4449 2267//4449 2266//4449
f 2281//4450 2267//4450 2306//4450
f 2307//4451 2328//4451 2306//4451
f 2399//4452 2398//4452 2374//4452
f 634//4453 1909//4453 2432//4453
f 2513//4454 2540//4454 2498//4454
f 2265//4455 2054//4455 2278//4455
f 2302//4456 2296//4456 2272//4456
f 15//4457 817//4457 333//4457
f 2161//4458 1740//4458 1299//4458
f 2185//4459 2203//4459 2202//4459
f 2203//4460 2208//4460 2202//4460
f 2203//4461 2209//4461 2208//4461
f 2208//4462 2209//4462 2222//4462
f 2251//4463 2231//4463 2232//4463
f 2267//4464 2307//4464 2306//4464
f 2398//4465 2399//4465 2420//4465
f 1381//4466 220//4466 2776//4466
f 1726//4467 2175//4467 1300//4467
f 511//4468 1220//4468 690//4468
f 2175//4469 1908//4469 2067//4469
f 2112//4470 833//4470 2308//4470
f 2160//4471 2168//4471 2167//4471
f 2168//4472 2185//4472 2167//4472
f 2282//4473 2307//4473 2267//4473
f 2375//4474 2399//4474 2374//4474
f 2399//4475 2411//4475 2420//4475
f 634//4476 2432//4476 2420//4476
f 163//4477 1727//4477 120//4477
f 2175//4478 1726//4478 1908//4478
f 1940//4479 2126//4479 1934//4479
f 2409//4480 2416//4480 2408//4480
f 332//4481 1944//4481 1746//4481
f 2485//4482 2491//4482 2477//4482
f 2156//4483 2157//4483 2160//4483
f 2160//4484 2157//4484 2168//4484
f 2232//4485 2233//4485 2251//4485
f 2251//4486 2268//4486 2267//4486
f 2268//4487 2282//4487 2267//4487
f 2282//4488 2319//4488 2307//4488
f 2319//4489 2328//4489 2307//4489
f 2328//4490 2319//4490 2357//4490
f 2411//4491 429//4491 2420//4491
f 429//4492 634//4492 2420//4492
f 1601//4493 2431//4493 1839//4493
f 1853//4494 2272//4494 2237//4494
f 2238//4495 1853//4495 2237//4495
f 1853//4496 1888//4496 2272//4496
f 2541//4497 2542//4497 2566//4497
f 1888//4498 2302//4498 2272//4498
f 2168//4499 2194//4499 2185//4499
f 2185//4500 2194//4500 2203//4500
f 2209//4501 2223//4501 2222//4501
f 2222//4502 2223//4502 2232//4502
f 2223//4503 2233//4503 2232//4503
f 2319//4504 2358//4504 2357//4504
f 2357//4505 2358//4505 2375//4505
f 2371//4506 2370//4506 2354//4506
f 2365//4507 2354//4507 2333//4507
f 2395//4508 2386//4508 2370//4508
f 2371//4509 2395//4509 2370//4509
f 2415//4510 2427//4510 1978//4510
f 2112//4511 2308//4511 1742//4511
f 2194//4512 2204//4512 2203//4512
f 2203//4513 2204//4513 2209//4513
f 2233//4514 2252//4514 2251//4514
f 2251//4515 2252//4515 2268//4515
f 2290//4516 2320//4516 2282//4516
f 2282//4517 2320//4517 2319//4517
f 2399//4518 2400//4518 2411//4518
f 2400//4519 2421//4519 2411//4519
f 2421//4520 429//4520 2411//4520
f 833//4521 2101//4521 2308//4521
f 2101//4522 1727//4522 471//4522
f 1705//4523 1760//4523 1716//4523
f 342//4524 378//4524 313//4524
f 2297//4525 332//4525 2292//4525
f 848//4526 428//4526 2164//4526
f 2204//4527 2210//4527 2209//4527
f 2209//4528 2210//4528 2223//4528
f 2268//4529 2290//4529 2282//4529
f 2319//4530 2338//4530 2358//4530
f 2375//4531 2400//4531 2399//4531
f 2066//4532 634//4532 429//4532
f 1555//4533 827//4533 1744//4533
f 827//4534 2142//4534 1744//4534
f 2313//4535 2330//4535 2342//4535
f 431//4536 441//4536 1470//4536
f 2101//4537 471//4537 2308//4537
f 2268//4538 2283//4538 2290//4538
f 2320//4539 2338//4539 2319//4539
f 2339//4540 2382//4540 2375//4540
f 2358//4541 2339//4541 2375//4541
f 2375//4542 2382//4542 2400//4542
f 1169//4543 2459//4543 1179//4543
f 2363//4544 2331//4544 2314//4544
f 2352//4545 2363//4545 2314//4545
f 1299//4546 1740//4546 2303//4546
f 2149//4547 786//4547 427//4547
f 2252//4548 2269//4548 2268//4548
f 2268//4549 2269//4549 2283//4549
f 2338//4550 2339//4550 2358//4550
f 2382//4551 2412//4551 2400//4551
f 2400//4552 2412//4552 2421//4552
f 2423//4553 2104//4553 2421//4553
f 2104//4554 429//4554 2421//4554
f 2322//4555 2314//4555 2302//4555
f 441//4556 806//4556 1470//4556
f 1729//4557 474//4557 1978//4557
f 2363//4558 2369//4558 2331//4558
f 2210//4559 2211//4559 2223//4559
f 2223//4560 2211//4560 2233//4560
f 2339//4561 2376//4561 2382//4561
f 2412//4562 2423//4562 2421//4562
f 1717//4563 1741//4563 454//4563
f 1925//4564 2083//4564 2162//4564
f 2204//4565 2211//4565 2210//4565
f 2252//4566 2253//4566 2269//4566
f 2276//4567 2283//4567 2269//4567
f 2298//4568 2320//4568 2290//4568
f 2320//4569 2321//4569 2338//4569
f 2104//4570 2066//4570 429//4570
f 1729//4571 697//4571 474//4571
f 1767//4572 2177//4572 1265//4572
f 2169//4573 2194//4573 2168//4573
f 2195//4574 2204//4574 2194//4574
f 2195//4575 2211//4575 2204//4575
f 2211//4576 2224//4576 2233//4576
f 2233//4577 2224//4577 2252//4577
f 2253//4578 2276//4578 2269//4578
f 2298//4579 2290//4579 2283//4579
f 2276//4580 2298//4580 2283//4580
f 2321//4581 2320//4581 2298//4581
f 2321//4582 2339//4582 2338//4582
f 2339//4583 2359//4583 2376//4583
f 441//4584 475//4584 806//4584
f 475//4585 1731//4585 806//4585
f 2045//4586 1857//4586 430//4586
f 455//4587 2242//4587 558//4587
f 2558//4588 2596//4588 2549//4588
f 2228//4589 399//4589 2164//4589
f 2317//4590 399//4590 1724//4590
f 2224//4591 2253//4591 2252//4591
f 2339//4592 2321//4592 2359//4592
f 2376//4593 2412//4593 2382//4593
f 2084//4594 1378//4594 1695//4594
f 2639//4595 2638//4595 2596//4595
f 2511//4596 2064//4596 2135//4596
f 1263//4597 2169//4597 2168//4597
f 2253//4598 2261//4598 2276//4598
f 2359//4599 2360//4599 2376//4599
f 2376//4600 2389//4600 2412//4600
f 1299//4601 2303//4601 1972//4601
f 1554//4602 1555//4602 440//4602
f 2614//4603 2639//4603 2596//4603
f 2085//4604 1461//4604 1451//4604
f 1900//4605 1894//4605 2668//4605
f 1549//4606 2722//4606 1550//4606
f 2261//4607 2291//4607 2298//4607
f 2276//4608 2261//4608 2298//4608
f 2298//4609 2291//4609 2321//4609
f 2321//4610 2340//4610 2359//4610
f 2340//4611 2360//4611 2359//4611
f 2360//4612 2389//4612 2376//4612
f 2412//4613 2406//4613 2423//4613
f 2423//4614 2406//4614 2129//4614
f 816//4615 826//4615 122//4615
f 1144//4616 2329//4616 455//4616
f 2107//4617 1906//4617 1775//4617
f 1243//4618 1199//4618 2192//4618
f 2354//4619 2353//4619 2343//4619
f 2172//4620 2329//4620 1144//4620
f 479//4621 2250//4621 336//4621
f 2195//4622 2194//4622 2169//4622
f 2195//4623 2216//4623 2211//4623
f 2211//4624 2216//4624 2224//4624
f 2224//4625 2261//4625 2253//4625
f 2291//4626 2310//4626 2321//4626
f 2310//4627 2340//4627 2321//4627
f 2389//4628 2406//4628 2412//4628
f 2455//4629 2448//4629 2462//4629
f 2174//4630 1551//4630 1723//4630
f 151//4631 171//4631 127//4631
f 821//4632 2159//4632 2149//4632
f 864//4633 863//4633 850//4633
f 2322//4634 2364//4634 2352//4634
f 2364//4635 2363//4635 2352//4635
f 2189//4636 1786//4636 1809//4636
f 2286//4637 2301//4637 2300//4637
f 1668//4638 1682//4638 2099//4638
f 2638//4639 2674//4639 2666//4639
f 2488//4640 2500//4640 2492//4640
f 1038//4641 1158//4641 495//4641
f 2294//4642 2097//4642 1163//4642
f 2099//4643 1682//4643 1752//4643
f 2216//4644 2234//4644 2224//4644
f 2310//4645 2360//4645 2340//4645
f 2406//4646 1734//4646 2129//4646
f 1816//4647 523//4647 1351//4647
f 1826//4648 2249//4648 2255//4648
f 1818//4649 2248//4649 1838//4649
f 1299//4650 1972//4650 680//4650
f 2165//4651 2166//4651 2176//4651
f 832//4652 1163//4652 720//4652
f 2294//4653 1660//4653 2097//4653
f 2169//4654 2196//4654 2195//4654
f 2196//4655 2216//4655 2195//4655
f 2224//4656 2234//4656 2261//4656
f 2261//4657 2270//4657 2291//4657
f 2310//4658 2341//4658 2360//4658
f 1934//4659 2103//4659 442//4659
f 98//4660 11//4660 2173//4660
f 2410//4661 2409//4661 2394//4661
f 2532//4662 2531//4662 2508//4662
f 470//4663 1405//4663 2084//4663
f 1740//4664 2317//4664 2303//4664
f 2386//4665 2410//4665 2394//4665
f 2563//4666 1567//4666 1767//4666
f 2448//4667 2447//4667 2440//4667
f 2674//4668 2699//4668 2666//4668
f 832//4669 720//4669 2163//4669
f 832//4670 2294//4670 1163//4670
f 2197//4671 2216//4671 2196//4671
f 2234//4672 2270//4672 2261//4672
f 2311//4673 2310//4673 2291//4673
f 2341//4674 2389//4674 2360//4674
f 2389//4675 2390//4675 2406//4675
f 333//4676 453//4676 1416//4676
f 1750//4677 2294//4677 832//4677
f 2158//4678 1925//4678 2162//4678
f 2197//4679 2235//4679 2216//4679
f 2235//4680 2234//4680 2216//4680
f 2299//4681 2291//4681 2270//4681
f 2310//4682 2311//4682 2341//4682
f 2311//4683 2350//4683 2341//4683
f 2350//4684 2361//4684 2341//4684
f 2390//4685 2389//4685 2341//4685
f 2407//4686 2406//4686 2390//4686
f 2034//4687 2019//4687 411//4687
f 333//4688 651//4688 453//4688
f 1507//4689 1472//4689 2072//4689
f 1588//4690 1767//4690 1567//4690
f 2701//4691 2686//4691 2691//4691
f 2126//4692 2105//4692 1934//4692
f 1461//4693 2085//4693 1660//4693
f 2162//4694 2181//4694 2169//4694
f 2181//4695 2197//4695 2196//4695
f 2169//4696 2181//4696 2196//4696
f 2217//4697 2235//4697 2197//4697
f 2234//4698 2271//4698 2270//4698
f 2299//4699 2311//4699 2291//4699
f 2138//4700 1488//4700 1323//4700
f 2386//4701 2429//4701 2410//4701
f 558//4702 119//4702 455//4702
f 1893//4703 2315//4703 1888//4703
f 2658//4704 2670//4704 1572//4704
f 1572//4705 1560//4705 2658//4705
f 1750//4706 1873//4706 2294//4706
f 2294//4707 1873//4707 1660//4707
f 846//4708 1716//4708 2191//4708
f 2235//4709 2271//4709 2234//4709
f 2271//4710 2299//4710 2270//4710
f 2361//4711 2390//4711 2341//4711
f 2406//4712 2407//4712 1734//4712
f 1734//4713 2093//4713 2090//4713
f 2410//4714 2429//4714 874//4714
f 1360//4715 1918//4715 1233//4715
f 2159//4716 2161//4716 2309//4716
f 2172//4717 1144//4717 1724//4717
f 1770//4718 1780//4718 1592//4718
f 2440//4719 2447//4719 2439//4719
f 1949//4720 2378//4720 1927//4720
f 2361//4721 2407//4721 2390//4721
f 1263//4722 2168//4722 2157//4722
f 1837//4723 1847//4723 2226//4723
f 822//4724 2161//4724 2159//4724
f 2292//4725 2187//4725 1732//4725
f 1623//4726 1804//4726 2199//4726
f 2188//4727 832//4727 2184//4727
f 2188//4728 1750//4728 832//4728
f 2299//4729 2350//4729 2311//4729
f 2407//4730 2361//4730 2413//4730
f 2413//4731 2424//4731 2407//4731
f 2407//4732 2424//4732 1734//4732
f 2010//4733 1990//4733 1975//4733
f 907//4734 875//4734 2170//4734
f 1862//4735 1893//4735 1888//4735
f 2309//4736 1299//4736 680//4736
f 1396//4737 1921//4737 1911//4737
f 558//4738 2242//4738 1394//4738
f 1705//4739 1716//4739 651//4739
f 2061//4740 1733//4740 1233//4740
f 2462//4741 2472//4741 2467//4741
f 1174//4742 2188//4742 2184//4742
f 2443//4743 1763//4743 1906//4743
f 2228//4744 2172//4744 1724//4744
f 2181//4745 2217//4745 2197//4745
f 2350//4746 2367//4746 2361//4746
f 2159//4747 2309//4747 680//4747
f 2172//4748 2228//4748 2170//4748
f 2670//4749 1573//4749 1770//4749
f 2472//4750 2478//4750 2467//4750
f 2188//4751 2213//4751 1750//4751
f 1770//4752 1572//4752 2670//4752
f 2225//4753 2235//4753 2217//4753
f 1874//4754 2271//4754 2235//4754
f 2271//4755 1933//4755 2299//4755
f 1997//4756 2006//4756 2019//4756
f 2379//4757 2403//4757 2378//4757
f 413//4758 848//4758 823//4758
f 2070//4759 2040//4759 2118//4759
f 2475//4760 2493//4760 2458//4760
f 2324//4761 1174//4761 2783//4761
f 738//4762 2188//4762 1174//4762
f 2213//4763 1873//4763 1750//4763
f 1896//4764 2271//4764 1874//4764
f 1896//4765 1933//4765 2271//4765
f 1933//4766 1953//4766 2299//4766
f 1953//4767 2350//4767 2299//4767
f 431//4768 2115//4768 2106//4768
f 1195//4769 808//4769 804//4769
f 720//4770 1182//4770 1211//4770
f 130//4771 552//4771 10//4771
f 2429//4772 876//4772 874//4772
f 1592//4773 1572//4773 1770//4773
f 2780//4774 2324//4774 2783//4774
f 738//4775 2213//4775 2188//4775
f 2181//4776 2205//4776 2217//4776
f 2205//4777 2226//4777 2225//4777
f 2217//4778 2205//4778 2225//4778
f 2225//4779 1874//4779 2235//4779
f 1953//4780 2367//4780 2350//4780
f 2391//4781 2361//4781 2367//4781
f 2391//4782 2392//4782 2361//4782
f 2392//4783 2413//4783 2361//4783
f 2413//4784 2425//4784 2424//4784
f 876//4785 875//4785 907//4785
f 2536//4786 1175//4786 1196//4786
f 2133//4787 1682//4787 1668//4787
f 484//4788 413//4788 1729//4788
f 1787//4789 2088//4789 1497//4789
f 2162//4790 1352//4790 2181//4790
f 2186//4791 2205//4791 2181//4791
f 1342//4792 818//4792 1604//4792
f 2425//4793 539//4793 2424//4793
f 2424//4794 539//4794 2124//4794
f 1552//4795 1682//4795 2133//4795
f 1351//4796 523//4796 1330//4796
f 1873//4797 2213//4797 1083//4797
f 2226//4798 1859//4798 2225//4798
f 1980//4799 2367//4799 1953//4799
f 2413//4800 2392//4800 2425//4800
f 122//4801 826//4801 1901//4801
f 719//4802 53//4802 1652//4802
f 1487//4803 1475//4803 440//4803
f 1552//4804 2212//4804 1682//4804
f 2629//4805 2655//4805 2618//4805
f 2696//4806 2678//4806 2655//4806
f 2560//4807 2599//4807 2590//4807
f 2567//4808 2560//4808 2590//4808
f 2641//4809 2627//4809 2617//4809
f 2450//4810 2463//4810 2456//4810
f 2448//4811 2456//4811 2462//4811
f 2577//4812 2616//4812 2610//4812
f 2551//4813 2577//4813 2610//4813
f 2626//4814 2653//4814 2585//4814
f 2510//4815 2509//4815 2178//4815
f 2182//4816 2510//4816 2178//4816
f 2663//4817 2747//4817 1355//4817
f 838//4818 2748//4818 2749//4818
f 2597//4819 2614//4819 2558//4819
f 2566//4820 2586//4820 2559//4820
f 2731//4821 2739//4821 2742//4821
f 1569//4822 1556//4822 1557//4822
f 2544//4823 2567//4823 2554//4823
f 2642//4824 2618//4824 2662//4824
f 2523//4825 2524//4825 2532//4825
f 2506//4826 2559//4826 2514//4826
f 76//4827 865//4827 77//4827
f 1747//4828 1351//4828 1739//4828
f 2629//4829 2618//4829 2599//4829
f 2679//4830 2696//4830 2655//4830
f 2599//4831 2598//4831 2590//4831
f 2516//4832 2517//4832 2533//4832
f 2599//4833 2618//4833 2598//4833
f 2517//4834 2516//4834 2501//4834
f 1739//4835 2769//4835 1722//4835
f 2705//4836 2714//4836 2696//4836
f 1196//4837 2569//4837 2536//4837
f 2509//4838 2501//4838 2178//4838
f 2509//4839 2517//4839 2501//4839
f 2544//4840 2554//4840 2543//4840
f 2534//4841 2544//4841 2543//4841
f 2706//4842 2592//4842 2778//4842
f 2592//4843 1172//4843 1625//4843
f 2459//4844 2458//4844 2442//4844
f 2706//4845 2778//4845 2766//4845
f 2706//4846 1172//4846 2592//4846
f 1776//4847 1756//4847 1757//4847
f 2631//4848 1172//4848 2706//4848
f 2345//4849 2767//4849 807//4849
f 1172//4850 2631//4850 1946//4850
f 2544//4851 2560//4851 2567//4851
f 2458//4852 2493//4852 2489//4852
f 2450//4853 2456//4853 2449//4853
f 2679//4854 2705//4854 2696//4854
f 2705//4855 834//4855 2714//4855
f 2696//4856 2704//4856 2695//4856
f 2678//4857 2696//4857 2695//4857
f 2178//4858 2501//4858 1177//4858
f 2617//4859 2627//4859 2616//4859
f 2534//4860 2517//4860 2509//4860
f 2524//4861 2523//4861 2493//4861
f 2675//4862 2713//4862 2653//4862
f 2552//4863 2587//4863 2577//4863
f 2618//4864 2642//4864 2622//4864
f 2741//4865 2262//4865 1354//4865
f 2618//4866 2622//4866 2598//4866
f 2642//4867 2662//4867 2654//4867
f 2626//4868 2675//4868 2653//4868
f 2617//4869 2616//4869 2577//4869
f 2640//4870 2675//4870 2626//4870
f 2462//4871 2456//4871 2472//4871
f 55//4872 522//4872 1326//4872
f 2451//4873 2450//4873 2155//4873
f 2731//4874 2718//4874 2703//4874
f 2531//4875 2553//4875 2552//4875
f 2661//4876 2676//4876 2640//4876
f 2731//4877 2742//4877 2718//4877
f 2492//4878 2487//4878 2479//4878
f 2712//4879 2698//4879 2673//4879
f 2742//4880 2750//4880 2718//4880
f 2510//4881 2534//4881 2509//4881
f 2591//4882 2599//4882 2560//4882
f 2623//4883 2649//4883 181//4883
f 2550//4884 2597//4884 2558//4884
f 889//4885 969//4885 945//4885
f 1295//4886 24//4886 2273//4886
f 2566//4887 2610//4887 2586//4887
f 2704//4888 2714//4888 2719//4888
f 1946//4889 2631//4889 1810//4889
f 840//4890 2742//4890 2739//4890
f 2750//4891 2749//4891 2718//4891
f 2718//4892 2738//4892 2702//4892
f 2577//4893 2551//4893 2552//4893
f 2662//4894 2678//4894 2677//4894
f 2686//4895 2700//4895 2674//4895
f 2746//4896 1564//4896 1579//4896
f 1305//4897 1247//4897 2250//4897
f 569//4898 336//4898 2250//4898
f 22//4899 52//4899 179//4899
f 2526//4900 2545//4900 2534//4900
f 2555//4901 2544//4901 2534//4901
f 2545//4902 2555//4902 2534//4902
f 2555//4903 2560//4903 2544//4903
f 2622//4904 2642//4904 2628//4904
f 2456//4905 2463//4905 2468//4905
f 2678//4906 2695//4906 2677//4906
f 2555//4907 2591//4907 2560//4907
f 2716//4908 2747//4908 2736//4908
f 2629//4909 2679//4909 2655//4909
f 2501//4910 2516//4910 2495//4910
f 2687//4911 2705//4911 2679//4911
f 1882//4912 2592//4912 1625//4912
f 2653//4913 2667//4913 2615//4913
f 353//4914 25//4914 352//4914
f 2250//4915 1326//4915 569//4915
f 2542//4916 2551//4916 2566//4916
f 1354//4917 2262//4917 1566//4917
f 2601//4918 2579//4918 2569//4918
f 2559//4919 2530//4919 2514//4919
f 2550//4920 2558//4920 2513//4920
f 1326//4921 2656//4921 569//4921
f 569//4922 2656//4922 154//4922
f 1718//4923 373//4923 2669//4923
f 2488//4924 2489//4924 2500//4924
f 2677//4925 2703//4925 2693//4925
f 2489//4926 2507//4926 2500//4926
f 2663//4927 1580//4927 1564//4927
f 2526//4928 2534//4928 2510//4928
f 2250//4929 1247//4929 1326//4929
f 2628//4930 2642//4930 2648//4930
f 2716//4931 2736//4931 2715//4931
f 2469//4932 2474//4932 2488//4932
f 2492//4933 2506//4933 2487//4933
f 2494//4934 2493//4934 2475//4934
f 2587//4935 2552//4935 2553//4935
f 2344//4936 2380//4936 2756//4936
f 2642//4937 2654//4937 2648//4937
f 2492//4938 2500//4938 2522//4938
f 2704//4939 2719//4939 2694//4939
f 2694//4940 2719//4940 2732//4940
f 2522//4941 2559//4941 2506//4941
f 2506//4942 2514//4942 2487//4942
f 1326//4943 522//4943 2656//4943
f 2656//4944 2236//4944 2273//4944
f 356//4945 1718//4945 2669//4945
f 2676//4946 2675//4946 2640//4946
f 2501//4947 2495//4947 1168//4947
f 2641//4948 2640//4948 2627//4948
f 2514//4949 2505//4949 2486//4949
f 2514//4950 2530//4950 2505//4950
f 522//4951 2236//4951 2656//4951
f 2273//4952 1294//4952 1295//4952
f 1076//4953 801//4953 577//4953
f 2579//4954 2623//4954 2600//4954
f 2469//4955 2479//4955 2468//4955
f 2456//4956 2468//4956 2473//4956
f 2487//4957 2486//4957 2473//4957
f 2579//4958 2600//4958 2568//4958
f 2236//4959 1294//4959 2273//4959
f 1711//4960 1295//4960 1294//4960
f 2468//4961 2479//4961 2473//4961
f 2640//4962 2626//4962 2610//4962
f 815//4963 485//4963 502//4963
f 2653//4964 2615//4964 2585//4964
f 2464//4965 2474//4965 2469//4965
f 2473//4966 2486//4966 2478//4966
f 2236//4967 1266//4967 1294//4967
f 1237//4968 1013//4968 1711//4968
f 2621//4969 2651//4969 2597//4969
f 2464//4970 2458//4970 2474//4970
f 2493//4971 2508//4971 2489//4971
f 2479//4972 2487//4972 2473//4972
f 2694//4973 2703//4973 2677//4973
f 2546//4974 2568//4974 2561//4974
f 1304//4975 311//4975 1506//4975
f 2505//4976 2530//4976 2499//4976
f 2505//4977 2499//4977 2485//4977
f 2569//4978 2579//4978 2536//4978
f 522//4979 2351//4979 2236//4979
f 1294//4980 1237//4980 1711//4980
f 1013//4981 1662//4981 1711//4981
f 2546//4982 2579//4982 2568//4982
f 2747//4983 2663//4983 2736//4983
f 1123//4984 1942//4984 1943//4984
f 1176//4985 2510//4985 1185//4985
f 2262//4986 838//4986 837//4986
f 2441//4987 2448//4987 2440//4987
f 2701//4988 2700//4988 2686//4988
f 2686//4989 2674//4989 2639//4989
f 2456//4990 2448//4990 2449//4990
f 1266//4991 1237//4991 1294//4991
f 1485//4992 294//4992 273//4992
f 2611//4993 2648//4993 2617//4993
f 2717//4994 2738//4994 2730//4994
f 2456//4995 2473//4995 2472//4995
f 1176//4996 2526//4996 2510//4996
f 838//4997 2262//4997 2748//4997
f 1561//4998 1548//4998 1549//4998
f 1297//4999 2747//4999 2737//4999
f 609//5000 549//5000 1577//5000
f 2667//5001 2728//5001 2691//5001
f 2730//5002 2741//5002 2737//5002
f 2449//5003 2448//5003 2441//5003
f 2615//5004 2652//5004 2621//5004
f 1237//5005 2562//5005 1013//5005
f 2262//5006 837//5006 1566//5006
f 2630//5007 222//5007 872//5007
f 55//5008 1654//5008 1693//5008
f 1928//5009 2751//5009 1943//5009
f 1325//5010 1332//5010 906//5010
f 2748//5011 2262//5011 2741//5011
f 970//5012 522//5012 55//5012
f 1693//5013 970//5013 55//5013
f 522//5014 970//5014 2351//5014
f 2351//5015 2603//5015 2236//5015
f 2236//5016 2603//5016 1266//5016
f 1013//5017 1736//5017 1622//5017
f 1920//5018 473//5018 1325//5018
f 1574//5019 1550//5019 1563//5019
f 2273//5020 154//5020 2656//5020
f 2614//5021 2651//5021 2639//5021
f 365//5022 1372//5022 1819//5022
f 2351//5023 970//5023 2603//5023
f 1013//5024 2562//5024 1736//5024
f 2499//5025 2491//5025 2485//5025
f 1175//5026 2536//5026 2527//5026
f 1919//5027 2707//5027 1935//5027
f 2705//5028 843//5028 834//5028
f 1943//5029 2751//5029 1123//5029
f 1123//5030 2751//5030 500//5030
f 1270//5031 1986//5031 1332//5031
f 2729//5032 2728//5032 2667//5032
f 2749//5033 2750//5033 838//5033
f 970//5034 1377//5034 2603//5034
f 1266//5035 2346//5035 1237//5035
f 1237//5036 2346//5036 2562//5036
f 2562//5037 1663//5037 1736//5037
f 2651//5038 2614//5038 2597//5038
f 2612//5039 2591//5039 2555//5039
f 2612//5040 2599//5040 2591//5040
f 2716//5041 2715//5041 2699//5041
f 2608//5042 2620//5042 2607//5042
f 1935//5043 2707//5043 1928//5043
f 1985//5044 1970//5044 906//5044
f 1123//5045 500//5045 1959//5045
f 1325//5046 473//5046 1332//5046
f 1270//5047 1094//5047 1986//5047
f 2728//497 2727//497 2691//497
f 2657//5048 1377//5048 970//5048
f 847//5049 1266//5049 2603//5049
f 847//5050 2346//5050 1266//5050
f 2346//5051 1129//5051 2562//5051
f 2559//5052 2585//5052 2530//5052
f 2612//5053 2629//5053 2599//5053
f 2612//5054 1171//5054 2629//5054
f 1171//5055 2679//5055 2629//5055
f 2704//5056 2694//5056 2695//5056
f 1569//5057 1557//5057 1558//5057
f 2751//5058 1005//5058 500//5058
f 2620//5059 2647//5059 2607//5059
f 2243//5060 1276//5060 1260//5060
f 2741//5061 1354//5061 2737//5061
f 2623//5062 2630//5062 2600//5062
f 770//5063 970//5063 1693//5063
f 770//5064 2657//5064 970//5064
f 847//5065 2603//5065 1377//5065
f 1171//5066 2687//5066 2679//5066
f 2697//5067 2707//5067 1919//5067
f 500//5068 1005//5068 1920//5068
f 1270//5069 1599//5069 1094//5069
f 2610//5070 2626//5070 2586//5070
f 559//5071 1129//5071 2346//5071
f 2687//5072 1171//5072 857//5072
f 2707//5073 2697//5073 1928//5073
f 2740//5074 1005//5074 2751//5074
f 1005//5075 1143//5075 1920//5075
f 1920//5076 1143//5076 473//5076
f 473//5077 1279//5077 1332//5077
f 1279//5078 1270//5078 1332//5078
f 1576//5079 1599//5079 1270//5079
f 2474//5080 2458//5080 2489//5080
f 88//5081 1129//5081 559//5081
f 1920//5082 1960//5082 500//5082
f 2648//5083 2654//5083 2661//5083
f 2566//5084 2551//5084 2610//5084
f 1581//5085 1355//5085 1582//5085
f 1786//5086 2199//5086 1804//5086
f 2697//5087 2740//5087 1928//5087
f 2740//5088 2743//5088 1005//5088
f 795//5089 810//5089 809//5089
f 2667//5090 2652//5090 2615//5090
f 2657//5091 2239//5091 1377//5091
f 1380//5092 847//5092 1377//5092
f 2366//5093 2346//5093 847//5093
f 2346//5094 2366//5094 559//5094
f 2507//5095 2508//5095 2542//5095
f 1928//5096 2740//5096 2751//5096
f 2697//5097 2720//5097 2740//5097
f 1005//5098 1315//5098 1143//5098
f 1143//5099 1715//5099 473//5099
f 1279//5100 1576//5100 1270//5100
f 2505//5101 2485//5101 2486//5101
f 2493//5102 2523//5102 2508//5102
f 1169//5103 2458//5103 2459//5103
f 2714//5104 2704//5104 2696//5104
f 587//5105 88//5105 96//5105
f 2239//5106 1380//5106 1377//5106
f 1380//5107 2366//5107 847//5107
f 2366//5108 2387//5108 559//5108
f 559//5109 2387//5109 88//5109
f 366//5110 662//5110 26//5110
f 2703//5111 2718//5111 2702//5111
f 2598//5112 2588//5112 2589//5112
f 1910//5113 2680//5113 1919//5113
f 1919//5114 2680//5114 2697//5114
f 2720//5115 2743//5115 2740//5115
f 2743//5116 1315//5116 1005//5116
f 1143//5117 2633//5117 1715//5117
f 473//5118 1715//5118 1279//5118
f 2239//5119 771//5119 809//5119
f 1557//5120 1556//5120 2570//5120
f 2787//5121 1103//5121 1381//5121
f 1571//5122 1570//5122 1558//5122
f 2598//5123 2622//5123 2588//5123
f 2602//5124 2601//5124 2569//5124
f 2750//5125 2742//5125 839//5125
f 2316//5126 2680//5126 1910//5126
f 2634//5127 1559//5127 2605//5127
f 2633//5128 1143//5128 1315//5128
f 1715//5129 2645//5129 1279//5129
f 1863//5130 2668//5130 1894//5130
f 2525//5131 2524//5131 2493//5131
f 1380//5132 2387//5132 2366//5132
f 1265//5133 2556//5133 2563//5133
f 2563//5134 2580//5134 1567//5134
f 1689//5135 1843//5135 1674//5135
f 2680//5136 2681//5136 2697//5136
f 2681//5137 2688//5137 2697//5137
f 2697//5138 2688//5138 2720//5138
f 2633//5139 1219//5139 1715//5139
f 1297//5140 109//5140 2747//5140
f 2494//5141 2525//5141 2493//5141
f 2578//5142 2587//5142 2553//5142
f 809//5143 1380//5143 2239//5143
f 2632//5144 2387//5144 1380//5144
f 2387//5145 2632//5145 88//5145
f 2545//5146 2561//5146 2555//5146
f 1265//5147 2166//5147 2556//5147
f 2556//5148 2570//5148 2563//5148
f 2563//5149 2570//5149 2580//5149
f 2580//5150 2570//5150 1556//5150
f 840//5151 2739//5151 2732//5151
f 1843//5152 1689//5152 1871//5152
f 2316//5153 2681//5153 2680//5153
f 2720//5154 2721//5154 2743//5154
f 2743//5155 2721//5155 1315//5155
f 1596//5156 1576//5156 1279//5156
f 2645//5157 1596//5157 1279//5157
f 2632//5158 242//5158 88//5158
f 2537//5159 2556//5159 2166//5159
f 1581//5160 1580//5160 2663//5160
f 1093//5161 1219//5161 1315//5161
f 1315//5162 1219//5162 2633//5162
f 1219//5163 1302//5163 1715//5163
f 1715//5164 1302//5164 2645//5164
f 2621//5165 2597//5165 2576//5165
f 1181//5166 1171//5166 2612//5166
f 945//5167 1380//5167 809//5167
f 945//5168 2632//5168 1380//5168
f 945//5169 975//5169 2632//5169
f 2165//5170 2537//5170 2166//5170
f 2764//5171 1811//5171 2785//5171
f 2316//5172 2668//5172 2681//5172
f 2721//5173 1093//5173 1315//5173
f 2644//5174 1596//5174 2645//5174
f 2530//5175 2576//5175 2499//5175
f 1568//5176 1556//5176 1569//5176
f 889//5177 945//5177 809//5177
f 2632//5178 975//5178 242//5178
f 2536//5179 2546//5179 2527//5179
f 1355//5180 109//5180 1582//5180
f 2587//5181 2617//5181 2577//5181
f 2502//5182 2135//5182 2042//5182
f 2564//5183 2570//5183 2556//5183
f 2604//5184 1557//5184 2570//5184
f 1330//5185 523//5185 1420//5185
f 2687//5186 65//5186 2705//5186
f 2316//5187 1900//5187 2668//5187
f 2668//5188 2688//5188 2681//5188
f 2688//5189 2708//5189 2720//5189
f 2708//5190 2721//5190 2720//5190
f 2721//5191 2744//5191 1093//5191
f 2450//5192 2457//5192 2463//5192
f 2451//5193 2457//5193 2450//5193
f 2586//5194 2585//5194 2559//5194
f 780//5195 793//5195 813//5195
f 2692//5196 2729//5196 2667//5196
f 2496//5197 2502//5197 2042//5197
f 2055//5198 2496//5198 2042//5198
f 2100//5199 2537//5199 2165//5199
f 2564//5200 2556//5200 2537//5200
f 1557//5201 2604//5201 1558//5201
f 2668//5202 2689//5202 2688//5202
f 2689//5203 2708//5203 2688//5203
f 2644//5204 2645//5204 1302//5204
f 2719//5205 90//5205 89//5205
f 2464//5206 2469//5206 2457//5206
f 923//5207 2623//5207 2601//5207
f 2639//5208 2674//5208 2638//5208
f 2564//5209 2604//5209 2570//5209
f 1548//5210 2670//5210 2658//5210
f 2744//5211 1587//5211 1093//5211
f 1587//5212 1077//5212 1093//5212
f 1093//5213 1077//5213 1219//5213
f 2766//5214 2778//5214 2769//5214
f 1581//5215 2663//5215 1355//5215
f 1547//5216 2145//5216 1429//5216
f 2588//5217 2611//5217 2587//5217
f 2600//5218 2555//5218 2561//5218
f 2528//5219 2537//5219 2100//5219
f 2605//5220 2604//5220 2564//5220
f 2600//5221 2612//5221 2555//5221
f 2644//5222 609//5222 1596//5222
f 1869//5223 1731//5223 1293//5223
f 2736//5224 2663//5224 1564//5224
f 2442//5225 2451//5225 2155//5225
f 2518//5226 2528//5226 2100//5226
f 2511//5227 2518//5227 2100//5227
f 2528//5228 2564//5228 2537//5228
f 2780//5229 2783//5229 2753//5229
f 2668//5230 1889//5230 2689//5230
f 1302//5231 1397//5231 2644//5231
f 2644//5232 527//5232 609//5232
f 2693//5233 2703//5233 2702//5233
f 2571//5234 2605//5234 2564//5234
f 2605//5235 1558//5235 2604//5235
f 2655//5236 2678//5236 2618//5236
f 2708//5237 2709//5237 2721//5237
f 2721//5238 2709//5238 2744//5238
f 1077//5239 1159//5239 1219//5239
f 1219//5240 1159//5240 1302//5240
f 2644//5241 2355//5241 527//5241
f 527//5242 549//5242 609//5242
f 2473//5243 2478//5243 2472//5243
f 2486//5244 2485//5244 2478//5244
f 2135//5245 2518//5245 2511//5245
f 2571//5246 2564//5246 2528//5246
f 1215//5247 2602//5247 2569//5247
f 1159//5248 1397//5248 1302//5248
f 1558//5249 1559//5249 1571//5249
f 2488//5250 2492//5250 2479//5250
f 2177//5251 2166//5251 1265//5251
f 923//5252 2649//5252 2623//5252
f 1890//5253 2709//5253 2708//5253
f 2689//5254 1890//5254 2708//5254
f 2709//5255 1587//5255 2744//5255
f 1397//5256 1236//5256 2644//5256
f 2644//5257 1236//5257 2355//5257
f 2516//5258 2515//5258 2495//5258
f 2581//5259 2571//5259 2528//5259
f 2177//5260 2176//5260 2166//5260
f 355//5261 356//5261 1587//5261
f 356//5262 1077//5262 1587//5262
f 2503//5263 2135//5263 2502//5263
f 2503//5264 2518//5264 2135//5264
f 2538//5265 2528//5265 2518//5265
f 2538//5266 2572//5266 2528//5266
f 2634//5267 2605//5267 2571//5267
f 1663//5268 2562//5268 1129//5268
f 355//5269 1587//5269 2709//5269
f 2669//5270 1077//5270 356//5270
f 2669//5271 1159//5271 1077//5271
f 2506//5272 2492//5272 2522//5272
f 2600//5273 2630//5273 2612//5273
f 2503//5274 2502//5274 2496//5274
f 2503//5275 2538//5275 2518//5275
f 2572//5276 2581//5276 2528//5276
f 1434//5277 1429//5277 2145//5277
f 2669//5278 724//5278 1159//5278
f 724//5279 1397//5279 1159//5279
f 2495//5280 2494//5280 2475//5280
f 2158//5281 1263//5281 2440//5281
f 1326//5282 1247//5282 9//5282
f 2635//5283 2634//5283 2571//5283
f 2634//5284 2658//5284 1560//5284
f 1561//5285 2670//5285 1548//5285
f 1690//5286 1370//5286 1295//5286
f 2627//5287 2640//5287 2616//5287
f 1481//5288 918//5288 1305//5288
f 724//5289 1236//5289 1397//5289
f 2323//5290 2316//5290 1910//5290
f 2585//5291 2615//5291 2576//5291
f 2652//5292 2691//5292 2651//5292
f 2487//5293 2514//5293 2486//5293
f 2443//5294 2453//5294 1755//5294
f 1755//5295 2453//5295 1756//5295
f 1756//5296 2453//5296 1757//5296
f 1757//5297 2453//5297 1758//5297
f 2581//5298 2635//5298 2571//5298
f 2635//5299 2658//5299 2634//5299
f 984//5300 2784//5300 1039//5300
f 2710//5301 2722//5301 1549//5301
f 1548//5302 2710//5302 1549//5302
f 1236//5303 2664//5303 2355//5303
f 2522//5304 2541//5304 2559//5304
f 2490//5305 1758//5305 2453//5305
f 2490//5306 2496//5306 1758//5306
f 2547//5307 2538//5307 2503//5307
f 2690//5308 1548//5308 2658//5308
f 2690//5309 2710//5309 1548//5309
f 2508//5310 2551//5310 2542//5310
f 1722//5311 2778//5311 2592//5311
f 2664//5312 1418//5312 2355//5312
f 2576//5313 2550//5313 2499//5313
f 2652//5314 2651//5314 2621//5314
f 2531//5315 2552//5315 2508//5315
f 2444//5316 2443//5316 1257//5316
f 2444//5317 2453//5317 2443//5317
f 2519//5318 2547//5318 2503//5318
f 2565//5319 2572//5319 2538//5319
f 2671//5320 2658//5320 2635//5320
f 1559//5321 2634//5321 1560//5321
f 2541//5322 2566//5322 2559//5322
f 2454//5323 2453//5323 2444//5323
f 2490//5324 2519//5324 2496//5324
f 2519//5325 2503//5325 2496//5325
f 2565//5326 2538//5326 2547//5326
f 2671//5327 2690//5327 2658//5327
f 2722//5328 2710//5328 2745//5328
f 2747//5329 109//5329 1355//5329
f 373//5330 724//5330 2669//5330
f 724//5331 2257//5331 1236//5331
f 1236//5332 2257//5332 2664//5332
f 2618//5333 2678//5333 2662//5333
f 2436//5334 2444//5334 1257//5334
f 2480//5335 2490//5335 2453//5335
f 2520//5336 2519//5336 2490//5336
f 2613//5337 2581//5337 2572//5337
f 2613//5338 2635//5338 2581//5338
f 1324//5339 1364//5339 510//5339
f 2517//5340 2534//5340 2543//5340
f 2454//5341 2480//5341 2453//5341
f 2480//5342 2520//5342 2490//5342
f 2606//5343 2572//5343 2565//5343
f 2606//5344 2613//5344 2572//5344
f 2636//5345 2635//5345 2613//5345
f 2624//5346 2636//5346 2613//5346
f 2650//5347 2635//5347 2636//5347
f 2733//5348 2710//5348 2690//5348
f 2733//5349 2745//5349 2710//5349
f 2733//5350 510//5350 1364//5350
f 2745//5351 2733//5351 1364//5351
f 400//5352 724//5352 373//5352
f 2664//5353 815//5353 1418//5353
f 2705//5354 65//5354 843//5354
f 1690//5355 1711//5355 1662//5355
f 2576//5356 2597//5356 2550//5356
f 2557//5357 2547//5357 2519//5357
f 2582//5358 2565//5358 2547//5358
f 2582//5359 2606//5359 2565//5359
f 2650//5360 2671//5360 2635//5360
f 2671//5361 2733//5361 2690//5361
f 2558//5362 2614//5362 2596//5362
f 724//5363 400//5363 2257//5363
f 2257//5364 815//5364 2664//5364
f 1176//5365 2527//5365 2526//5365
f 2445//5366 2444//5366 2436//5366
f 2445//5367 2454//5367 2444//5367
f 2481//5368 2480//5368 2454//5368
f 2646//5369 2636//5369 2624//5369
f 2682//5370 2671//5370 2650//5370
f 2723//5371 2733//5371 2671//5371
f 2546//5372 2545//5372 2526//5372
f 400//5373 121//5373 2257//5373
f 889//5374 809//5374 810//5374
f 2643//5375 2623//5375 181//5375
f 2546//5376 2561//5376 2545//5376
f 2718//5377 2749//5377 2738//5377
f 2445//5378 2481//5378 2454//5378
f 2481//5379 2504//5379 2480//5379
f 2504//5380 2520//5380 2480//5380
f 2583//5381 2582//5381 2547//5381
f 2583//5382 2606//5382 2582//5382
f 2646//5383 2659//5383 2650//5383
f 2636//5384 2646//5384 2650//5384
f 1563//5385 1364//5385 1324//5385
f 121//5386 1427//5386 815//5386
f 2257//5387 121//5387 815//5387
f 1172//5388 1356//5388 1625//5388
f 2731//5389 2732//5389 2739//5389
f 872//5390 2612//5390 2630//5390
f 872//5391 1181//5391 2612//5391
f 2465//5392 2481//5392 2445//5392
f 2465//5393 2482//5393 2481//5393
f 2482//5394 2497//5394 2481//5394
f 2497//5395 2504//5395 2481//5395
f 2535//5396 2519//5396 2520//5396
f 2659//5397 2682//5397 2650//5397
f 2682//5398 2723//5398 2671//5398
f 2463//5399 2469//5399 2468//5399
f 2619//5400 2601//5400 2602//5400
f 967//5401 223//5401 993//5401
f 2437//5402 2445//5402 2436//5402
f 2512//5403 2504//5403 2497//5403
f 2548//5404 2519//5404 2535//5404
f 2548//5405 2557//5405 2519//5405
f 2573//5406 2547//5406 2557//5406
f 2547//5407 2573//5407 2583//5407
f 1324//5408 510//5408 2733//5408
f 2723//5409 1324//5409 2733//5409
f 1427//5410 485//5410 815//5410
f 2615//5411 2621//5411 2576//5411
f 2732//5412 2731//5412 2694//5412
f 1878//5413 1890//5413 2689//5413
f 2438//5414 2445//5414 2437//5414
f 2470//5415 2482//5415 2465//5415
f 2548//5416 2573//5416 2557//5416
f 2573//5417 2593//5417 2583//5417
f 2659//5418 2711//5418 2682//5418
f 2711//5419 2723//5419 2682//5419
f 2451//5420 2464//5420 2457//5420
f 2588//5421 2587//5421 2578//5421
f 2476//5422 2458//5422 1169//5422
f 1735//5423 121//5423 1719//5423
f 1735//5424 1427//5424 121//5424
f 2586//5425 2626//5425 2585//5425
f 2661//5426 2640//5426 2641//5426
f 2460//5427 2470//5427 2465//5427
f 2470//5428 2497//5428 2482//5428
f 2672//5429 2659//5429 2646//5429
f 2476//5430 2475//5430 2458//5430
f 1550//5431 1364//5431 1563//5431
f 1735//5432 476//5432 1427//5432
f 2653//5433 2692//5433 2667//5433
f 2695//5434 2694//5434 2677//5434
f 2623//5435 2643//5435 2630//5435
f 2452//5436 2445//5436 2438//5436
f 2460//5437 2465//5437 2445//5437
f 2452//5438 2460//5438 2445//5438
f 2460//5439 2471//5439 2470//5439
f 2470//5440 2521//5440 2497//5440
f 2521//5441 2512//5441 2497//5441
f 2539//5442 2548//5442 2535//5442
f 2683//5443 2659//5443 2672//5443
f 2711//5444 2734//5444 2723//5444
f 2458//5445 2464//5445 2451//5445
f 2622//5446 2628//5446 2611//5446
f 2527//5447 2546//5447 2526//5447
f 2483//5448 2470//5448 2471//5448
f 2574//5449 2573//5449 2548//5449
f 2573//5450 2594//5450 2593//5450
f 2683//5451 2711//5451 2659//5451
f 2734//5452 1324//5452 2723//5452
f 2628//5453 2648//5453 2611//5453
f 2155//5454 2450//5454 2441//5454
f 2653//5455 2713//5455 2692//5455
f 2458//5456 2451//5456 2442//5456
f 2568//5457 2600//5457 2561//5457
f 2460//5458 2461//5458 2471//5458
f 2498//5459 2521//5459 2470//5459
f 2574//5460 2548//5460 2539//5460
f 2573//5461 2574//5461 2594//5461
f 850//5462 1324//5462 2734//5462
f 850//5463 863//5463 1324//5463
f 1168//5464 2495//5464 2476//5464
f 2588//5465 2622//5465 2611//5465
f 2749//5466 2748//5466 2741//5466
f 1323//5467 2054//5467 2265//5467
f 2446//5468 2452//5468 2438//5468
f 2446//5469 2460//5469 2452//5469
f 2498//5470 2470//5470 2483//5470
f 2734//5471 2711//5471 2683//5471
f 1755//5472 1756//5472 1764//5472
f 1181//5473 872//5473 922//5473
f 2489//5474 2508//5474 2507//5474
f 2648//5475 2641//5475 2617//5475
f 2738//5476 2749//5476 2741//5476
f 2450//5477 2449//5477 2441//5477
f 2446//5478 2438//5478 2439//5478
f 2461//5479 2466//5479 2471//5479
f 2498//5480 2529//5480 2521//5480
f 2684//5481 2683//5481 2672//5481
f 2684//5482 2698//5482 2683//5482
f 2698//5483 2734//5483 2683//5483
f 1958//5484 1123//5484 1964//5484
f 2446//5485 2461//5485 2460//5485
f 2466//5486 2477//5486 2471//5486
f 2477//5487 2483//5487 2471//5487
f 836//5488 850//5488 2734//5488
f 2601//5489 2623//5489 2579//5489
f 2589//5490 2588//5490 2578//5490
f 2585//5491 2576//5491 2530//5491
f 2738//5492 2741//5492 2730//5492
f 2484//5493 2483//5493 2477//5493
f 2484//5494 2498//5494 2483//5494
f 2584//5495 2594//5495 2574//5495
f 2584//5496 2607//5496 2594//5496
f 2673//5497 2672//5497 2665//5497
f 2673//5498 2684//5498 2672//5498
f 2735//5499 2734//5499 2698//5499
f 2735//5500 836//5500 2734//5500
f 2691//5501 2686//5501 2651//5501
f 2447//5502 2446//5502 2439//5502
f 2446//5503 2455//5503 2461//5503
f 2461//5504 2455//5504 2466//5504
f 2584//5505 2574//5505 2539//5505
f 2552//5506 2551//5506 2508//5506
f 2499//5507 2550//5507 2513//5507
f 2536//5508 2579//5508 2546//5508
f 2584//5509 2608//5509 2607//5509
f 2673//5510 2698//5510 2684//5510
f 852//5511 836//5511 2735//5511
f 1562//5512 1549//5512 1550//5512
f 2727//5513 2729//5513 2726//5513
f 2515//5514 2516//5514 2533//5514
f 2533//5515 2517//5515 2543//5515
f 2533//5516 2543//5516 2554//5516
f 2533//5517 2554//5517 2567//5517
f 2567//5518 2590//5518 2598//5518
f 2533//5519 2567//5519 2598//5519
f 2589//5520 2578//5520 2553//5520
f 2598//5521 2589//5521 2553//5521
f 2533//5522 2598//5522 2553//5522
f 2553//5523 2531//5523 2532//5523
f 2553//5524 2532//5524 2524//5524
f 2553//5525 2524//5525 2525//5525
f 2533//5526 2553//5526 2525//5526
f 2515//5527 2533//5527 2525//5527
f 1706//5528 347//5528 355//5528
f 1706//5529 355//5529 2709//5529
f 1706//5530 2709//5530 1890//5530
f 2596//5531 2625//5531 2595//5531
f 2549//5532 2596//5532 2595//5532
f 2575//5533 2539//5533 2535//5533
f 2535//5534 2520//5534 2504//5534
f 2535//5535 2504//5535 2512//5535
f 2535//5536 2512//5536 2521//5536
f 2575//5537 2535//5537 2521//5537
f 2595//5538 2575//5538 2521//5538
f 2595//5539 2521//5539 2529//5539
f 2549//5540 2595//5540 2529//5540
f 2727//5541 2728//5541 2729//5541
f 2675//5542 2676//5542 2661//5542
f 2654//5543 2662//5543 2677//5543
f 2661//5544 2654//5544 2677//5544
f 2675//5545 2661//5545 2677//5545
f 2713//5546 2675//5546 2677//5546
f 2692//5547 2713//5547 2677//5547
f 2729//5548 2692//5548 2677//5548
f 2677//5549 2693//5549 2702//5549
f 2717//5550 2730//5550 2737//5550
f 2702//5551 2717//5551 2737//5551
f 2677//5552 2702//5552 2737//5552
f 2729//5553 2677//5553 2737//5553
f 2737//5554 2716//5554 2699//5554
f 2699//5555 2674//5555 2700//5555
f 2700//5556 2701//5556 2725//5556
f 2699//5557 2700//5557 2725//5557
f 2737//5558 2699//5558 2725//5558
f 2729//5559 2737//5559 2725//5559
f 2725//5560 2701//5560 2726//5560
f 2729//5561 2725//5561 2726//5561
f 2665//5562 2672//5562 2646//5562
f 2624//5563 2613//5563 2606//5563
f 2646//5564 2624//5564 2606//5564
f 2665//5565 2646//5565 2606//5565
f 2606//5566 2583//5566 2593//5566
f 2593//5567 2594//5567 2607//5567
f 2606//5568 2593//5568 2607//5568
f 2665//5569 2606//5569 2607//5569
f 2665//5570 2607//5570 2647//5570
